export	frontend/src/anteprima/analisiDati.ts:58	function fetchLiveSettled
export	frontend/src/anteprima/analisiDati.ts:71	function fetchLivePositionsAll
export	frontend/src/anteprima/analisiDati.ts:173	function fetchLiveJournal
export	frontend/src/anteprima/analisiDati.ts:230	function fetchReplayList
export	frontend/src/anteprima/analisiDati.ts:409	function fetchReplayChunked
export	frontend/src/anteprima/analyticsFinto.ts:66	function fetchAnalyticsFilters
export	frontend/src/anteprima/analyticsFinto.ts:85	function fetchAnalytics
export	frontend/src/anteprima/analyticsFinto.ts:110	function fetchAnalyticsRows
export	frontend/src/anteprima/analyticsFinto.ts:129	function fetchDecisionsFilters
export	frontend/src/anteprima/analyticsFinto.ts:142	function fetchDecisions
export	frontend/src/anteprima/betfairFinto.ts:36	function fetchBetfairFixtures
export	frontend/src/anteprima/betfairFinto.ts:81	function fetchBetfairOrders
export	frontend/src/anteprima/controlRoomFinto.ts:690	function useControlRoom
export	frontend/src/anteprima/giornataBot.ts:22	const ORA_MS
export	frontend/src/anteprima/giornataBot.ts:24	const OGGI
export	frontend/src/anteprima/giornataBot.ts:26	const fa
export	frontend/src/anteprima/giornataBot.ts:28	const alle
export	frontend/src/anteprima/giornataBot.ts:30	const nulla
export	frontend/src/anteprima/giornataBot.ts:34	const EV
export	frontend/src/anteprima/giornataBot.ts:43	const KO
export	frontend/src/anteprima/giornataBot.ts:71	const SCAN_INTER
export	frontend/src/anteprima/giornataBot.ts:106	const SCAN_BETIS
export	frontend/src/anteprima/giornataBot.ts:134	const SCAN_SASSUOLO
export	frontend/src/anteprima/giornataBot.ts:169	const SCAN_BOLOGNA
export	frontend/src/anteprima/giornataBot.ts:170	const SCAN_BRENTFORD
export	frontend/src/anteprima/giornataBot.ts:171	const SCAN_LENS
export	frontend/src/anteprima/giornataBot.ts:173	const SCAN_SINNER
export	frontend/src/anteprima/giornataBot.ts:185	const SCAN_SWIATEK
export	frontend/src/anteprima/giornataBot.ts:198	const RIGHE_SCAN
export	frontend/src/anteprima/giornataBot.ts:210	const STATO_SCANNER
export	frontend/src/anteprima/liveFeedFinto.ts:25	function fetchLiveFollows
export	frontend/src/anteprima/liveFeedFinto.ts:29	function subscribeLiveFollowEvent
export	frontend/src/anteprima/liveFeedFinto.ts:35	function fetchLiveNow
export	frontend/src/anteprima/liveFeedFinto.ts:39	function subscribeLiveNow
export	frontend/src/anteprima/liveFeedFinto.ts:43	function fetchLiveSignals
export	frontend/src/anteprima/liveFeedFinto.ts:49	function subscribeLiveSignals
export	frontend/src/anteprima/liveFeedFinto.ts:53	function fetchLiveLadder
export	frontend/src/anteprima/liveFeedFinto.ts:57	function subscribeLiveLadder
export	frontend/src/anteprima/liveFeedFinto.ts:61	function fetchLiveAlerts
export	frontend/src/anteprima/liveFeedFinto.ts:65	function subscribeLiveAlerts
export	frontend/src/anteprima/liveOrdersFinto.ts:63	function getLiveSettings
export	frontend/src/anteprima/liveOrdersFinto.ts:67	function fetchLiveAccount
export	frontend/src/anteprima/liveOrdersFinto.ts:71	function subscribeLiveAccount
export	frontend/src/anteprima/liveOrdersFinto.ts:77	function fetchLiveHeartbeat
export	frontend/src/anteprima/liveOrdersFinto.ts:81	function subscribeLiveHeartbeat
export	frontend/src/anteprima/liveOrdersFinto.ts:86	function fetchLiveRiskState
export	frontend/src/anteprima/liveOrdersFinto.ts:90	function subscribeLiveRiskState
export	frontend/src/anteprima/liveOrdersFinto.ts:100	function fetchLiveOrders
export	frontend/src/anteprima/liveOrdersFinto.ts:104	function fetchLivePositions
export	frontend/src/anteprima/liveOrdersFinto.ts:108	function fetchLivePositionsEvent
export	frontend/src/anteprima/liveOrdersFinto.ts:112	function fetchXhedge
export	frontend/src/anteprima/liveOrdersFinto.ts:116	function fetchLiveAudit
export	frontend/src/anteprima/mikeFinto.ts:318	function useMike
export	frontend/src/anteprima/multiLadderFinto.ts:26	function loadSlots
export	frontend/src/anteprima/omegaFinto.ts:139	function fetchOmegaState
export	frontend/src/anteprima/omegaFinto.ts:155	function fetchOmegaTrades
export	frontend/src/anteprima/omegaFinto.ts:159	function subscribeOmega
export	frontend/src/anteprima/omegaFinto.ts:163	function fetchOmegaEventiChiusi
export	frontend/src/anteprima/omegaFinto.ts:189	function fetchOmegaEvents
export	frontend/src/anteprima/omegaFinto.ts:193	function fetchManualRequests
export	frontend/src/anteprima/omegaFinto.ts:202	function fetchOmegaMarket
export	frontend/src/anteprima/omegaMissioniFinto.ts:84	function fetchMissions
export	frontend/src/anteprima/omegaMissioniFinto.ts:91	function subscribeOmegaMissions
export	frontend/src/anteprima/personalReportFinto.ts:258	function getPersonalReport
export	frontend/src/anteprima/personalReportFinto.ts:275	function getPersonalTrades
export	frontend/src/anteprima/personalReportFinto.ts:284	function getCashMovements
export	frontend/src/anteprima/runnerFinto.ts:18	function fetchRunnerState
export	frontend/src/anteprima/safeBotFinto.ts:224	function useSafeBot
export	frontend/src/anteprima/safeRadarFinto.ts:95	function useSafeStrategy
export	frontend/src/anteprima/scalperFinto.ts:18	function fetchScalperState
export	frontend/src/anteprima/scanFinto.ts:22	function fetchScanRows
export	frontend/src/anteprima/scanFinto.ts:26	function fetchScanStatus
export	frontend/src/anteprima/seguiLiveDati.ts:28	const ORA_MS
export	frontend/src/anteprima/seguiLiveDati.ts:36	const MS_DB
export	frontend/src/anteprima/seguiLiveDati.ts:37	const MS_CANALE
export	frontend/src/anteprima/seguiLiveDati.ts:41	const EV
export	frontend/src/anteprima/seguiLiveDati.ts:43	const MK
export	frontend/src/anteprima/seguiLiveDati.ts:49	const SEL
export	frontend/src/anteprima/seguiLiveDati.ts:58	const FOLLOWS
export	frontend/src/anteprima/seguiLiveDati.ts:153	function liveNowDi
export	frontend/src/anteprima/seguiLiveDati.ts:242	function ladderDi
export	frontend/src/anteprima/seguiLiveDati.ts:255	const MERCATI_CON_LADDER
export	frontend/src/anteprima/seguiLiveDati.ts:270	const SEGNALI_INTER
export	frontend/src/anteprima/seguiLiveDati.ts:287	const SEGNALI_BETIS
export	frontend/src/anteprima/seguiLiveDati.ts:303	const AVVISI
export	frontend/src/anteprima/seguiLiveDati.ts:327	const ORDINI
export	frontend/src/anteprima/seguiLiveDati.ts:355	const POSIZIONI
export	frontend/src/anteprima/seguiLiveDati.ts:400	const XHEDGE
export	frontend/src/anteprima/seguiLiveDati.ts:404	const AUDIT
export	frontend/src/anteprima/seguiLiveDati.ts:426	function scalperDi
export	frontend/src/anteprima/storicoFinto.ts:200	function fetchMikeDaily
export	frontend/src/anteprima/storicoFinto.ts:204	function fetchMikeDayTrades
export	frontend/src/anteprima/storicoFinto.ts:210	function fetchSafeDaily
export	frontend/src/anteprima/storicoFinto.ts:216	function fetchSafeDayTrades
export	frontend/src/anteprima/storicoFinto.ts:224	function fetchOmegaDaily
export	frontend/src/anteprima/storicoFinto.ts:228	function fetchOmegaDayTrades
export	frontend/src/anteprima/storicoFinto.ts:232	function fetchOmegaDailyPerModo
export	frontend/src/anteprima/storicoFinto.ts:236	function fetchOmegaDayTradesPerModo
export	frontend/src/anteprima/tennisDati.ts:31	const ORA_MS
export	frontend/src/anteprima/tennisDati.ts:35	const MS_DB
export	frontend/src/anteprima/tennisDati.ts:121	const EV
export	frontend/src/anteprima/tennisDati.ts:144	const OGGI
export	frontend/src/anteprima/tennisDati.ts:238	function fixturesDel
export	frontend/src/anteprima/tennisDati.ts:345	function liveNowDi
export	frontend/src/anteprima/tennisDati.ts:363	const FOLLOWS
export	frontend/src/anteprima/tennisDati.ts:419	function ladderDi
export	frontend/src/anteprima/tennisDati.ts:430	function storiaLadder
export	frontend/src/anteprima/tennisDati.ts:496	function ordiniDi
export	frontend/src/anteprima/tennisDati.ts:503	function posizioniDi
export	frontend/src/anteprima/tennisDati.ts:525	const N_PASSI
export	frontend/src/anteprima/tennisDati.ts:533	function botsAlPasso
storage	frontend/src/anteprima/tennisFinto.ts:48	localStorage getItem 'tennis.favorites'
storage	frontend/src/anteprima/tennisFinto.ts:49	localStorage setItem 'tennis.favorites'
export	frontend/src/anteprima/tennisFinto.ts:55	function fetchTennisFixtures
export	frontend/src/anteprima/tennisFinto.ts:59	function subscribeTennisMarkets
export	frontend/src/anteprima/tennisFinto.ts:65	function fetchTennisFollows
export	frontend/src/anteprima/tennisFinto.ts:69	function followTennisEvent
export	frontend/src/anteprima/tennisFinto.ts:73	function setTennisFollowRecord
export	frontend/src/anteprima/tennisFinto.ts:79	function fetchTennisNow
export	frontend/src/anteprima/tennisFinto.ts:83	function subscribeTennisNow
export	frontend/src/anteprima/tennisFinto.ts:89	function fetchTennisLadder
export	frontend/src/anteprima/tennisFinto.ts:93	function subscribeTennisLadder
export	frontend/src/anteprima/tennisFinto.ts:102	function fetchTennisOrders
export	frontend/src/anteprima/tennisFinto.ts:106	function fetchTennisPositions
export	frontend/src/anteprima/tennisFinto.ts:110	function subscribeTennisOrders
export	frontend/src/anteprima/tennisFinto.ts:117	function subscribeTennisPositions
export	frontend/src/anteprima/tennisFinto.ts:129	function fetchTennisBotsState
export	frontend/src/anteprima/tennisFinto.ts:135	function subscribeTennisBots
export	frontend/src/anteprima/tennisFinto.ts:144	function armTennisBot
export	frontend/src/anteprima/tennisFinto.ts:151	function disarmTennisBot
export	frontend/src/anteprima/watchlistFinto.ts:18	const FX
export	frontend/src/anteprima/watchlistFinto.ts:129	function getWatchlist
export	frontend/src/certification/realClient.ts:60	const CERT_RUN
export	frontend/src/certification/realClient.ts:73	const CERT_ENV_PATH
export	frontend/src/certification/realClient.ts:74	const CERT_SUPABASE_URL
export	frontend/src/certification/realClient.ts:80	const writeAttempts
export	frontend/src/certification/realClient.ts:142	const supabase
export	frontend/src/certification/realClient.ts:145	function assertOwner
export	frontend/src/certification/realClient.ts:152	function probeRpc
export	frontend/src/certification/report.ts:8	type Severity
export	frontend/src/certification/report.ts:10	interface CheckRow
export	frontend/src/certification/report.ts:17	interface Finding
export	frontend/src/certification/report.ts:25	class Report
export	frontend/src/certification/report.ts:102	function text
export	frontend/src/certification/sessB/clientB.ts:40	const CERT_RUN
export	frontend/src/certification/sessB/clientB.ts:44	const blocked
export	frontend/src/certification/sessB/clientB.ts:45	const log
export	frontend/src/certification/sessB/clientB.ts:100	const supabase
export	frontend/src/certification/sessB/util.tsx:9	function App
export	frontend/src/certification/sessB/util_base.tsx:4	const OUT
export	frontend/src/certification/sessB/util_base.tsx:9	function visibleText
input	frontend/src/certification/sessB/util_base.tsx:22	select
input	frontend/src/certification/sessB/util_base.tsx:27	input
export	frontend/src/certification/sessB/util_base.tsx:43	const sleep
export	frontend/src/certification/sessB/util_base.tsx:45	function save
export	frontend/src/certification/sessB/util_base.tsx:51	const wsSends
export	frontend/src/certification/sessB/util_base.tsx:52	function guardWebSocket
export	frontend/src/certification/setup.cert.ts:12	interface ConsoleCapture
export	frontend/src/certification/setup.cert.ts:18	const consoleCapture
export	frontend/src/components/BetfairMediaButtons.tsx:23	interface BetfairMediaAvailability
export	frontend/src/components/BetfairMediaButtons.tsx:39	function BetfairMediaButtons
button	frontend/src/components/BetfairMediaButtons.tsx:75	button
button	frontend/src/components/BetfairMediaButtons.tsx:85	button
export	frontend/src/components/ProtectedRoute.tsx:10	function ProtectedRoute
export	frontend/src/components/controlroom/AzioniPartita.tsx:33	interface AzioniPartitaProps
export	frontend/src/components/controlroom/AzioniPartita.tsx:56	function AzioniPartita
testid	frontend/src/components/controlroom/AzioniPartita.tsx:153	cr-azioni
button	frontend/src/components/controlroom/AzioniPartita.tsx:158	Button
testid	frontend/src/components/controlroom/AzioniPartita.tsx:162	cr-statistiche
button	frontend/src/components/controlroom/AzioniPartita.tsx:170	Button
testid	frontend/src/components/controlroom/AzioniPartita.tsx:174	cr-trading
button	frontend/src/components/controlroom/AzioniPartita.tsx:179	Button
testid	frontend/src/components/controlroom/AzioniPartita.tsx:184	cr-segui-live
testid	frontend/src/components/controlroom/AzioniPartita.tsx:210	cr-rec-senza-registratore
testid	frontend/src/components/controlroom/AzioniPartita.tsx:217	cr-azioni-errore
export	frontend/src/components/controlroom/AzioniPartita.tsx:228	function dividiNomi
export	frontend/src/components/controlroom/BottoneChiudiRiga.tsx:29	const SCADENZA_CONFERMA_MS
export	frontend/src/components/controlroom/BottoneChiudiRiga.tsx:42	interface ChiusuraRigaApi
export	frontend/src/components/controlroom/BottoneChiudiRiga.tsx:58	const ChiusuraRigaContext
export	frontend/src/components/controlroom/BottoneChiudiRiga.tsx:76	function BottoneChiudiRiga
testid	frontend/src/components/controlroom/BottoneChiudiRiga.tsx:145	${testId}-box
button	frontend/src/components/controlroom/BottoneChiudiRiga.tsx:148	button
testid	frontend/src/components/controlroom/BottoneChiudiRiga.tsx:152	${testId}-conferma
testid	frontend/src/components/controlroom/BottoneChiudiRiga.tsx:157	${testId}-armato
button	frontend/src/components/controlroom/BottoneChiudiRiga.tsx:161	button
testid	frontend/src/components/controlroom/BottoneChiudiRiga.tsx:162	${testId}-annulla
button	frontend/src/components/controlroom/BottoneChiudiRiga.tsx:166	button
testid	frontend/src/components/controlroom/BottoneChiudiRiga.tsx:172	testId
testid	frontend/src/components/controlroom/BottoneChiudiRiga.tsx:183	${testId}-esito
testid	frontend/src/components/controlroom/BottoneChiudiRiga.tsx:190	${testId}-ordine
export	frontend/src/components/controlroom/CashOutGlobale.tsx:35	const SCADENZA_ARMATURA_MS
export	frontend/src/components/controlroom/CashOutGlobale.tsx:50	interface ValoreBotCashOut
export	frontend/src/components/controlroom/CashOutGlobale.tsx:64	interface CashOutGlobaleProps
export	frontend/src/components/controlroom/CashOutGlobale.tsx:94	interface OperazionePerChiusura
export	frontend/src/components/controlroom/CashOutGlobale.tsx:108	interface ComandoChiusura
export	frontend/src/components/controlroom/CashOutGlobale.tsx:115	interface PianoChiusura
export	frontend/src/components/controlroom/CashOutGlobale.tsx:141	function pianoChiusuraPartita
export	frontend/src/components/controlroom/CashOutGlobale.tsx:177	function testoPiano
testid	frontend/src/components/controlroom/CashOutGlobale.tsx:230	testId
testid	frontend/src/components/controlroom/CashOutGlobale.tsx:231	${testId}-piano
testid	frontend/src/components/controlroom/CashOutGlobale.tsx:235	${testId}-conferma
button	frontend/src/components/controlroom/CashOutGlobale.tsx:235	button
testid	frontend/src/components/controlroom/CashOutGlobale.tsx:245	${testId}-armato
button	frontend/src/components/controlroom/CashOutGlobale.tsx:248	button
testid	frontend/src/components/controlroom/CashOutGlobale.tsx:249	${testId}-annulla
testid	frontend/src/components/controlroom/CashOutGlobale.tsx:253	${testId}-avvia
button	frontend/src/components/controlroom/CashOutGlobale.tsx:253	button
testid	frontend/src/components/controlroom/CashOutGlobale.tsx:262	${testId}-bloccato
testid	frontend/src/components/controlroom/CashOutGlobale.tsx:271	${testId}-esito
testid	frontend/src/components/controlroom/CashOutGlobale.tsx:309	testId
testid	frontend/src/components/controlroom/CashOutGlobale.tsx:315	${testId}-chiudo
testid	frontend/src/components/controlroom/CashOutGlobale.tsx:316	${testId}-pnl
testid	frontend/src/components/controlroom/CashOutGlobale.tsx:325	${testId}-liquidita
testid	frontend/src/components/controlroom/CashOutGlobale.tsx:344	testId
testid	frontend/src/components/controlroom/CashOutGlobale.tsx:353	${testId}-netto
testid	frontend/src/components/controlroom/CashOutGlobale.tsx:358	${testId}-commissione
testid	frontend/src/components/controlroom/CashOutGlobale.tsx:374	${testId}-caso-migliore
testid	frontend/src/components/controlroom/CashOutGlobale.tsx:380	${testId}-non-calcolabile
testid	frontend/src/components/controlroom/CashOutGlobale.tsx:388	${testId}-solo-bot
testid	frontend/src/components/controlroom/CashOutGlobale.tsx:396	${testId}-avviso
testid	frontend/src/components/controlroom/CashOutGlobale.tsx:404	${testId}-bot-${v.bot}
testid	frontend/src/components/controlroom/CashOutGlobale.tsx:407	${testId}-bot-${v.bot}-netto
testid	frontend/src/components/controlroom/CashOutGlobale.tsx:413	${testId}-bot-${v.bot}-differenza
export	frontend/src/components/controlroom/CashOutGlobale.tsx:430	function CashOutGlobale
testid	frontend/src/components/controlroom/CashOutGlobale.tsx:433	testId
testid	frontend/src/components/controlroom/CashOutGlobale.tsx:443	testId
testid	frontend/src/components/controlroom/CashOutGlobale.tsx:447	${testId}-live-vuoto
export	frontend/src/components/controlroom/CashOutGlobale.tsx:465	function CashOutGlobalePartita
export	frontend/src/components/controlroom/CashOutPartita.tsx:44	interface CashOutPartitaProps
export	frontend/src/components/controlroom/CashOutPartita.tsx:65	function CashOutPartita
testid	frontend/src/components/controlroom/CashOutPartita.tsx:120	cr-cashout-partita
testid	frontend/src/components/controlroom/CashOutPartita.tsx:125	cr-badge-chiusa-da-te
button	frontend/src/components/controlroom/CashOutPartita.tsx:140	Button
testid	frontend/src/components/controlroom/CashOutPartita.tsx:144	cr-cashout-partita-conferma
button	frontend/src/components/controlroom/CashOutPartita.tsx:149	Button
testid	frontend/src/components/controlroom/CashOutPartita.tsx:156	cr-cashout-partita-avvia
testid	frontend/src/components/controlroom/CashOutPartita.tsx:167	cr-cashout-partita-armato
button	frontend/src/components/controlroom/CashOutPartita.tsx:172	button
testid	frontend/src/components/controlroom/CashOutPartita.tsx:173	cr-cashout-partita-annulla
button	frontend/src/components/controlroom/CashOutPartita.tsx:178	Button
testid	frontend/src/components/controlroom/CashOutPartita.tsx:182	cr-riprendi-partita
testid	frontend/src/components/controlroom/CashOutPartita.tsx:193	cr-cashout-partita-bloccato
testid	frontend/src/components/controlroom/CashOutPartita.tsx:199	cr-cashout-partita-errore
export	frontend/src/components/controlroom/DettaglioRigaView.tsx:29	function BadgeStato
testid	frontend/src/components/controlroom/DettaglioRigaView.tsx:33	testId
export	frontend/src/components/controlroom/DettaglioRigaView.tsx:40	function Ingresso
testid	frontend/src/components/controlroom/DettaglioRigaView.tsx:43	testId
export	frontend/src/components/controlroom/DettaglioRigaView.tsx:55	function QuotaOra
testid	frontend/src/components/controlroom/DettaglioRigaView.tsx:57	testId
testid	frontend/src/components/controlroom/DettaglioRigaView.tsx:64	${testId}-tick
export	frontend/src/components/controlroom/DettaglioRigaView.tsx:87	function PnlVivo
testid	frontend/src/components/controlroom/DettaglioRigaView.tsx:90	testId
testid	frontend/src/components/controlroom/DettaglioRigaView.tsx:96	testId
export	frontend/src/components/controlroom/DettaglioRigaView.tsx:107	function Copertura
testid	frontend/src/components/controlroom/DettaglioRigaView.tsx:111	testId
export	frontend/src/components/controlroom/DettaglioRigaView.tsx:123	function Greenup
testid	frontend/src/components/controlroom/DettaglioRigaView.tsx:127	testId
export	frontend/src/components/controlroom/DettaglioRigaView.tsx:134	function ModelloP
testid	frontend/src/components/controlroom/DettaglioRigaView.tsx:137	testId
testid	frontend/src/components/controlroom/DettaglioRigaView.tsx:144	${testId}-margine
export	frontend/src/components/controlroom/DettaglioRigaView.tsx:154	function Uscita
testid	frontend/src/components/controlroom/DettaglioRigaView.tsx:158	testId
testid	frontend/src/components/controlroom/DettaglioRigaView.tsx:208	${testId}-riga
export	frontend/src/components/controlroom/DettaglioRigaView.tsx:231	function Chiusure
testid	frontend/src/components/controlroom/DettaglioRigaView.tsx:240	testId
testid	frontend/src/components/controlroom/DettaglioRigaView.tsx:252	${testId}-gruppo
testid	frontend/src/components/controlroom/DettaglioRigaView.tsx:308	cr-riga-chiusa-da-te
export	frontend/src/components/controlroom/DettaglioRigaView.tsx:324	function RigaOperazione
testid	frontend/src/components/controlroom/DettaglioRigaView.tsx:342	${testId}-riga
testid	frontend/src/components/controlroom/DettaglioRigaView.tsx:373	${testId}-liability
testid	frontend/src/components/controlroom/DettaglioRigaView.tsx:384	${testId}-chiudo-ora
testid	frontend/src/components/controlroom/DettaglioRigaView.tsx:392	${testId}-chiudo-ora-prezzo
testid	frontend/src/components/controlroom/DettaglioRigaView.tsx:396	${testId}-chiudo-ora-pnl
testid	frontend/src/components/controlroom/DettaglioRigaView.tsx:403	${testId}-chiudo-ora-fonte
testid	frontend/src/components/controlroom/DettaglioRigaView.tsx:446	${testId}-sessione
testid	frontend/src/components/controlroom/DettaglioRigaView.tsx:452	${testId}-dettaglio
export	frontend/src/components/controlroom/EsitoAbbinamentoStriscia.tsx:24	function EsitoAbbinamentoStriscia
testid	frontend/src/components/controlroom/EsitoAbbinamentoStriscia.tsx:32	testId
testid	frontend/src/components/controlroom/EsitoAbbinamentoStriscia.tsx:43	${testId}-paper
testid	frontend/src/components/controlroom/EsitoAbbinamentoStriscia.tsx:51	${testId}-testo
testid	frontend/src/components/controlroom/EsitoAbbinamentoStriscia.tsx:52	${testId}-prezzi
testid	frontend/src/components/controlroom/EsitoAbbinamentoStriscia.tsx:57	${testId}-fonte
testid	frontend/src/components/controlroom/EsitoAbbinamentoStriscia.tsx:62	${testId}-modo
export	frontend/src/components/controlroom/EsitoAbbinamentoStriscia.tsx:71	interface RigaOrdineCashOut
export	frontend/src/components/controlroom/EsitoAbbinamentoStriscia.tsx:90	function righeOrdiniCashOut
export	frontend/src/components/controlroom/EsitoAbbinamentoStriscia.tsx:120	function EsitoOrdiniCashOut
testid	frontend/src/components/controlroom/EsitoAbbinamentoStriscia.tsx:126	testId
testid	frontend/src/components/controlroom/EsitoAbbinamentoStriscia.tsx:129	${testId}-lista
testid	frontend/src/components/controlroom/EsitoAbbinamentoStriscia.tsx:131	${testId}-riga
export	frontend/src/components/controlroom/EsitoChiusuraMike.tsx:27	function EsitoChiusuraMike
testid	frontend/src/components/controlroom/EsitoChiusuraMike.tsx:48	testId
testid	frontend/src/components/controlroom/EsitoChiusuraMike.tsx:49	${testId}-titolo
testid	frontend/src/components/controlroom/EsitoChiusuraMike.tsx:50	${testId}-motivo
testid	frontend/src/components/controlroom/EsitoChiusuraMike.tsx:52	${testId}-ordini
testid	frontend/src/components/controlroom/EsitoChiusuraMike.tsx:54	${testId}-ordine
testid	frontend/src/components/controlroom/EsitoChiusuraMike.tsx:62	${testId}-dettaglio
export	frontend/src/components/controlroom/FlussoBadge.tsx:19	function FlussoBadge
testid	frontend/src/components/controlroom/FlussoBadge.tsx:29	cr-flusso
testid	frontend/src/components/controlroom/FlussoBadge.tsx:42	cr-flusso
export	frontend/src/components/controlroom/FlussoBadge.tsx:57	function FlussoLineeMikeBadge
testid	frontend/src/components/controlroom/FlussoBadge.tsx:62	cr-flusso-mike
export	frontend/src/components/controlroom/InterruttoreUscite.tsx:26	const ATTESA_CONFERMA_USCITE_MS
export	frontend/src/components/controlroom/InterruttoreUscite.tsx:28	const TESTO_USCITE_MANUALI
export	frontend/src/components/controlroom/InterruttoreUscite.tsx:29	const TESTO_USCITE_AUTOMATICHE
export	frontend/src/components/controlroom/InterruttoreUscite.tsx:32	function testoStatoUscite
export	frontend/src/components/controlroom/InterruttoreUscite.tsx:47	function titoloPassaAManuali
export	frontend/src/components/controlroom/InterruttoreUscite.tsx:53	function titoloConfermaAutomatiche
export	frontend/src/components/controlroom/InterruttoreUscite.tsx:59	interface InterruttoreUsciteProps
export	frontend/src/components/controlroom/InterruttoreUscite.tsx:68	function InterruttoreUscite
testid	frontend/src/components/controlroom/InterruttoreUscite.tsx:86	cr-uscite-${id}
testid	frontend/src/components/controlroom/InterruttoreUscite.tsx:88	cr-uscite-stato-${id}
button	frontend/src/components/controlroom/InterruttoreUscite.tsx:92	Button
testid	frontend/src/components/controlroom/InterruttoreUscite.tsx:96	cr-uscite-cambia-${id}
button	frontend/src/components/controlroom/InterruttoreUscite.tsx:103	Button
testid	frontend/src/components/controlroom/InterruttoreUscite.tsx:107	cr-uscite-conferma-${id}
button	frontend/src/components/controlroom/InterruttoreUscite.tsx:111	Button
testid	frontend/src/components/controlroom/InterruttoreUscite.tsx:115	cr-uscite-annulla-${id}
button	frontend/src/components/controlroom/InterruttoreUscite.tsx:120	Button
testid	frontend/src/components/controlroom/InterruttoreUscite.tsx:124	cr-uscite-cambia-${id}
export	frontend/src/components/controlroom/MarchioSoldi.tsx:8	function MarchioSoldi
testid	frontend/src/components/controlroom/MarchioSoldi.tsx:24	testId ?? 'marchio-soldi'
testid	frontend/src/components/controlroom/MarchioSoldi.tsx:36	marchio-soldi-eta
export	frontend/src/components/controlroom/NomiPartita.tsx:24	interface NomiPartitaProps
export	frontend/src/components/controlroom/NomiPartita.tsx:32	function NomiPartita
testid	frontend/src/components/controlroom/NomiPartita.tsx:37	cr-nomi-partita
testid	frontend/src/components/controlroom/NomiPartita.tsx:66	cr-logo-vuoto
testid	frontend/src/components/controlroom/NomiPartita.tsx:68	cr-nome-squadra
export	frontend/src/components/controlroom/ObiettivoEditor.tsx:18	interface ObiettivoEditorProps
export	frontend/src/components/controlroom/ObiettivoEditor.tsx:29	function ObiettivoEditor
button	frontend/src/components/controlroom/ObiettivoEditor.tsx:61	button
testid	frontend/src/components/controlroom/ObiettivoEditor.tsx:65	${testId}-matita
testid	frontend/src/components/controlroom/ObiettivoEditor.tsx:75	testId
input	frontend/src/components/controlroom/ObiettivoEditor.tsx:77	input
testid	frontend/src/components/controlroom/ObiettivoEditor.tsx:88	${testId}-input
button	frontend/src/components/controlroom/ObiettivoEditor.tsx:92	button
testid	frontend/src/components/controlroom/ObiettivoEditor.tsx:96	${testId}-conferma
button	frontend/src/components/controlroom/ObiettivoEditor.tsx:102	button
testid	frontend/src/components/controlroom/ObiettivoEditor.tsx:106	${testId}-annulla
testid	frontend/src/components/controlroom/ObiettivoEditor.tsx:113	${testId}-errore
testid	frontend/src/components/controlroom/ObiettivoEditor.tsx:118	${testId}-avviso
export	frontend/src/components/controlroom/ObiettivoHero.tsx:26	interface ObiettivoHeroProps
testid	frontend/src/components/controlroom/ObiettivoHero.tsx:75	cr-composizione-${chiave}-aperto
export	frontend/src/components/controlroom/ObiettivoHero.tsx:92	function ObiettivoHero
testid	frontend/src/components/controlroom/ObiettivoHero.tsx:96	testId
testid	frontend/src/components/controlroom/ObiettivoHero.tsx:114	cr-composizione
testid	frontend/src/components/controlroom/ObiettivoHero.tsx:119	cr-composizione-fonte
testid	frontend/src/components/controlroom/ObiettivoHero.tsx:123	cr-composizione-fonte
testid	frontend/src/components/controlroom/ObiettivoHero.tsx:133	cr-composizione-${r.chiave}
testid	frontend/src/components/controlroom/ObiettivoHero.tsx:141	cr-composizione-${r.chiave}-stimato
testid	frontend/src/components/controlroom/ObiettivoHero.tsx:165	cr-composizione-${c.chiave}-chiusure-a-mano
testid	frontend/src/components/controlroom/ObiettivoHero.tsx:175	cr-manuale-sito-assente
testid	frontend/src/components/controlroom/ObiettivoHero.tsx:185	cr-composizione-prova
testid	frontend/src/components/controlroom/ObiettivoHero.tsx:210	cr-composizione-prova
testid	frontend/src/components/controlroom/ObiettivoHero.tsx:236	cr-prova-${v.chiave}
testid	frontend/src/components/controlroom/ObiettivoHero.tsx:237	cr-prova-${v.chiave}-oggi
testid	frontend/src/components/controlroom/ObiettivoHero.tsx:243	cr-prova-${v.chiave}-arretrati
export	frontend/src/components/controlroom/ObiettivoVoci.tsx:20	const PREZZI_VECCHI_S
export	frontend/src/components/controlroom/ObiettivoVoci.tsx:22	function apertoNode
testid	frontend/src/components/controlroom/ObiettivoVoci.tsx:29	cr-giornata-aperto
testid	frontend/src/components/controlroom/ObiettivoVoci.tsx:33	cr-giornata-aperto-valore
testid	frontend/src/components/controlroom/ObiettivoVoci.tsx:35	cr-giornata-aperto-valore
testid	frontend/src/components/controlroom/ObiettivoVoci.tsx:39	cr-giornata-aperto-prezzi-vecchi
testid	frontend/src/components/controlroom/ObiettivoVoci.tsx:46	cr-giornata-aperto-non-calcolabili
export	frontend/src/components/controlroom/ObiettivoVoci.tsx:54	function rischioNode
testid	frontend/src/components/controlroom/ObiettivoVoci.tsx:57	cr-giornata-rischio
testid	frontend/src/components/controlroom/ObiettivoVoci.tsx:61	cr-giornata-rischio-valore
testid	frontend/src/components/controlroom/ObiettivoVoci.tsx:63	cr-giornata-rischio-valore
export	frontend/src/components/controlroom/OpportunitaColonna.tsx:23	interface OpportunitaColonnaProps
export	frontend/src/components/controlroom/OpportunitaColonna.tsx:48	function OpportunitaColonna
testid	frontend/src/components/controlroom/OpportunitaColonna.tsx:55	testId
testid	frontend/src/components/controlroom/OpportunitaColonna.tsx:58	cr-opportunita-contatore
testid	frontend/src/components/controlroom/OpportunitaColonna.tsx:66	cr-opportunita-avviso
testid	frontend/src/components/controlroom/OpportunitaColonna.tsx:90	cr-opportunita-esito
testid	frontend/src/components/controlroom/OpportunitaColonna.tsx:97	cr-opportunita-non-filtrata
testid	frontend/src/components/controlroom/OpportunitaColonna.tsx:103	cr-opportunita-scroll
testid	frontend/src/components/controlroom/OpportunitaColonna.tsx:116	cr-opportunita-gruppo
export	frontend/src/components/controlroom/OrdiniContoPartita.tsx:19	const OrdiniContoContext
export	frontend/src/components/controlroom/OrdiniContoPartita.tsx:21	function OrdiniContoPartita
testid	frontend/src/components/controlroom/OrdiniContoPartita.tsx:32	cr-ordini-conto-non-letti
testid	frontend/src/components/controlroom/OrdiniContoPartita.tsx:43	cr-ordini-conto
testid	frontend/src/components/controlroom/OrdiniContoPartita.tsx:47	cr-ordine-conto
testid	frontend/src/components/controlroom/OrdiniContoPartita.tsx:63	cr-ordini-conto-letto
testid	frontend/src/components/controlroom/OrdiniContoPartita.tsx:70	cr-ordini-conto-avviso
storage	frontend/src/components/controlroom/PannelloBot.tsx:132	localStorage getItem CHIAVE_APERTO_LS
storage	frontend/src/components/controlroom/PannelloBot.tsx:144	localStorage setItem CHIAVE_APERTO_LS
export	frontend/src/components/controlroom/PannelloBot.tsx:236	interface RigaInterruttore
export	frontend/src/components/controlroom/PannelloBot.tsx:295	interface PannelloBotProps
export	frontend/src/components/controlroom/PannelloBot.tsx:355	function PannelloBot
testid	frontend/src/components/controlroom/PannelloBot.tsx:407	testId
testid	frontend/src/components/controlroom/PannelloBot.tsx:410	${testId}-titolo
testid	frontend/src/components/controlroom/PannelloBot.tsx:414	cr-quanti-live
button	frontend/src/components/controlroom/PannelloBot.tsx:418	Button
testid	frontend/src/components/controlroom/PannelloBot.tsx:422	cr-ferma-tutti
testid	frontend/src/components/controlroom/PannelloBot.tsx:437	${testId}-nota
testid	frontend/src/components/controlroom/PannelloBot.tsx:445	${testId}-vuoto
testid	frontend/src/components/controlroom/PannelloBot.tsx:466	${testId}-gruppo-${g}
testid	frontend/src/components/controlroom/PannelloBot.tsx:471	${testId}-gruppo-${g}-trigger
testid	frontend/src/components/controlroom/PannelloBot.tsx:493	${testId}-gruppo-${g}-oggi-live
testid	frontend/src/components/controlroom/PannelloBot.tsx:503	${testId}-gruppo-${g}-oggi-prova
testid	frontend/src/components/controlroom/PannelloBot.tsx:516	${testId}-gruppo-${g}-contenuto
testid	frontend/src/components/controlroom/PannelloBot.tsx:542	cr-non-fermati
testid	frontend/src/components/controlroom/PannelloBot.tsx:647	cr-bot-riga-${r.id}
testid	frontend/src/components/controlroom/PannelloBot.tsx:655	cr-bot-stato-${r.id}
testid	frontend/src/components/controlroom/PannelloBot.tsx:660	cr-bot-stato-${r.id}
testid	frontend/src/components/controlroom/PannelloBot.tsx:671	cr-bot-modalita-${r.id}
testid	frontend/src/components/controlroom/PannelloBot.tsx:682	cr-bot-nota-${r.id}
testid	frontend/src/components/controlroom/PannelloBot.tsx:691	cr-bot-pnl-${r.id}
testid	frontend/src/components/controlroom/PannelloBot.tsx:704	cr-bot-pnl-vuoto-${r.id}
testid	frontend/src/components/controlroom/PannelloBot.tsx:717	cr-bot-arretrati-${r.id}
testid	frontend/src/components/controlroom/PannelloBot.tsx:729	cr-parametri-${r.bot}
testid	frontend/src/components/controlroom/PannelloBot.tsx:735	cr-parametri-${r.bot}
testid	frontend/src/components/controlroom/PannelloBot.tsx:746	cr-strumento-spiega-${r.id}
testid	frontend/src/components/controlroom/PannelloBot.tsx:762	cr-comando-non-confermato-${r.id}
testid	frontend/src/components/controlroom/PannelloBot.tsx:772	cr-comando-inviato-${r.id}
testid	frontend/src/components/controlroom/PannelloBot.tsx:786	cr-motivo-blocco-${r.id}
testid	frontend/src/components/controlroom/PannelloBot.tsx:803	cr-fermato-avvio-${r.id}
testid	frontend/src/components/controlroom/PannelloBot.tsx:846	cr-stato-ignoto-${r.id}
testid	frontend/src/components/controlroom/PannelloBot.tsx:854	cr-in-arresto-${r.id}
button	frontend/src/components/controlroom/PannelloBot.tsx:865	Button
testid	frontend/src/components/controlroom/PannelloBot.tsx:869	cr-ferma-${r.id}
testid	frontend/src/components/controlroom/PannelloBot.tsx:883	cr-cosa-ferma-${r.id}
testid	frontend/src/components/controlroom/PannelloBot.tsx:891	cr-modalita-all-avvio-${r.id}
button	frontend/src/components/controlroom/PannelloBot.tsx:898	Button
testid	frontend/src/components/controlroom/PannelloBot.tsx:902	cr-a-paper-${r.id}
button	frontend/src/components/controlroom/PannelloBot.tsx:907	Button
testid	frontend/src/components/controlroom/PannelloBot.tsx:912	cr-conferma-live-${r.id}
button	frontend/src/components/controlroom/PannelloBot.tsx:916	Button
testid	frontend/src/components/controlroom/PannelloBot.tsx:920	cr-a-live-${r.id}
testid	frontend/src/components/controlroom/PannelloBot.tsx:929	cr-armo-per-partita-${r.id}
button	frontend/src/components/controlroom/PannelloBot.tsx:934	Button
testid	frontend/src/components/controlroom/PannelloBot.tsx:938	cr-avvia-paper-${r.id}
button	frontend/src/components/controlroom/PannelloBot.tsx:943	Button
testid	frontend/src/components/controlroom/PannelloBot.tsx:948	cr-conferma-avvio-live-${r.id}
button	frontend/src/components/controlroom/PannelloBot.tsx:952	Button
testid	frontend/src/components/controlroom/PannelloBot.tsx:956	cr-avvia-live-${r.id}
testid	frontend/src/components/controlroom/PannelloBot.tsx:964	cr-avviso-live-${r.id}
testid	frontend/src/components/controlroom/PannelloBot.tsx:975	cr-attesa-${r.id}
input	frontend/src/components/controlroom/PannelloBot.tsx:1014	input
testid	frontend/src/components/controlroom/PannelloBot.tsx:1019	idCampo
testid	frontend/src/components/controlroom/PannelloBot.tsx:1029	${idCampo}-ereditato
button	frontend/src/components/controlroom/PannelloBot.tsx:1034	Button
testid	frontend/src/components/controlroom/PannelloBot.tsx:1038	${idCampo}-salva
testid	frontend/src/components/controlroom/PannelloBot.tsx:1045	${idCampo}-bloccato
export	frontend/src/components/controlroom/PosizioniChiuse.tsx:93	const SOGLIA_PARTITE_APERTE
export	frontend/src/components/controlroom/PosizioniChiuse.tsx:95	type LeggiGiornata
export	frontend/src/components/controlroom/PosizioniChiuse.tsx:97	interface PosizioniChiuseProps
export	frontend/src/components/controlroom/PosizioniChiuse.tsx:129	function PosizioniChiuse
testid	frontend/src/components/controlroom/PosizioniChiuse.tsx:283	testId
testid	frontend/src/components/controlroom/PosizioniChiuse.tsx:289	cr-chiuse-giornata
testid	frontend/src/components/controlroom/PosizioniChiuse.tsx:295	cr-chiuse-totale
testid	frontend/src/components/controlroom/PosizioniChiuse.tsx:301	cr-chiuse-parziale
testid	frontend/src/components/controlroom/PosizioniChiuse.tsx:318	cr-chiuse-moneta
testid	frontend/src/components/controlroom/PosizioniChiuse.tsx:328	cr-chiuse-composizione
testid	frontend/src/components/controlroom/PosizioniChiuse.tsx:330	cr-chiuse-reale
testid	frontend/src/components/controlroom/PosizioniChiuse.tsx:336	cr-chiuse-stimato
testid	frontend/src/components/controlroom/PosizioniChiuse.tsx:347	cr-chiuse-conto
testid	frontend/src/components/controlroom/PosizioniChiuse.tsx:350	cr-chiuse-conto-netto
testid	frontend/src/components/controlroom/PosizioniChiuse.tsx:355	cr-chiuse-conto-bot
testid	frontend/src/components/controlroom/PosizioniChiuse.tsx:360	cr-chiuse-conto-a-mano
testid	frontend/src/components/controlroom/PosizioniChiuse.tsx:376	cr-chiuse-controprova
testid	frontend/src/components/controlroom/PosizioniChiuse.tsx:385	cr-chiuse-controprova-qui
testid	frontend/src/components/controlroom/PosizioniChiuse.tsx:386	cr-chiuse-controprova-diff
testid	frontend/src/components/controlroom/PosizioniChiuse.tsx:393	cr-chiuse-controprova-scalper
testid	frontend/src/components/controlroom/PosizioniChiuse.tsx:403	cr-chiuse-a-cavallo
testid	frontend/src/components/controlroom/PosizioniChiuse.tsx:409	cr-chiuse-a-cavallo-${p.id}
testid	frontend/src/components/controlroom/PosizioniChiuse.tsx:428	cr-chiuse-certezza
testid	frontend/src/components/controlroom/PosizioniChiuse.tsx:432	cr-chiuse-certezza-confermate
testid	frontend/src/components/controlroom/PosizioniChiuse.tsx:436	cr-chiuse-certezza-esposte
testid	frontend/src/components/controlroom/PosizioniChiuse.tsx:444	cr-chiuse-certezza-non-verificabili
input	frontend/src/components/controlroom/PosizioniChiuse.tsx:457	input
testid	frontend/src/components/controlroom/PosizioniChiuse.tsx:460	cr-f-giorno
testid	frontend/src/components/controlroom/PosizioniChiuse.tsx:511	cr-chiuse-nota-orfane
testid	frontend/src/components/controlroom/PosizioniChiuse.tsx:518	cr-chiuse-nota-ripiego
testid	frontend/src/components/controlroom/PosizioniChiuse.tsx:526	cr-chiuse-giornata-ripiego
testid	frontend/src/components/controlroom/PosizioniChiuse.tsx:533	cr-chiuse-nota-piazzamento
testid	frontend/src/components/controlroom/PosizioniChiuse.tsx:540	cr-chiuse-nota-provvisorie
testid	frontend/src/components/controlroom/PosizioniChiuse.tsx:546	cr-chiuse-nota-cicli-aperti
testid	frontend/src/components/controlroom/PosizioniChiuse.tsx:553	cr-chiuse-fuori-giornata
testid	frontend/src/components/controlroom/PosizioniChiuse.tsx:629	testId
testid	frontend/src/components/controlroom/PosizioniChiuse.tsx:641	cr-chiuse-lettura
testid	frontend/src/components/controlroom/PosizioniChiuse.tsx:652	cr-chiuse-lettura
testid	frontend/src/components/controlroom/PosizioniChiuse.tsx:655	cr-chiuse-rileggi
button	frontend/src/components/controlroom/PosizioniChiuse.tsx:655	button
testid	frontend/src/components/controlroom/PosizioniChiuse.tsx:663	cr-chiuse-lettura
button	frontend/src/components/controlroom/PosizioniChiuse.tsx:666	button
testid	frontend/src/components/controlroom/PosizioniChiuse.tsx:667	cr-chiuse-rileggi
testid	frontend/src/components/controlroom/PosizioniChiuse.tsx:679	cr-chiuse-bot-${gruppo.chiave}
testid	frontend/src/components/controlroom/PosizioniChiuse.tsx:687	cr-chiuse-bot-totale-${gruppo.chiave}
testid	frontend/src/components/controlroom/PosizioniChiuse.tsx:711	cr-chiuse-partita
button	frontend/src/components/controlroom/PosizioniChiuse.tsx:712	button
testid	frontend/src/components/controlroom/PosizioniChiuse.tsx:713	cr-chiuse-partita-${chiave}
testid	frontend/src/components/controlroom/PosizioniChiuse.tsx:748	cr-chiusa
button	frontend/src/components/controlroom/PosizioniChiuse.tsx:749	button
testid	frontend/src/components/controlroom/PosizioniChiuse.tsx:753	cr-chiusa-${p.id}
testid	frontend/src/components/controlroom/PosizioniChiuse.tsx:766	cr-chiusa-mercato-${p.id}
testid	frontend/src/components/controlroom/PosizioniChiuse.tsx:774	cr-chiusa-certezza-${p.id}
testid	frontend/src/components/controlroom/PosizioniChiuse.tsx:783	cr-chiusa-esposta-${p.id}
testid	frontend/src/components/controlroom/PosizioniChiuse.tsx:798	cr-chiusa-pnl-${p.id}
testid	frontend/src/components/controlroom/PosizioniChiuse.tsx:816	cr-chiusa-sintesi-${p.id}
testid	frontend/src/components/controlroom/PosizioniChiuse.tsx:832	cr-chiusa-orfana-${p.id}
testid	frontend/src/components/controlroom/PosizioniChiuse.tsx:837	cr-chiusa-ripiego-${p.id}
testid	frontend/src/components/controlroom/PosizioniChiuse.tsx:845	cr-chiusa-copertura-incompleta-${p.id}
testid	frontend/src/components/controlroom/PosizioniChiuse.tsx:855	cr-chiusa-dettaglio-${p.id}
button	frontend/src/components/controlroom/PosizioniChiuse.tsx:905	button
testid	frontend/src/components/controlroom/PosizioniChiuse.tsx:906	testId
export	frontend/src/components/controlroom/PropostaUscitaMike.tsx:33	const CIFRA_VECCHIA_S
export	frontend/src/components/controlroom/PropostaUscitaMike.tsx:41	interface PropostaUscitaMikeDati
export	frontend/src/components/controlroom/PropostaUscitaMike.tsx:68	function propostaDi
export	frontend/src/components/controlroom/PropostaUscitaMike.tsx:77	function chiaveUscitaMike
export	frontend/src/components/controlroom/PropostaUscitaMike.tsx:90	function idsOrdineMike
testid	frontend/src/components/controlroom/PropostaUscitaMike.tsx:138	testId
export	frontend/src/components/controlroom/PropostaUscitaMike.tsx:146	function PropostaUscitaMike
testid	frontend/src/components/controlroom/PropostaUscitaMike.tsx:184	${testId}-esiti
testid	frontend/src/components/controlroom/PropostaUscitaMike.tsx:251	testId
testid	frontend/src/components/controlroom/PropostaUscitaMike.tsx:253	${testId}-titolo
testid	frontend/src/components/controlroom/PropostaUscitaMike.tsx:261	${testId}-motivo
testid	frontend/src/components/controlroom/PropostaUscitaMike.tsx:262	${testId}-ordini
testid	frontend/src/components/controlroom/PropostaUscitaMike.tsx:275	${testId}-esecuzione
testid	frontend/src/components/controlroom/PropostaUscitaMike.tsx:279	${testId}-esecuzione
testid	frontend/src/components/controlroom/PropostaUscitaMike.tsx:283	${testId}-numeri
testid	frontend/src/components/controlroom/PropostaUscitaMike.tsx:286	${testId}-cifra-non-calcolabile
testid	frontend/src/components/controlroom/PropostaUscitaMike.tsx:288	${testId}-cifra
testid	frontend/src/components/controlroom/PropostaUscitaMike.tsx:289	${testId}-fonte-cifra
testid	frontend/src/components/controlroom/PropostaUscitaMike.tsx:291	${testId}-eta-cifra
testid	frontend/src/components/controlroom/PropostaUscitaMike.tsx:302	${testId}-residuo
testid	frontend/src/components/controlroom/PropostaUscitaMike.tsx:307	${testId}-alternative
button	frontend/src/components/controlroom/PropostaUscitaMike.tsx:314	Button
testid	frontend/src/components/controlroom/PropostaUscitaMike.tsx:316	${testId}-approva
testid	frontend/src/components/controlroom/PropostaUscitaMike.tsx:324	${testId}-esito
export	frontend/src/components/controlroom/ProposteUsciteFlusso.tsx:20	interface ProposteUsciteFlussoProps
export	frontend/src/components/controlroom/ProposteUsciteFlusso.tsx:30	function ProposteUsciteFlusso
testid	frontend/src/components/controlroom/ProposteUsciteFlusso.tsx:44	testId
testid	frontend/src/components/controlroom/ProposteUsciteFlusso.tsx:52	${testId}-riga
testid	frontend/src/components/controlroom/ProposteUsciteFlusso.tsx:55	${testId}-titolo
testid	frontend/src/components/controlroom/ProposteUsciteFlusso.tsx:60	${testId}-ordine
testid	frontend/src/components/controlroom/ProposteUsciteFlusso.tsx:65	${testId}-numeri
button	frontend/src/components/controlroom/ProposteUsciteFlusso.tsx:70	Button
testid	frontend/src/components/controlroom/ProposteUsciteFlusso.tsx:72	${testId}-approva
testid	frontend/src/components/controlroom/ProposteUsciteFlusso.tsx:79	${testId}-esito
export	frontend/src/components/controlroom/QuoteMercato.tsx:37	const QUOTE_CLS
export	frontend/src/components/controlroom/QuoteMercato.tsx:43	const QUOTE_TESTO
export	frontend/src/components/controlroom/QuoteMercato.tsx:51	const TITOLO_ETA_QUOTE
export	frontend/src/components/controlroom/QuoteMercato.tsx:58	interface CellaQuota
export	frontend/src/components/controlroom/QuoteMercato.tsx:83	const SOGLIA_SPREAD_TICK
export	frontend/src/components/controlroom/QuoteMercato.tsx:86	function spreadTick
export	frontend/src/components/controlroom/QuoteMercato.tsx:91	function QuoteMercato
testid	frontend/src/components/controlroom/QuoteMercato.tsx:97	testId
testid	frontend/src/components/controlroom/QuoteMercato.tsx:102	cr-quota-cella
testid	frontend/src/components/controlroom/QuoteMercato.tsx:106	cr-quota-back
testid	frontend/src/components/controlroom/QuoteMercato.tsx:109	cr-quota-lay
testid	frontend/src/components/controlroom/QuoteMercato.tsx:112	cr-quota-spread
export	frontend/src/components/controlroom/QuoteMercato.tsx:144	function celleMatchOdds
export	frontend/src/components/controlroom/QuoteMercato.tsx:173	function EtaQuote
testid	frontend/src/components/controlroom/QuoteMercato.tsx:179	testId
testid	frontend/src/components/controlroom/QuoteMercato.tsx:181	${testId}-valore
export	frontend/src/components/controlroom/QuoteMercato.tsx:192	const MAX_LINEE_OU
export	frontend/src/components/controlroom/QuoteMercato.tsx:195	const LINEE_BOT_OU
export	frontend/src/components/controlroom/QuoteMercato.tsx:199	function lineaInVista
export	frontend/src/components/controlroom/QuoteMercato.tsx:215	function LineeOu
testid	frontend/src/components/controlroom/QuoteMercato.tsx:221	testId
testid	frontend/src/components/controlroom/QuoteMercato.tsx:224	cr-quote-ou-altre
testid	frontend/src/components/controlroom/QuoteMercato.tsx:241	cr-quote-ou-linea
testid	frontend/src/components/controlroom/QuoteMercato.tsx:246	cr-quote-ou-mercato
testid	frontend/src/components/controlroom/QuoteMercato.tsx:251	cr-quote-ou-decisa
testid	frontend/src/components/controlroom/QuoteMercato.tsx:262	cr-quote-ou-eta
export	frontend/src/components/controlroom/RigaCapacitaMercati.tsx:26	function RigaCapacitaMercati
testid	frontend/src/components/controlroom/RigaCapacitaMercati.tsx:53	cr-capacita
testid	frontend/src/components/controlroom/RigaCapacitaMercati.tsx:57	cr-capacita-ignota
testid	frontend/src/components/controlroom/RigaCapacitaMercati.tsx:62	cr-capacita-numeri
testid	frontend/src/components/controlroom/RigaCapacitaMercati.tsx:70	cr-capacita-fuori
testid	frontend/src/components/controlroom/RigaCapacitaMercati.tsx:77	cr-capacita-elenco
testid	frontend/src/components/controlroom/RigaCapacitaMercati.tsx:80	cr-capacita-motivo
testid	frontend/src/components/controlroom/RigaCapacitaMercati.tsx:86	cr-capacita-partita
testid	frontend/src/components/controlroom/RigaCapacitaMercati.tsx:93	cr-capacita-criterio
export	frontend/src/components/controlroom/RigaFreno.tsx:35	interface FrenoCanale
export	frontend/src/components/controlroom/RigaFreno.tsx:50	function leggiFrenoCanale
export	frontend/src/components/controlroom/RigaFreno.tsx:65	interface StatoFreno
export	frontend/src/components/controlroom/RigaFreno.tsx:74	function statoFreno
export	frontend/src/components/controlroom/RigaFreno.tsx:86	interface RigaFrenoProps
export	frontend/src/components/controlroom/RigaFreno.tsx:93	function RigaFreno
testid	frontend/src/components/controlroom/RigaFreno.tsx:177	cr-freno
testid	frontend/src/components/controlroom/RigaFreno.tsx:185	cr-freno-stato
testid	frontend/src/components/controlroom/RigaFreno.tsx:192	cr-freno-fonte
testid	frontend/src/components/controlroom/RigaFreno.tsx:199	cr-freno-quando
testid	frontend/src/components/controlroom/RigaFreno.tsx:206	cr-freno-env
testid	frontend/src/components/controlroom/RigaFreno.tsx:213	cr-freno-non-letto
button	frontend/src/components/controlroom/RigaFreno.tsx:220	Button
testid	frontend/src/components/controlroom/RigaFreno.tsx:224	cr-freno-tira
button	frontend/src/components/controlroom/RigaFreno.tsx:231	Button
testid	frontend/src/components/controlroom/RigaFreno.tsx:235	cr-freno-rilascia
button	frontend/src/components/controlroom/RigaFreno.tsx:242	Button
testid	frontend/src/components/controlroom/RigaFreno.tsx:246	cr-freno-conferma-1
button	frontend/src/components/controlroom/RigaFreno.tsx:252	Button
testid	frontend/src/components/controlroom/RigaFreno.tsx:256	cr-freno-conferma-2
button	frontend/src/components/controlroom/RigaFreno.tsx:262	Button
testid	frontend/src/components/controlroom/RigaFreno.tsx:266	cr-freno-annulla
testid	frontend/src/components/controlroom/RigaFreno.tsx:273	cr-freno-errore
export	frontend/src/components/controlroom/RigaOrdiniReali.tsx:87	interface RigaOrdiniRealiProps
export	frontend/src/components/controlroom/RigaOrdiniReali.tsx:94	function RigaOrdiniReali
testid	frontend/src/components/controlroom/RigaOrdiniReali.tsx:200	cr-ordini-reali
testid	frontend/src/components/controlroom/RigaOrdiniReali.tsx:208	cr-ordini-reali-effettivo
testid	frontend/src/components/controlroom/RigaOrdiniReali.tsx:214	cr-ordini-reali-fonte
testid	frontend/src/components/controlroom/RigaOrdiniReali.tsx:223	cr-ordini-reali-tetto
testid	frontend/src/components/controlroom/RigaOrdiniReali.tsx:228	cr-ordini-reali-tetto
testid	frontend/src/components/controlroom/RigaOrdiniReali.tsx:234	cr-ordini-reali-chi
testid	frontend/src/components/controlroom/RigaOrdiniReali.tsx:242	cr-ordini-reali-limitato
testid	frontend/src/components/controlroom/RigaOrdiniReali.tsx:252	cr-ordini-reali-non-letto
button	frontend/src/components/controlroom/RigaOrdiniReali.tsx:260	Button
testid	frontend/src/components/controlroom/RigaOrdiniReali.tsx:264	cr-ordini-reali-off
button	frontend/src/components/controlroom/RigaOrdiniReali.tsx:269	Button
testid	frontend/src/components/controlroom/RigaOrdiniReali.tsx:273	cr-ordini-reali-paper
button	frontend/src/components/controlroom/RigaOrdiniReali.tsx:279	Button
testid	frontend/src/components/controlroom/RigaOrdiniReali.tsx:284	cr-ordini-reali-conferma-live
button	frontend/src/components/controlroom/RigaOrdiniReali.tsx:288	Button
testid	frontend/src/components/controlroom/RigaOrdiniReali.tsx:293	cr-ordini-reali-live
testid	frontend/src/components/controlroom/RigaOrdiniReali.tsx:302	cr-ordini-reali-avviso-live
testid	frontend/src/components/controlroom/RigaOrdiniReali.tsx:309	cr-ordini-reali-errore
export	frontend/src/components/controlroom/SchedaChiusura.tsx:47	const ETA_QUOTE_MAX_S
export	frontend/src/components/controlroom/SchedaChiusura.tsx:49	interface SchedaChiusuraProps
export	frontend/src/components/controlroom/SchedaChiusura.tsx:85	function SchedaChiusura
testid	frontend/src/components/controlroom/SchedaChiusura.tsx:181	cr-proposta
testid	frontend/src/components/controlroom/SchedaChiusura.tsx:229	cr-prezzo-vivo
testid	frontend/src/components/controlroom/SchedaChiusura.tsx:234	cr-scostamento
testid	frontend/src/components/controlroom/SchedaChiusura.tsx:243	cr-proposta-fonte
testid	frontend/src/components/controlroom/SchedaChiusura.tsx:253	cr-riproposta
testid	frontend/src/components/controlroom/SchedaChiusura.tsx:293	cr-proposta-avviso
button	frontend/src/components/controlroom/SchedaChiusura.tsx:301	Button
testid	frontend/src/components/controlroom/SchedaChiusura.tsx:304	cr-conferma-live
button	frontend/src/components/controlroom/SchedaChiusura.tsx:309	Button
testid	frontend/src/components/controlroom/SchedaChiusura.tsx:313	cr-approva
button	frontend/src/components/controlroom/SchedaChiusura.tsx:319	Button
testid	frontend/src/components/controlroom/SchedaChiusura.tsx:322	cr-ignora
export	frontend/src/components/controlroom/SchedaChiusuraOmega.tsx:46	interface SchedaChiusuraOmegaProps
export	frontend/src/components/controlroom/SchedaChiusuraOmega.tsx:60	function SchedaChiusuraOmega
testid	frontend/src/components/controlroom/SchedaChiusuraOmega.tsx:158	cr-proposta-omega
testid	frontend/src/components/controlroom/SchedaChiusuraOmega.tsx:170	cr-omega-protezione
testid	frontend/src/components/controlroom/SchedaChiusuraOmega.tsx:194	cr-omega-back-price
testid	frontend/src/components/controlroom/SchedaChiusuraOmega.tsx:197	cr-omega-back-size
testid	frontend/src/components/controlroom/SchedaChiusuraOmega.tsx:202	cr-omega-fonte
testid	frontend/src/components/controlroom/SchedaChiusuraOmega.tsx:250	cr-omega-semaforo
testid	frontend/src/components/controlroom/SchedaChiusuraOmega.tsx:258	cr-proposta-omega-avviso
button	frontend/src/components/controlroom/SchedaChiusuraOmega.tsx:265	Button
testid	frontend/src/components/controlroom/SchedaChiusuraOmega.tsx:268	cr-omega-conferma-live
button	frontend/src/components/controlroom/SchedaChiusuraOmega.tsx:273	Button
testid	frontend/src/components/controlroom/SchedaChiusuraOmega.tsx:279	cr-omega-approva
button	frontend/src/components/controlroom/SchedaChiusuraOmega.tsx:286	Button
testid	frontend/src/components/controlroom/SchedaChiusuraOmega.tsx:289	cr-omega-ignora
testid	frontend/src/components/controlroom/SchedaChiusuraOmega.tsx:303	cr-proposta-omega-errore
testid	frontend/src/components/controlroom/SchedaMike.tsx:52	testId
export	frontend/src/components/controlroom/SchedaMike.tsx:76	function SchedaMike
testid	frontend/src/components/controlroom/SchedaMike.tsx:106	testId
testid	frontend/src/components/controlroom/SchedaMike.tsx:115	${testId}-feed-age
testid	frontend/src/components/controlroom/SchedaMike.tsx:119	${testId}-feed-age
testid	frontend/src/components/controlroom/SchedaMike.tsx:163	${testId}-lambda-fonte
testid	frontend/src/components/controlroom/SchedaMike.tsx:203	${testId}-ko-drift
testid	frontend/src/components/controlroom/SchedaMike.tsx:254	${testId}-cashout-parziale
testid	frontend/src/components/controlroom/SchedaMike.tsx:264	${testId}-per-gol
testid	frontend/src/components/controlroom/SchedaMike.tsx:268	${testId}-gol-${k}
export	frontend/src/components/controlroom/SchedaPartita.tsx:79	function botDiSport
testid	frontend/src/components/controlroom/SchedaPartita.tsx:165	cr-tennis-vivo
testid	frontend/src/components/controlroom/SchedaPartita.tsx:169	cr-tennis-vivo-punteggio
testid	frontend/src/components/controlroom/SchedaPartita.tsx:181	cr-tennis-vivo-server
testid	frontend/src/components/controlroom/SchedaPartita.tsx:189	cr-tennis-vivo-punteggio
testid	frontend/src/components/controlroom/SchedaPartita.tsx:199	cr-tennis-vivo-mercato
testid	frontend/src/components/controlroom/SchedaPartita.tsx:223	cr-tennis-vivo-eta-quote
testid	frontend/src/components/controlroom/SchedaPartita.tsx:226	cr-tennis-vivo-eta-quote-valore
testid	frontend/src/components/controlroom/SchedaPartita.tsx:233	cr-tennis-vivo-eta
testid	frontend/src/components/controlroom/SchedaPartita.tsx:239	cr-tennis-vivo-fonte
export	frontend/src/components/controlroom/SchedaPartita.tsx:249	interface SchedaPartitaProps
export	frontend/src/components/controlroom/SchedaPartita.tsx:278	function SchedaPartita
testid	frontend/src/components/controlroom/SchedaPartita.tsx:343	cr-partita
testid	frontend/src/components/controlroom/SchedaPartita.tsx:388	cr-calcio-vivo
testid	frontend/src/components/controlroom/SchedaPartita.tsx:392	cr-calcio-vivo-mercato
testid	frontend/src/components/controlroom/SchedaPartita.tsx:405	cr-calcio-vivo-volume
testid	frontend/src/components/controlroom/SchedaPartita.tsx:411	cr-calcio-vivo-eta-punteggio
testid	frontend/src/components/controlroom/SchedaPartita.tsx:427	cr-tennis-quote
testid	frontend/src/components/controlroom/SchedaPartita.tsx:462	cr-target
testid	frontend/src/components/controlroom/SchedaPartita.tsx:472	cr-pnl-partita
testid	frontend/src/components/controlroom/SchedaPartita.tsx:482	cr-pnl-partita-paper
button	frontend/src/components/controlroom/SchedaPartita.tsx:502	button
testid	frontend/src/components/controlroom/SchedaPartita.tsx:507	cr-bot-${b}-${p.event_id}
testid	frontend/src/components/controlroom/SchedaPartita.tsx:520	cr-liability-partita
testid	frontend/src/components/controlroom/SchedaPartita.tsx:528	cr-liability-netta-mike
testid	frontend/src/components/controlroom/SchedaPartita.tsx:549	cr-dettaglio-bot
export	frontend/src/components/controlroom/SchedaPreMatch.tsx:51	interface SchedaPreMatchProps
export	frontend/src/components/controlroom/SchedaPreMatch.tsx:77	function SchedaPreMatch
testid	frontend/src/components/controlroom/SchedaPreMatch.tsx:93	cr-pre-match
testid	frontend/src/components/controlroom/SchedaPreMatch.tsx:101	cr-pre-orario
testid	frontend/src/components/controlroom/SchedaPreMatch.tsx:111	cr-pre-manca
testid	frontend/src/components/controlroom/SchedaPreMatch.tsx:120	cr-pre-quote
testid	frontend/src/components/controlroom/SchedaPreMatch.tsx:148	cr-pre-operazioni
testid	frontend/src/components/controlroom/SchedaPreMatch.tsx:164	cr-pre-mike
export	frontend/src/components/controlroom/SchedaPropostaOpportunita.tsx:57	const ETA_QUOTE_MAX_S
export	frontend/src/components/controlroom/SchedaPropostaOpportunita.tsx:59	interface SchedaPropostaOpportunitaProps
export	frontend/src/components/controlroom/SchedaPropostaOpportunita.tsx:116	function pMercatoProposta
export	frontend/src/components/controlroom/SchedaPropostaOpportunita.tsx:131	function motivoNonPiazzabile
export	frontend/src/components/controlroom/SchedaPropostaOpportunita.tsx:174	function motivoNonPiazzabileCombo
export	frontend/src/components/controlroom/SchedaPropostaOpportunita.tsx:197	function SchedaPropostaOpportunita
testid	frontend/src/components/controlroom/SchedaPropostaOpportunita.tsx:395	cr-proposta-opp
testid	frontend/src/components/controlroom/SchedaPropostaOpportunita.tsx:404	cr-opp-sport
testid	frontend/src/components/controlroom/SchedaPropostaOpportunita.tsx:408	cr-opp-modalita
testid	frontend/src/components/controlroom/SchedaPropostaOpportunita.tsx:409	cr-opp-modalita
testid	frontend/src/components/controlroom/SchedaPropostaOpportunita.tsx:410	cr-opp-partita
testid	frontend/src/components/controlroom/SchedaPropostaOpportunita.tsx:422	cr-opp-combo-legs
testid	frontend/src/components/controlroom/SchedaPropostaOpportunita.tsx:431	cr-opp-combo-gamba
testid	frontend/src/components/controlroom/SchedaPropostaOpportunita.tsx:441	cr-opp-combo-gamba-vivo
testid	frontend/src/components/controlroom/SchedaPropostaOpportunita.tsx:450	cr-opp-combo-gamba-tick
testid	frontend/src/components/controlroom/SchedaPropostaOpportunita.tsx:455	cr-opp-combo-gamba-fonte
testid	frontend/src/components/controlroom/SchedaPropostaOpportunita.tsx:473	cr-opp-lato
testid	frontend/src/components/controlroom/SchedaPropostaOpportunita.tsx:476	cr-opp-selezione
testid	frontend/src/components/controlroom/SchedaPropostaOpportunita.tsx:479	cr-opp-mercato
testid	frontend/src/components/controlroom/SchedaPropostaOpportunita.tsx:483	cr-opp-prezzo-vivo
testid	frontend/src/components/controlroom/SchedaPropostaOpportunita.tsx:489	cr-opp-book
testid	frontend/src/components/controlroom/SchedaPropostaOpportunita.tsx:493	cr-opp-prezzo
testid	frontend/src/components/controlroom/SchedaPropostaOpportunita.tsx:500	cr-opp-scarto
testid	frontend/src/components/controlroom/SchedaPropostaOpportunita.tsx:507	cr-opp-fonte
testid	frontend/src/components/controlroom/SchedaPropostaOpportunita.tsx:516	cr-opp-riproposta
testid	frontend/src/components/controlroom/SchedaPropostaOpportunita.tsx:566	cr-opp-semaforo
testid	frontend/src/components/controlroom/SchedaPropostaOpportunita.tsx:574	cr-opp-rationale
testid	frontend/src/components/controlroom/SchedaPropostaOpportunita.tsx:575	cr-opp-eta
testid	frontend/src/components/controlroom/SchedaPropostaOpportunita.tsx:581	cr-opp-esecuzione
testid	frontend/src/components/controlroom/SchedaPropostaOpportunita.tsx:589	cr-opp-avviso
button	frontend/src/components/controlroom/SchedaPropostaOpportunita.tsx:597	Button
testid	frontend/src/components/controlroom/SchedaPropostaOpportunita.tsx:600	cr-opp-conferma-live
button	frontend/src/components/controlroom/SchedaPropostaOpportunita.tsx:605	Button
testid	frontend/src/components/controlroom/SchedaPropostaOpportunita.tsx:609	cr-opp-piazza
button	frontend/src/components/controlroom/SchedaPropostaOpportunita.tsx:615	Button
testid	frontend/src/components/controlroom/SchedaPropostaOpportunita.tsx:618	cr-opp-rifiuta
testid	frontend/src/components/controlroom/SchedaPropostaOpportunita.tsx:650	testId
export	frontend/src/components/controlroom/SplitSport.tsx:43	type SportKey
export	frontend/src/components/controlroom/SplitSport.tsx:45	interface SplitSportProps
export	frontend/src/components/controlroom/SplitSport.tsx:80	function SplitSport
testid	frontend/src/components/controlroom/SplitSport.tsx:86	testId
testid	frontend/src/components/controlroom/SplitSport.tsx:133	cr-sport-${sport}
button	frontend/src/components/controlroom/SplitSport.tsx:139	button
testid	frontend/src/components/controlroom/SplitSport.tsx:141	cr-filtro-${sport}
testid	frontend/src/components/controlroom/SplitSport.tsx:150	cr-sport-${sport}-soldi-veri
testid	frontend/src/components/controlroom/SplitSport.tsx:169	cr-sport-${sport}-ignote
testid	frontend/src/components/controlroom/SplitSport.tsx:204	cr-sport-${sport}-arretrati
testid	frontend/src/components/controlroom/SplitSport.tsx:213	cr-sport-${sport}-arretrati-non-letti
testid	frontend/src/components/controlroom/SplitSport.tsx:218	cr-sport-${sport}-per-regolamento
testid	frontend/src/components/controlroom/SplitSport.tsx:249	cr-sport-${sport}-${tipo}-pnl
testid	frontend/src/components/controlroom/SplitSport.tsx:257	cr-sport-${sport}-${tipo}
testid	frontend/src/components/controlroom/SplitSport.tsx:264	cr-sport-${sport}-${tipo}-bot
testid	frontend/src/components/controlroom/SplitSport.tsx:282	cr-sport-${sport}-pnl
testid	frontend/src/components/controlroom/SplitSport.tsx:300	cr-sport-${sport}-live-conto
testid	frontend/src/components/controlroom/SplitSport.tsx:333	cr-sport-${sport}-live-a-mano-fuori
testid	frontend/src/components/controlroom/SplitSport.tsx:343	cr-sport-${sport}-live-scomposizione
testid	frontend/src/components/controlroom/SplitSport.tsx:346	cr-sport-${sport}-live-parte-bot
testid	frontend/src/components/controlroom/SplitSport.tsx:350	cr-sport-${sport}-live-chiusure-a-mano
testid	frontend/src/components/controlroom/SplitSport.tsx:358	cr-sport-${sport}-live-a-mano
testid	frontend/src/components/controlroom/SplitSport.tsx:363	cr-sport-${sport}-live-commissione
export	frontend/src/components/controlroom/StrisciaEsitoChiusura.tsx:46	interface StrisciaEsitoChiusuraProps
export	frontend/src/components/controlroom/StrisciaEsitoChiusura.tsx:70	function StrisciaEsitoChiusura
testid	frontend/src/components/controlroom/StrisciaEsitoChiusura.tsx:81	testId
testid	frontend/src/components/controlroom/StrisciaEsitoChiusura.tsx:102	testId
testid	frontend/src/components/controlroom/StrisciaEsitoChiusura.tsx:108	${testId}-badge
testid	frontend/src/components/controlroom/StrisciaEsitoChiusura.tsx:114	${testId}-copertura
testid	frontend/src/components/controlroom/StrisciaEsitoChiusura.tsx:120	${testId}-esposizione
testid	frontend/src/components/controlroom/StrisciaEsitoChiusura.tsx:124	${testId}-motivo
testid	frontend/src/components/controlroom/StrisciaEsitoChiusura.tsx:126	${testId}-eta
testid	frontend/src/components/controlroom/StrisciaEsitoChiusura.tsx:131	${testId}-eta
export	frontend/src/components/controlroom/UsciteColonna.tsx:22	interface UsciteColonnaProps
export	frontend/src/components/controlroom/UsciteColonna.tsx:33	function UsciteColonna
testid	frontend/src/components/controlroom/UsciteColonna.tsx:41	testId
testid	frontend/src/components/controlroom/UsciteColonna.tsx:44	cr-nastro-contatore
testid	frontend/src/components/controlroom/UsciteColonna.tsx:52	cr-nastro-non-filtrato
testid	frontend/src/components/controlroom/UsciteColonna.tsx:59	cr-bot-muti
input	frontend/src/components/controlroom/UsciteColonna.tsx:68	input
testid	frontend/src/components/controlroom/UsciteColonna.tsx:87	cr-proposte-omega-errore
export	frontend/src/components/controlroom/aperte/statoPartitaAperta.ts:31	type StatoPartitaAperta
export	frontend/src/components/controlroom/aperte/statoPartitaAperta.ts:33	interface EsitoStatoPartita
export	frontend/src/components/controlroom/aperte/statoPartitaAperta.ts:48	function statoPartitaAperta
export	frontend/src/components/controlroom/chiudiRiga.ts:50	type BotConChiusura
export	frontend/src/components/controlroom/chiudiRiga.ts:53	interface RigaDaChiudere
export	frontend/src/components/controlroom/chiudiRiga.ts:88	type Chiudibile
export	frontend/src/components/controlroom/chiudiRiga.ts:97	function chiudibile
export	frontend/src/components/controlroom/chiudiRiga.ts:154	function cosaFaIlClic
export	frontend/src/components/controlroom/chiudiRiga.ts:187	const INVIO
export	frontend/src/components/controlroom/chiudiRiga.ts:214	function inviaChiusura
export	frontend/src/components/controlroom/chiudiRiga.ts:225	type FaseChiusura
export	frontend/src/components/controlroom/chiudiRiga.ts:228	interface RichiestaLetta
export	frontend/src/components/controlroom/chiudiRiga.ts:241	function motivoDelServizio
export	frontend/src/components/controlroom/chiudiRiga.ts:257	function faseDaRichiesta
export	frontend/src/components/controlroom/chiudiRiga.ts:287	function richiestaDaSessioneScalper
export	frontend/src/components/controlroom/chiudiRiga.ts:312	const LETTURA
export	frontend/src/components/controlroom/chiudiRiga.ts:341	interface StatoChiusuraRiga
export	frontend/src/components/controlroom/chiudiRiga.ts:356	function faseMostrata
export	frontend/src/components/controlroom/chiudiRiga.ts:364	const SCADENZA_ESITO_MS
export	frontend/src/components/controlroom/chiudiRiga.ts:367	function richiestaDaRileggere
export	frontend/src/components/controlroom/chiudiRiga.ts:372	function statoConScadenza
export	frontend/src/components/controlroom/chiudiRiga.ts:381	function inCorso
export	frontend/src/components/controlroom/chiudiRiga.ts:388	function firmaRiga
export	frontend/src/components/controlroom/chiudiRiga.ts:393	function cambiataPerChiusura
export	frontend/src/components/controlroom/chiudiRiga.ts:401	const TESTO_FASE
export	frontend/src/components/controlroom/comandiBot.ts:102	function creaComandiControlRoom
export	frontend/src/components/controlroom/dettaglioRiga.ts:34	type RigaDettagliabile
export	frontend/src/components/controlroom/dettaglioRiga.ts:37	interface QuotaViva
export	frontend/src/components/controlroom/dettaglioRiga.ts:48	interface ModelloRiga
export	frontend/src/components/controlroom/dettaglioRiga.ts:66	interface ChiusuraRiga
export	frontend/src/components/controlroom/dettaglioRiga.ts:88	interface DettaglioRiga
export	frontend/src/components/controlroom/dettaglioRiga.ts:144	function punteggioIngresso
export	frontend/src/components/controlroom/dettaglioRiga.ts:152	function eGambaDiChiusura
export	frontend/src/components/controlroom/dettaglioRiga.ts:156	function quotaViva
export	frontend/src/components/controlroom/dettaglioRiga.ts:178	function dettaglioDi
export	frontend/src/components/controlroom/ordiniConto.ts:19	interface OrdiniContoStato
export	frontend/src/components/controlroom/ordiniConto.ts:32	const ORDINI_CONTO_NON_LETTI
export	frontend/src/components/controlroom/ordiniConto.ts:36	function raggruppaOrdiniConto
export	frontend/src/components/controlroom/ordiniConto.ts:48	function motivoNonLetti
export	frontend/src/components/controlroom/ordiniConto.ts:57	function partiteConOrdiniFuori
export	frontend/src/components/controlroom/righeBot.ts:26	interface FonteOggiLive
export	frontend/src/components/controlroom/righeBot.ts:41	interface StatoBotPlancia
export	frontend/src/components/controlroom/righeBot.ts:82	function statoServizioDi
export	frontend/src/components/controlroom/righeBot.ts:97	function righeInterruttori
export	frontend/src/components/controlroom/soloTennis.ts:58	const STAKE_TENNIS
export	frontend/src/components/controlroom/soloTennis.ts:69	const CHIAVE_STAKE_TENNIS
export	frontend/src/components/controlroom/soloTennis.ts:71	const CHIAVE_STAKE_TENNIS_PER_LATO
export	frontend/src/components/controlroom/soloTennis.ts:74	const STRATEGIA_TENNIS
export	frontend/src/components/controlroom/soloTennis.ts:77	const STRATEGIE_SAFE
export	frontend/src/components/controlroom/soloTennis.ts:91	function accensioniSoloTennis
export	frontend/src/components/controlroom/soloTennis.ts:96	function stakeTennisEffettivo
export	frontend/src/components/controlroom/soloTennis.ts:111	function extraSoloTennis
export	frontend/src/components/controlroom/soloTennis.ts:126	function paramsSoloTennis
export	frontend/src/components/controlroom/soloTennis.ts:138	function differenzeSoloTennis
export	frontend/src/components/controlroom/soloTennis.ts:182	function altreInLiveAdesso
export	frontend/src/components/controlroom/tennisAuto.ts:19	interface AutoTennis
export	frontend/src/components/controlroom/tennisAuto.ts:48	function leggiAutoTennis
export	frontend/src/components/controlroom/tennisAuto.ts:85	function notaAutoTennis
export	frontend/src/components/controlroom/tennisAuto.ts:118	function avvisoUsciteManuali
export	frontend/src/components/controlroom/testata/FasciaSoldiVeri.tsx:30	const CHIAVE_SALDO_NASCOSTO
export	frontend/src/components/controlroom/testata/FasciaSoldiVeri.tsx:32	function leggiSaldoNascosto
storage	frontend/src/components/controlroom/testata/FasciaSoldiVeri.tsx:33	localStorage getItem CHIAVE_SALDO_NASCOSTO
storage	frontend/src/components/controlroom/testata/FasciaSoldiVeri.tsx:36	localStorage setItem CHIAVE_SALDO_NASCOSTO
export	frontend/src/components/controlroom/testata/FasciaSoldiVeri.tsx:40	const SALDO_NASCOSTO
export	frontend/src/components/controlroom/testata/FasciaSoldiVeri.tsx:47	function FasciaSoldiVeri
testid	frontend/src/components/controlroom/testata/FasciaSoldiVeri.tsx:85	cr-soldi-veri
testid	frontend/src/components/controlroom/testata/FasciaSoldiVeri.tsx:86	cr-esposizione-conto
testid	frontend/src/components/controlroom/testata/FasciaSoldiVeri.tsx:92	cr-esposizione-conto-valore
testid	frontend/src/components/controlroom/testata/FasciaSoldiVeri.tsx:93	cr-esposizione-conto-fonte
testid	frontend/src/components/controlroom/testata/FasciaSoldiVeri.tsx:114	cr-disponibile-conto
button	frontend/src/components/controlroom/testata/FasciaSoldiVeri.tsx:117	button
testid	frontend/src/components/controlroom/testata/FasciaSoldiVeri.tsx:118	cr-saldo-occhio
testid	frontend/src/components/controlroom/testata/FasciaSoldiVeri.tsx:126	cr-disponibile-conto-valore
button	frontend/src/components/controlroom/testata/FasciaSoldiVeri.tsx:126	button
testid	frontend/src/components/controlroom/testata/FasciaSoldiVeri.tsx:132	cr-disponibile-conto-valore
testid	frontend/src/components/controlroom/testata/FasciaSoldiVeri.tsx:140	cr-rischio-bot
testid	frontend/src/components/controlroom/testata/FasciaSoldiVeri.tsx:144	cr-rischio-bot-valore
testid	frontend/src/components/controlroom/testata/FasciaSoldiVeri.tsx:146	cr-rischio-bot-stantio
testid	frontend/src/components/controlroom/testata/FasciaSoldiVeri.tsx:156	cr-rischio-bot-nota
testid	frontend/src/components/controlroom/testata/FasciaSoldiVeri.tsx:161	cr-scarto-conto-bot
testid	frontend/src/components/controlroom/testata/FasciaSoldiVeri.tsx:177	cr-ordini-fuori-bot
testid	frontend/src/components/controlroom/testata/FasciaSoldiVeri.tsx:194	cr-partite-posizione
testid	frontend/src/components/controlroom/testata/FasciaSoldiVeri.tsx:202	cr-partite-posizione-nota
export	frontend/src/components/controlroom/testata/FasciaStop.tsx:31	function vaiAllaRigaDelBot
testid	frontend/src/components/controlroom/testata/FasciaStop.tsx:32	cr-parametri-${bot}
testid	frontend/src/components/controlroom/testata/FasciaStop.tsx:33	cr-pannello-bot
export	frontend/src/components/controlroom/testata/FasciaStop.tsx:59	const NOTA_TENNIS_SCALPER
testid	frontend/src/components/controlroom/testata/FasciaStop.tsx:75	testId
testid	frontend/src/components/controlroom/testata/FasciaStop.tsx:76	testId
testid	frontend/src/components/controlroom/testata/FasciaStop.tsx:77	testId
export	frontend/src/components/controlroom/testata/FasciaStop.tsx:113	function confermaStopConto
export	frontend/src/components/controlroom/testata/FasciaStop.tsx:133	function testoIniziale
export	frontend/src/components/controlroom/testata/FasciaStop.tsx:144	type SalvaStopFn
testid	frontend/src/components/controlroom/testata/FasciaStop.tsx:213	cr-stop-${id}-editor
input	frontend/src/components/controlroom/testata/FasciaStop.tsx:215	input
testid	frontend/src/components/controlroom/testata/FasciaStop.tsx:219	cr-stop-${id}-campo
testid	frontend/src/components/controlroom/testata/FasciaStop.tsx:231	cr-stop-${id}-salva
button	frontend/src/components/controlroom/testata/FasciaStop.tsx:231	button
testid	frontend/src/components/controlroom/testata/FasciaStop.tsx:234	cr-stop-${id}-annulla
button	frontend/src/components/controlroom/testata/FasciaStop.tsx:234	button
testid	frontend/src/components/controlroom/testata/FasciaStop.tsx:239	cr-stop-${id}-in-corso
testid	frontend/src/components/controlroom/testata/FasciaStop.tsx:242	cr-stop-${id}-errore
testid	frontend/src/components/controlroom/testata/FasciaStop.tsx:250	cr-stop-${id}-richiesta-conferma
testid	frontend/src/components/controlroom/testata/FasciaStop.tsx:252	cr-stop-${id}-conferma
button	frontend/src/components/controlroom/testata/FasciaStop.tsx:252	button
testid	frontend/src/components/controlroom/testata/FasciaStop.tsx:255	cr-stop-${id}-annulla-conferma
button	frontend/src/components/controlroom/testata/FasciaStop.tsx:255	button
button	frontend/src/components/controlroom/testata/FasciaStop.tsx:267	button
testid	frontend/src/components/controlroom/testata/FasciaStop.tsx:269	cr-stop-${id}-valore
testid	frontend/src/components/controlroom/testata/FasciaStop.tsx:276	cr-stop-${id}-matita
button	frontend/src/components/controlroom/testata/FasciaStop.tsx:276	button
testid	frontend/src/components/controlroom/testata/FasciaStop.tsx:284	cr-stop-${id}-non-modificabile
testid	frontend/src/components/controlroom/testata/FasciaStop.tsx:287	cr-stop-${id}-esito
export	frontend/src/components/controlroom/testata/FasciaStop.tsx:293	interface StatoServizio
export	frontend/src/components/controlroom/testata/FasciaStop.tsx:301	function StopPerdita
testid	frontend/src/components/controlroom/testata/FasciaStop.tsx:334	cr-stop-perdita
testid	frontend/src/components/controlroom/testata/FasciaStop.tsx:338	cr-stop-conto
testid	frontend/src/components/controlroom/testata/FasciaStop.tsx:342	cr-stop-conto-nome
testid	frontend/src/components/controlroom/testata/FasciaStop.tsx:344	cr-stop-conto-cifra
testid	frontend/src/components/controlroom/testata/FasciaStop.tsx:355	cr-stop-conto-stato
testid	frontend/src/components/controlroom/testata/FasciaStop.tsx:358	cr-stop-conto-oggi
testid	frontend/src/components/controlroom/testata/FasciaStop.tsx:364	cr-stop-conto-fonte
testid	frontend/src/components/controlroom/testata/FasciaStop.tsx:375	cr-stop-${s.bot}
testid	frontend/src/components/controlroom/testata/FasciaStop.tsx:379	cr-stop-${s.bot}-modifica
button	frontend/src/components/controlroom/testata/FasciaStop.tsx:379	button
testid	frontend/src/components/controlroom/testata/FasciaStop.tsx:387	cr-stop-${s.bot}-cifra
testid	frontend/src/components/controlroom/testata/FasciaStop.tsx:403	cr-stop-${s.bot}-stato
testid	frontend/src/components/controlroom/testata/FasciaStop.tsx:404	cr-stop-${s.bot}-fonte
testid	frontend/src/components/controlroom/testata/FasciaStop.tsx:411	cr-stop-altri
export	frontend/src/components/controlroom/testata/TesseraRunner.tsx:30	type SportRunner
export	frontend/src/components/controlroom/testata/TesseraRunner.tsx:32	const PORTA_RUNNER
export	frontend/src/components/controlroom/testata/TesseraRunner.tsx:34	interface TesseraRunnerVista
export	frontend/src/components/controlroom/testata/TesseraRunner.tsx:56	function runnerForseLive
export	frontend/src/components/controlroom/testata/TesseraRunner.tsx:63	function descriviRunner
export	frontend/src/components/controlroom/testata/TesseraRunner.tsx:115	function TesseraRunner
testid	frontend/src/components/controlroom/testata/TesseraRunner.tsx:124	t
testid	frontend/src/components/controlroom/testata/TesseraRunner.tsx:126	${t}-nome
testid	frontend/src/components/controlroom/testata/TesseraRunner.tsx:129	${t}-connessione
testid	frontend/src/components/controlroom/testata/TesseraRunner.tsx:132	${t}-pallino
testid	frontend/src/components/controlroom/testata/TesseraRunner.tsx:135	${t}-processo
testid	frontend/src/components/controlroom/testata/TesseraRunner.tsx:139	${t}-tetto
testid	frontend/src/components/controlroom/testata/TesseraRunner.tsx:142	${t}-fonte
export	frontend/src/components/controlroom/testata/paroleImpianto.ts:23	type Tono
export	frontend/src/components/controlroom/testata/paroleImpianto.ts:25	interface ParolaChip
export	frontend/src/components/controlroom/testata/paroleImpianto.ts:34	function modoChip
export	frontend/src/components/controlroom/testata/paroleImpianto.ts:50	function statoChip
export	frontend/src/components/controlroom/testata/paroleImpianto.ts:61	const USCITE_ATTIVE_TITOLO
export	frontend/src/components/controlroom/testata/paroleImpianto.ts:68	function usciteChip
export	frontend/src/components/controlroom/testata/paroleImpianto.ts:76	function pallinoChip
export	frontend/src/components/controlroom/testata/paroleImpianto.ts:87	function aggiornatoChip
export	frontend/src/components/controlroom/testata/paroleImpianto.ts:106	function tettoRunner
export	frontend/src/components/controlroom/testata/paroleImpianto.ts:118	function sorgenteFeed
export	frontend/src/components/controlroom/testata/paroleImpianto.ts:130	function riassuntoDati
export	frontend/src/components/controlroom/testata/salvaStop.ts:54	type ProprietarioStop
export	frontend/src/components/controlroom/testata/salvaStop.ts:61	type LetturaImporto
export	frontend/src/components/controlroom/testata/salvaStop.ts:88	function leggiImporto
export	frontend/src/components/controlroom/testata/salvaStop.ts:110	function chiaveStopOmega
export	frontend/src/components/controlroom/testata/salvaStop.ts:120	class StopNonSalvabile
export	frontend/src/components/controlroom/testata/salvaStop.ts:127	function payloadStop
export	frontend/src/components/controlroom/testata/salvaStop.ts:160	interface DipendenzeSalvaStop
export	frontend/src/components/controlroom/testata/salvaStop.ts:188	function salvaStop
export	frontend/src/components/controlroom/testata/soldiVeri.ts:30	interface ContoAdesso
export	frontend/src/components/controlroom/testata/soldiVeri.ts:61	function contoAdesso
export	frontend/src/components/controlroom/testata/soldiVeri.ts:99	interface StatoServizioLike
export	frontend/src/components/controlroom/testata/soldiVeri.ts:124	function liabilityLiveDichiarata
export	frontend/src/components/controlroom/testata/soldiVeri.ts:142	interface VoceRischio
export	frontend/src/components/controlroom/testata/soldiVeri.ts:154	interface RischioBotLive
export	frontend/src/components/controlroom/testata/soldiVeri.ts:167	function rischioBotLive
export	frontend/src/components/controlroom/testata/soldiVeri.ts:217	interface ScartoContoBot
export	frontend/src/components/controlroom/testata/soldiVeri.ts:229	function scartoContoBot
export	frontend/src/components/controlroom/testata/soldiVeri.ts:238	interface PartiteConPosizione
export	frontend/src/components/controlroom/testata/soldiVeri.ts:249	function partiteConPosizione
export	frontend/src/components/controlroom/testata/soldiVeri.ts:269	interface SoldiVeriTestata
export	frontend/src/components/controlroom/testata/stopPerdita.ts:29	interface StopConto
export	frontend/src/components/controlroom/testata/stopPerdita.ts:48	function stopDelConto
export	frontend/src/components/controlroom/testata/stopPerdita.ts:71	type BotConStop
export	frontend/src/components/controlroom/testata/stopPerdita.ts:73	interface StopBot
export	frontend/src/components/controlroom/testata/stopPerdita.ts:100	function stopDeiBot
export	frontend/src/components/controlroom/testata/stopPerdita.ts:167	interface StopPerditaTestata
export	frontend/src/components/controlroom/trovaEsitoUscita.ts:31	function trovaEsitoUscita
export	frontend/src/components/controlroom/trovaEsitoUscita.ts:71	function trovaEsitoCashOut
export	frontend/src/components/controlroom/useCashOutPartita.ts:21	interface ArgsCashOutPartita
export	frontend/src/components/controlroom/useCashOutPartita.ts:38	function useCashOutPartita
export	frontend/src/components/controlroom/useChiusuraAlMs.ts:25	interface ChiusuraMostrata
export	frontend/src/components/controlroom/useChiusuraAlMs.ts:48	function prezzoAlClic
export	frontend/src/components/controlroom/useChiusuraAlMs.ts:60	function useChiusuraAlMs
export	frontend/src/components/controlroom/useControlRoom.ts:165	interface PropostaOppVista
export	frontend/src/components/controlroom/useControlRoom.ts:210	const RICARICA_MS
export	frontend/src/components/controlroom/useControlRoom.ts:222	const FONTI_RICARICA
export	frontend/src/components/controlroom/useControlRoom.ts:238	type Modalita
export	frontend/src/components/controlroom/useControlRoom.ts:240	interface StatoBot
export	frontend/src/components/controlroom/useControlRoom.ts:380	interface OperazionePartita
export	frontend/src/components/controlroom/useControlRoom.ts:472	interface PosizioneAperta
export	frontend/src/components/controlroom/useControlRoom.ts:619	function liabilityTennis
export	frontend/src/components/controlroom/useControlRoom.ts:759	interface PropostaVista
export	frontend/src/components/controlroom/useControlRoom.ts:778	interface ControlRoomVM
export	frontend/src/components/controlroom/useControlRoom.ts:1137	function useControlRoom
export	frontend/src/components/controlroom/useControlRoom.ts:4165	function leggiBool
export	frontend/src/components/controlroom/useControlRoom.ts:4189	function effettiviStantii
export	frontend/src/components/controlroom/useControlRoom.ts:4211	function leggiModiStrategia
export	frontend/src/components/controlroom/useControlRoom.ts:4308	function leggiVarianti
export	frontend/src/components/controlroom/usePrezzoAlMs.ts:22	type SorgenteLadder
export	frontend/src/components/controlroom/usePrezzoAlMs.ts:24	interface UltimoNoto
export	frontend/src/components/controlroom/usePrezzoAlMs.ts:30	function usePrezzoAlMs
export	frontend/src/components/controlroom/usePrezzoAlMs.ts:65	interface SelezioneAlMs
export	frontend/src/components/controlroom/usePrezzoAlMs.ts:78	function usePrezziAlMs
export	frontend/src/components/controlroom/useSeguiOrdini.ts:30	const RILETTURE_MAX_MS
export	frontend/src/components/controlroom/useSeguiOrdini.ts:32	const CANALE_FRESCO_S
export	frontend/src/components/controlroom/useSeguiOrdini.ts:34	const GIRO_MS
export	frontend/src/components/controlroom/useSeguiOrdini.ts:36	interface EsitoSeguito
export	frontend/src/components/controlroom/useSeguiOrdini.ts:46	type LetturaRichiesta
export	frontend/src/components/controlroom/useSeguiOrdini.ts:49	const LEGGI_DI_SERIE
export	frontend/src/components/controlroom/useSeguiOrdini.ts:57	function richiestaSeguita
export	frontend/src/components/controlroom/useSeguiOrdini.ts:65	function useSeguiOrdini
export	frontend/src/components/controlroom/useTennisVivo.ts:53	type FonteTennisVivo
export	frontend/src/components/controlroom/useTennisVivo.ts:133	function canaliTennisViviApertiPerTest
export	frontend/src/components/controlroom/useTennisVivo.ts:138	interface TennisVivo
export	frontend/src/components/controlroom/useTennisVivo.ts:187	function vistaTennisVivo
export	frontend/src/components/controlroom/useTennisVivo.ts:212	function nomeSelezioneTennis
export	frontend/src/components/controlroom/useTennisVivo.ts:231	function useTennisVivo
export	frontend/src/components/dashboard/AnalyticsPanels.tsx:25	function AnalyticsPanels
export	frontend/src/components/dashboard/BacktestAutomatico.tsx:36	function BacktestAutomatico
button	frontend/src/components/dashboard/BacktestAutomatico.tsx:221	button
button	frontend/src/components/dashboard/BacktestAutomatico.tsx:250	Button
button	frontend/src/components/dashboard/BacktestAutomatico.tsx:254	Button
input	frontend/src/components/dashboard/BacktestAutomatico.tsx:261	input
input	frontend/src/components/dashboard/BacktestAutomatico.tsx:264	input
input	frontend/src/components/dashboard/BacktestAutomatico.tsx:265	input
input	frontend/src/components/dashboard/BacktestAutomatico.tsx:269	input
input	frontend/src/components/dashboard/BacktestAutomatico.tsx:272	select
input	frontend/src/components/dashboard/BacktestAutomatico.tsx:277	input
input	frontend/src/components/dashboard/BacktestAutomatico.tsx:278	input
input	frontend/src/components/dashboard/BacktestAutomatico.tsx:279	input
input	frontend/src/components/dashboard/BacktestAutomatico.tsx:280	input
input	frontend/src/components/dashboard/BacktestAutomatico.tsx:291	input
input	frontend/src/components/dashboard/BacktestAutomatico.tsx:294	select
input	frontend/src/components/dashboard/BacktestAutomatico.tsx:300	input
input	frontend/src/components/dashboard/BacktestAutomatico.tsx:301	input
input	frontend/src/components/dashboard/BacktestAutomatico.tsx:304	input
button	frontend/src/components/dashboard/BacktestAutomatico.tsx:327	Button
export	frontend/src/components/dashboard/BetfairOddsPanel.tsx:46	function BetfairOddsPanel
button	frontend/src/components/dashboard/BetfairOddsPanel.tsx:74	Button
export	frontend/src/components/dashboard/BiggestStreakCard.tsx:4	function BiggestStreakCard
export	frontend/src/components/dashboard/CardsByMinute.tsx:12	function CardsByMinute
button	frontend/src/components/dashboard/CardsByMinute.tsx:52	button
button	frontend/src/components/dashboard/CardsByMinute.tsx:73	button
export	frontend/src/components/dashboard/CleanSheetCard.tsx:8	function CleanSheetCard
export	frontend/src/components/dashboard/ComparisonSection.tsx:25	function ComparisonSection
export	frontend/src/components/dashboard/CreateStrategy.tsx:82	function BacktestResults
export	frontend/src/components/dashboard/CreateStrategy.tsx:150	function CreateStrategy
input	frontend/src/components/dashboard/CreateStrategy.tsx:183	input
input	frontend/src/components/dashboard/CreateStrategy.tsx:184	input
input	frontend/src/components/dashboard/CreateStrategy.tsx:187	select
input	frontend/src/components/dashboard/CreateStrategy.tsx:193	select
input	frontend/src/components/dashboard/CreateStrategy.tsx:199	select
input	frontend/src/components/dashboard/CreateStrategy.tsx:205	select
input	frontend/src/components/dashboard/CreateStrategy.tsx:211	input
input	frontend/src/components/dashboard/CreateStrategy.tsx:212	input
input	frontend/src/components/dashboard/CreateStrategy.tsx:213	input
input	frontend/src/components/dashboard/CreateStrategy.tsx:214	input
input	frontend/src/components/dashboard/CreateStrategy.tsx:216	input
input	frontend/src/components/dashboard/CreateStrategy.tsx:217	input
input	frontend/src/components/dashboard/CreateStrategy.tsx:219	select
input	frontend/src/components/dashboard/CreateStrategy.tsx:226	input
input	frontend/src/components/dashboard/CreateStrategy.tsx:227	input
input	frontend/src/components/dashboard/CreateStrategy.tsx:228	input
input	frontend/src/components/dashboard/CreateStrategy.tsx:229	input
input	frontend/src/components/dashboard/CreateStrategy.tsx:232	select
input	frontend/src/components/dashboard/CreateStrategy.tsx:239	select
input	frontend/src/components/dashboard/CreateStrategy.tsx:247	select
input	frontend/src/components/dashboard/CreateStrategy.tsx:255	Checkbox
input	frontend/src/components/dashboard/CreateStrategy.tsx:258	Checkbox
button	frontend/src/components/dashboard/CreateStrategy.tsx:260	Button
input	frontend/src/components/dashboard/CreateStrategy.tsx:276	input
button	frontend/src/components/dashboard/CreateStrategy.tsx:277	Button
export	frontend/src/components/dashboard/DecisionsTab.tsx:23	function DecisionsTab
input	frontend/src/components/dashboard/DecisionsTab.tsx:76	select
input	frontend/src/components/dashboard/DecisionsTab.tsx:87	select
button	frontend/src/components/dashboard/DecisionsTab.tsx:92	Button
button	frontend/src/components/dashboard/DecisionsTab.tsx:120	Button
export	frontend/src/components/dashboard/DecisionsView.tsx:22	function DecisionsView
button	frontend/src/components/dashboard/DecisionsView.tsx:71	Button
input	frontend/src/components/dashboard/DecisionsView.tsx:78	select
input	frontend/src/components/dashboard/DecisionsView.tsx:85	select
input	frontend/src/components/dashboard/DecisionsView.tsx:92	select
input	frontend/src/components/dashboard/DecisionsView.tsx:99	select
input	frontend/src/components/dashboard/DecisionsView.tsx:106	select
input	frontend/src/components/dashboard/DecisionsView.tsx:113	select
testid	frontend/src/components/dashboard/DecisionsView.tsx:140	decisioni-filtri-errore
testid	frontend/src/components/dashboard/DecisionsView.tsx:144	decisioni-errore
testid	frontend/src/components/dashboard/DecisionsView.tsx:147	decisioni-eta-riepilogo
button	frontend/src/components/dashboard/DecisionsView.tsx:158	Button
testid	frontend/src/components/dashboard/DirezioneDashboard.tsx:138	contesto-ritardo
testid	frontend/src/components/dashboard/DirezioneDashboard.tsx:150	contesto-ritardo-nota
button	frontend/src/components/dashboard/DirezioneDashboard.tsx:166	button
testid	frontend/src/components/dashboard/DirezioneDashboard.tsx:194	quota-carta
testid	frontend/src/components/dashboard/DirezioneDashboard.tsx:204	quota-assente
export	frontend/src/components/dashboard/DirezioneDashboard.tsx:300	function DirezioneDashboard
button	frontend/src/components/dashboard/DirezioneDashboard.tsx:342	Button
testid	frontend/src/components/dashboard/DirezioneDashboard.tsx:386	direzione-eta
testid	frontend/src/components/dashboard/DirezioneDashboard.tsx:395	eta-quota
testid	frontend/src/components/dashboard/DirezioneDashboard.tsx:399	eta-quota
export	frontend/src/components/dashboard/DirezioniReport.tsx:105	function DirezioniReport
button	frontend/src/components/dashboard/DirezioniReport.tsx:223	Button
button	frontend/src/components/dashboard/DirezioniReport.tsx:230	Button
input	frontend/src/components/dashboard/DirezioniReport.tsx:241	input
input	frontend/src/components/dashboard/DirezioniReport.tsx:246	input
input	frontend/src/components/dashboard/DirezioniReport.tsx:251	select
input	frontend/src/components/dashboard/DirezioniReport.tsx:260	select
input	frontend/src/components/dashboard/DirezioniReport.tsx:269	Checkbox
input	frontend/src/components/dashboard/DirezioniReport.tsx:275	Checkbox
button	frontend/src/components/dashboard/DirezioniReport.tsx:397	Button
input	frontend/src/components/dashboard/DirezioniReport.tsx:493	select
button	frontend/src/components/dashboard/DirezioniReport.tsx:524	Button
button	frontend/src/components/dashboard/DirezioniReport.tsx:616	Button
export	frontend/src/components/dashboard/EtaDato.tsx:17	function EtaDato
testid	frontend/src/components/dashboard/EtaDato.tsx:21	testId ?? 'eta-dato'
export	frontend/src/components/dashboard/FixtureSelector.tsx:20	function FixtureSelector
button	frontend/src/components/dashboard/FixtureSelector.tsx:76	button
button	frontend/src/components/dashboard/FixtureSelector.tsx:106	button
export	frontend/src/components/dashboard/FixturesSummary.tsx:6	function FixturesSummary
export	frontend/src/components/dashboard/FormString.tsx:3	function FormString
export	frontend/src/components/dashboard/GoalsTabs.tsx:12	function GoalsTabs
button	frontend/src/components/dashboard/GoalsTabs.tsx:30	button
button	frontend/src/components/dashboard/GoalsTabs.tsx:42	button
testid	frontend/src/components/dashboard/GoalsTabs.tsx:107	minuti-assenti
export	frontend/src/components/dashboard/H2HSection.tsx:5	function H2HSection
export	frontend/src/components/dashboard/HeroMatch.tsx:13	function HeroMatch
export	frontend/src/components/dashboard/Last5Card.tsx:6	function Last5Card
export	frontend/src/components/dashboard/LineupsCard.tsx:10	function LineupsCard
button	frontend/src/components/dashboard/LineupsCard.tsx:52	button
export	frontend/src/components/dashboard/MLPanel.tsx:38	function MLPanel
button	frontend/src/components/dashboard/MLPanel.tsx:117	Button
button	frontend/src/components/dashboard/MLPanel.tsx:177	button
testid	frontend/src/components/dashboard/MLPanel.tsx:208	ml-accordo
testid	frontend/src/components/dashboard/MLPanel.tsx:224	ml-voti-divergenti
export	frontend/src/components/dashboard/MarketFrequencyPanel.tsx:78	function MarketFrequencyPanel
button	frontend/src/components/dashboard/MarketFrequencyPanel.tsx:250	Button
button	frontend/src/components/dashboard/MarketFrequencyPanel.tsx:279	button
button	frontend/src/components/dashboard/MarketFrequencyPanel.tsx:292	button
button	frontend/src/components/dashboard/MarketFrequencyPanel.tsx:303	button
button	frontend/src/components/dashboard/MarketFrequencyPanel.tsx:316	button
button	frontend/src/components/dashboard/MarketFrequencyPanel.tsx:325	button
input	frontend/src/components/dashboard/MarketFrequencyPanel.tsx:327	input
testid	frontend/src/components/dashboard/MarketFrequencyPanel.tsx:338	freq-stagioni-errore
button	frontend/src/components/dashboard/MarketFrequencyPanel.tsx:351	button
button	frontend/src/components/dashboard/MarketFrequencyPanel.tsx:360	button
button	frontend/src/components/dashboard/MarketFrequencyPanel.tsx:362	button
button	frontend/src/components/dashboard/MarketFrequencyPanel.tsx:378	button
button	frontend/src/components/dashboard/MarketFrequencyPanel.tsx:393	button
button	frontend/src/components/dashboard/MarketFrequencyPanel.tsx:394	button
testid	frontend/src/components/dashboard/MarketFrequencyPanel.tsx:449	freq-errore
export	frontend/src/components/dashboard/MatchesList.tsx:57	function MatchesList
button	frontend/src/components/dashboard/MatchesList.tsx:279	Button
button	frontend/src/components/dashboard/MatchesList.tsx:290	Button
button	frontend/src/components/dashboard/MatchesList.tsx:312	button
button	frontend/src/components/dashboard/MatchesList.tsx:320	button
button	frontend/src/components/dashboard/MatchesList.tsx:360	Button
input	frontend/src/components/dashboard/MatchesList.tsx:419	Checkbox
button	frontend/src/components/dashboard/MatchesList.tsx:451	Button
button	frontend/src/components/dashboard/MatchesList.tsx:486	Button
button	frontend/src/components/dashboard/MatchesList.tsx:495	Button
export	frontend/src/components/dashboard/PenaltyCard.tsx:4	function PenaltyCard
export	frontend/src/components/dashboard/PoissonPanel.tsx:46	function PoissonPanel
button	frontend/src/components/dashboard/PoissonPanel.tsx:117	Button
button	frontend/src/components/dashboard/PoissonPanel.tsx:199	button
export	frontend/src/components/dashboard/PredictionsCard.tsx:13	function PredictionsCard
export	frontend/src/components/dashboard/ProbBarChart.tsx:7	interface ProbBar
export	frontend/src/components/dashboard/ProbBarChart.tsx:13	function ProbBarChart
export	frontend/src/components/dashboard/ReportisticheTab.tsx:12	function ReportisticheTab
button	frontend/src/components/dashboard/ReportisticheTab.tsx:21	Button
button	frontend/src/components/dashboard/RitardiPanel.tsx:63	button
export	frontend/src/components/dashboard/RitardiPanel.tsx:133	function RitardiPanel
button	frontend/src/components/dashboard/RitardiPanel.tsx:198	Button
button	frontend/src/components/dashboard/RitardiPanel.tsx:227	button
button	frontend/src/components/dashboard/RitardiPanel.tsx:240	button
button	frontend/src/components/dashboard/RitardiPanel.tsx:250	button
button	frontend/src/components/dashboard/RitardiPanel.tsx:251	button
button	frontend/src/components/dashboard/RitardiPanel.tsx:252	button
input	frontend/src/components/dashboard/RitardiPanel.tsx:254	select
testid	frontend/src/components/dashboard/RitardiPanel.tsx:267	ritardi-stagioni-errore
button	frontend/src/components/dashboard/RitardiPanel.tsx:275	button
testid	frontend/src/components/dashboard/RitardiPanel.tsx:283	ritardi-errore
testid	frontend/src/components/dashboard/RitardiPanel.tsx:294	ritardi-periodo
testid	frontend/src/components/dashboard/RitardiPanel.tsx:310	ritardi-avviso-ht
testid	frontend/src/components/dashboard/RitardiPanel.tsx:316	ritardi-avviso-ht
button	frontend/src/components/dashboard/RitardiPanel.tsx:532	button
button	frontend/src/components/dashboard/RitardiPanel.tsx:575	button
export	frontend/src/components/dashboard/TacticalEnginePanel.tsx:73	function TacticalEnginePanel
button	frontend/src/components/dashboard/TacticalEnginePanel.tsx:113	Button
button	frontend/src/components/dashboard/TacticalEnginePanel.tsx:207	button
export	frontend/src/components/dashboard/TeamPanel.tsx:18	function TeamPanel
export	frontend/src/components/landing/AuthSection.tsx:50	const AuthSection
input	frontend/src/components/landing/AuthSection.tsx:155	Input
input	frontend/src/components/landing/AuthSection.tsx:168	Input
input	frontend/src/components/landing/AuthSection.tsx:183	Input
input	frontend/src/components/landing/AuthSection.tsx:197	Input
input	frontend/src/components/landing/AuthSection.tsx:211	Input
input	frontend/src/components/landing/AuthSection.tsx:225	Input
input	frontend/src/components/landing/AuthSection.tsx:239	Input
input	frontend/src/components/landing/AuthSection.tsx:252	Checkbox
button	frontend/src/components/landing/AuthSection.tsx:262	Button
input	frontend/src/components/landing/AuthSection.tsx:291	Input
input	frontend/src/components/landing/AuthSection.tsx:305	Input
button	frontend/src/components/landing/AuthSection.tsx:313	button
button	frontend/src/components/landing/AuthSection.tsx:346	Button
button	frontend/src/components/landing/AuthSection.tsx:384	Button
export	frontend/src/components/landing/DashboardPreview.tsx:13	function DashboardPreview
export	frontend/src/components/landing/FeaturesGrid.tsx:35	function FeaturesGrid
export	frontend/src/components/landing/HeroSection.tsx:9	function HeroSection
button	frontend/src/components/landing/HeroSection.tsx:18	button
button	frontend/src/components/landing/HeroSection.tsx:21	button
button	frontend/src/components/landing/HeroSection.tsx:65	Button
button	frontend/src/components/landing/HeroSection.tsx:72	Button
export	frontend/src/components/landing/LandingFooter.tsx:1	function LandingFooter
export	frontend/src/components/landing/PricingCard.tsx:18	function PricingCard
button	frontend/src/components/landing/PricingCard.tsx:42	Button
export	frontend/src/components/landing/StatsBar.tsx:10	function StatsBar
export	frontend/src/components/landing/SystemWorkflow.tsx:37	function SystemWorkflow
export	frontend/src/components/live/DepthPanel.tsx:161	function DepthPanel
button	frontend/src/components/live/DepthPanel.tsx:206	button
export	frontend/src/components/live/DutchingPanel.tsx:36	type DutchPanelMode
export	frontend/src/components/live/DutchingPanel.tsx:46	interface DutchSelection
export	frontend/src/components/live/DutchingPanel.tsx:68	const DUTCH_FRESH_MS
export	frontend/src/components/live/DutchingPanel.tsx:109	function DutchingPanel
button	frontend/src/components/live/DutchingPanel.tsx:335	button
input	frontend/src/components/live/DutchingPanel.tsx:361	select
input	frontend/src/components/live/DutchingPanel.tsx:375	select
input	frontend/src/components/live/DutchingPanel.tsx:388	Input
input	frontend/src/components/live/DutchingPanel.tsx:395	Input
input	frontend/src/components/live/DutchingPanel.tsx:402	select
input	frontend/src/components/live/DutchingPanel.tsx:411	select
input	frontend/src/components/live/DutchingPanel.tsx:422	Input
input	frontend/src/components/live/DutchingPanel.tsx:462	input
input	frontend/src/components/live/DutchingPanel.tsx:470	Input
input	frontend/src/components/live/DutchingPanel.tsx:478	Input
input	frontend/src/components/live/DutchingPanel.tsx:578	input
button	frontend/src/components/live/DutchingPanel.tsx:594	Button
export	frontend/src/components/live/FlussoStreamBanner.tsx:13	function useFlussoStreamRunner
export	frontend/src/components/live/FlussoStreamBanner.tsx:36	function FlussoStreamAvviso
testid	frontend/src/components/live/FlussoStreamBanner.tsx:46	flusso-stream-runner
testid	frontend/src/components/live/FlussoStreamBanner.tsx:58	flusso-stream-runner
export	frontend/src/components/live/FlussoStreamBanner.tsx:68	function FlussoStreamBanner
storage	frontend/src/components/live/GridView.tsx:121	localStorage getItem key
export	frontend/src/components/live/GridView.tsx:156	function GridView
storage	frontend/src/components/live/GridView.tsx:201	localStorage setItem stakeKey
button	frontend/src/components/live/GridView.tsx:444	button
button	frontend/src/components/live/GridView.tsx:476	button
button	frontend/src/components/live/GridView.tsx:512	button
button	frontend/src/components/live/GridView.tsx:522	button
input	frontend/src/components/live/GridView.tsx:612	input
export	frontend/src/components/live/HabitatCard.tsx:27	function HabitatCard
export	frontend/src/components/live/LadderView.tsx:79	interface LadderSource
export	frontend/src/components/live/LadderView.tsx:86	interface LadderGreenupArgs
export	frontend/src/components/live/LadderView.tsx:100	interface LadderArmRuleArgs
export	frontend/src/components/live/LadderView.tsx:116	interface BotLadderLivello
export	frontend/src/components/live/LadderView.tsx:126	interface BotLadderSelezione
export	frontend/src/components/live/LadderView.tsx:136	interface BotLadderOverlay
export	frontend/src/components/live/LadderView.tsx:141	interface LadderOrderApi
testid	frontend/src/components/live/LadderView.tsx:357	bot-appoggiato
testid	frontend/src/components/live/LadderView.tsx:364	bot-abbinato
export	frontend/src/components/live/LadderView.tsx:435	const GRID_KEYS
export	frontend/src/components/live/LadderView.tsx:443	function refineQueue
export	frontend/src/components/live/LadderView.tsx:474	interface HoverInfo
button	frontend/src/components/live/LadderView.tsx:784	button
button	frontend/src/components/live/LadderView.tsx:810	button
button	frontend/src/components/live/LadderView.tsx:827	button
button	frontend/src/components/live/LadderView.tsx:838	button
input	frontend/src/components/live/LadderView.tsx:852	input
button	frontend/src/components/live/LadderView.tsx:863	button
testid	frontend/src/components/live/LadderView.tsx:884	bot-pnl-selezione
testid	frontend/src/components/live/LadderView.tsx:889	bot-se-vince
testid	frontend/src/components/live/LadderView.tsx:891	bot-se-perde
button	frontend/src/components/live/LadderView.tsx:915	button
button	frontend/src/components/live/LadderView.tsx:989	button
button	frontend/src/components/live/LadderView.tsx:1018	button
button	frontend/src/components/live/LadderView.tsx:1038	button
button	frontend/src/components/live/LadderView.tsx:1069	button
button	frontend/src/components/live/LadderView.tsx:1089	button
testid	frontend/src/components/live/LadderView.tsx:1120	bot-pnl-livello
button	frontend/src/components/live/LadderView.tsx:1140	button
button	frontend/src/components/live/LadderView.tsx:1381	button
input	frontend/src/components/live/LadderView.tsx:1394	select
input	frontend/src/components/live/LadderView.tsx:1399	input
input	frontend/src/components/live/LadderView.tsx:1400	select
input	frontend/src/components/live/LadderView.tsx:1407	select
input	frontend/src/components/live/LadderView.tsx:1411	select
input	frontend/src/components/live/LadderView.tsx:1417	input
input	frontend/src/components/live/LadderView.tsx:1421	select
input	frontend/src/components/live/LadderView.tsx:1426	input
input	frontend/src/components/live/LadderView.tsx:1433	select
button	frontend/src/components/live/LadderView.tsx:1439	button
button	frontend/src/components/live/LadderView.tsx:1452	button
button	frontend/src/components/live/LadderView.tsx:1456	button
export	frontend/src/components/live/LadderView.tsx:1523	function LadderView
button	frontend/src/components/live/LadderView.tsx:2414	button
input	frontend/src/components/live/LadderView.tsx:2427	input
button	frontend/src/components/live/LadderView.tsx:2450	button
button	frontend/src/components/live/LadderView.tsx:2472	button
button	frontend/src/components/live/LadderView.tsx:2499	button
button	frontend/src/components/live/LadderView.tsx:2519	button
button	frontend/src/components/live/LadderView.tsx:2542	button
button	frontend/src/components/live/LadderView.tsx:2563	button
button	frontend/src/components/live/LadderView.tsx:2583	button
input	frontend/src/components/live/LadderView.tsx:2596	input
button	frontend/src/components/live/LadderView.tsx:2608	button
button	frontend/src/components/live/LadderView.tsx:2617	button
button	frontend/src/components/live/LadderView.tsx:2641	button
button	frontend/src/components/live/LadderView.tsx:2654	button
input	frontend/src/components/live/LadderView.tsx:2666	input
input	frontend/src/components/live/LadderView.tsx:2673	input
button	frontend/src/components/live/LadderView.tsx:2683	button
input	frontend/src/components/live/LadderView.tsx:2695	input
input	frontend/src/components/live/LadderView.tsx:2702	input
button	frontend/src/components/live/LadderView.tsx:2712	button
input	frontend/src/components/live/LadderView.tsx:2724	input
button	frontend/src/components/live/LadderView.tsx:2736	button
input	frontend/src/components/live/LadderView.tsx:2748	input
button	frontend/src/components/live/LadderView.tsx:2759	button
input	frontend/src/components/live/LadderView.tsx:2771	input
input	frontend/src/components/live/LadderView.tsx:2778	input
button	frontend/src/components/live/LadderView.tsx:2787	button
button	frontend/src/components/live/LadderView.tsx:2858	button
button	frontend/src/components/live/LadderView.tsx:2867	button
button	frontend/src/components/live/LadderView.tsx:2904	button
export	frontend/src/components/live/LiveAlertBanner.tsx:20	function LiveAlertBanner
button	frontend/src/components/live/LiveAlertBanner.tsx:68	button
export	frontend/src/components/live/LiveControlsPanel.tsx:57	function LiveControlsPanel
button	frontend/src/components/live/LiveControlsPanel.tsx:232	Button
button	frontend/src/components/live/LiveControlsPanel.tsx:245	button
input	frontend/src/components/live/LiveControlsPanel.tsx:326	Input
input	frontend/src/components/live/LiveControlsPanel.tsx:332	Input
input	frontend/src/components/live/LiveControlsPanel.tsx:338	Input
input	frontend/src/components/live/LiveControlsPanel.tsx:344	Input
input	frontend/src/components/live/LiveControlsPanel.tsx:350	Input
input	frontend/src/components/live/LiveControlsPanel.tsx:357	Input
input	frontend/src/components/live/LiveControlsPanel.tsx:364	Input
button	frontend/src/components/live/LiveControlsPanel.tsx:375	Button
button	frontend/src/components/live/LiveMarketBoard.tsx:30	button
export	frontend/src/components/live/LiveMarketBoard.tsx:118	function LiveMarketBoard
button	frontend/src/components/live/LiveMarketBoard.tsx:158	button
export	frontend/src/components/live/LiveMatchCard.tsx:23	function LiveMatchCard
testid	frontend/src/components/live/LiveMatchCard.tsx:44	origine-follow
export	frontend/src/components/live/LiveSignalPanel.tsx:92	function LiveSignalPanel
export	frontend/src/components/live/LiveTradingPanel.tsx:33	type PanelMode
export	frontend/src/components/live/LiveTradingPanel.tsx:89	function LiveTradingPanel
button	frontend/src/components/live/LiveTradingPanel.tsx:299	button
button	frontend/src/components/live/LiveTradingPanel.tsx:312	Button
input	frontend/src/components/live/LiveTradingPanel.tsx:331	select
input	frontend/src/components/live/LiveTradingPanel.tsx:340	Input
input	frontend/src/components/live/LiveTradingPanel.tsx:346	Input
input	frontend/src/components/live/LiveTradingPanel.tsx:351	select
input	frontend/src/components/live/LiveTradingPanel.tsx:358	Input
input	frontend/src/components/live/LiveTradingPanel.tsx:364	Input
input	frontend/src/components/live/LiveTradingPanel.tsx:370	select
input	frontend/src/components/live/LiveTradingPanel.tsx:382	select
input	frontend/src/components/live/LiveTradingPanel.tsx:392	Input
input	frontend/src/components/live/LiveTradingPanel.tsx:403	input
input	frontend/src/components/live/LiveTradingPanel.tsx:411	Input
input	frontend/src/components/live/LiveTradingPanel.tsx:417	input
input	frontend/src/components/live/LiveTradingPanel.tsx:451	input
button	frontend/src/components/live/LiveTradingPanel.tsx:457	Button
button	frontend/src/components/live/LiveTradingPanel.tsx:518	button
button	frontend/src/components/live/LiveTradingPanel.tsx:522	button
testid	frontend/src/components/live/LiveTradingPanel.tsx:543	ltp-fonte-posizioni
export	frontend/src/components/live/MiniPriceChart.tsx:19	function MiniPriceChart
export	frontend/src/components/live/PlaceConfirmDialog.tsx:32	function PlaceConfirmDialog
input	frontend/src/components/live/PlaceConfirmDialog.tsx:75	input
button	frontend/src/components/live/PlaceConfirmDialog.tsx:117	button
button	frontend/src/components/live/PlaceConfirmDialog.tsx:125	button
export	frontend/src/components/live/PriceAxisBar.tsx:16	function PriceAxisBar
export	frontend/src/components/live/RiskRulesPanel.tsx:30	type RiskPanelMode
export	frontend/src/components/live/RiskRulesPanel.tsx:157	function RiskRulesPanel
button	frontend/src/components/live/RiskRulesPanel.tsx:450	button
button	frontend/src/components/live/RiskRulesPanel.tsx:463	Button
input	frontend/src/components/live/RiskRulesPanel.tsx:491	select
input	frontend/src/components/live/RiskRulesPanel.tsx:500	Input
input	frontend/src/components/live/RiskRulesPanel.tsx:506	Input
input	frontend/src/components/live/RiskRulesPanel.tsx:511	select
input	frontend/src/components/live/RiskRulesPanel.tsx:521	select
input	frontend/src/components/live/RiskRulesPanel.tsx:531	Input
input	frontend/src/components/live/RiskRulesPanel.tsx:537	Input
input	frontend/src/components/live/RiskRulesPanel.tsx:543	select
input	frontend/src/components/live/RiskRulesPanel.tsx:557	Input
input	frontend/src/components/live/RiskRulesPanel.tsx:569	Input
input	frontend/src/components/live/RiskRulesPanel.tsx:581	select
input	frontend/src/components/live/RiskRulesPanel.tsx:590	select
input	frontend/src/components/live/RiskRulesPanel.tsx:601	Input
input	frontend/src/components/live/RiskRulesPanel.tsx:612	select
input	frontend/src/components/live/RiskRulesPanel.tsx:628	Input
input	frontend/src/components/live/RiskRulesPanel.tsx:641	input
input	frontend/src/components/live/RiskRulesPanel.tsx:665	input
button	frontend/src/components/live/RiskRulesPanel.tsx:675	Button
button	frontend/src/components/live/RiskRulesPanel.tsx:745	button
export	frontend/src/components/live/ScalperPanel.tsx:67	function ScalperPanel
button	frontend/src/components/live/ScalperPanel.tsx:385	Button
button	frontend/src/components/live/ScalperPanel.tsx:398	button
input	frontend/src/components/live/ScalperPanel.tsx:417	Input
input	frontend/src/components/live/ScalperPanel.tsx:424	Checkbox
input	frontend/src/components/live/ScalperPanel.tsx:430	Checkbox
input	frontend/src/components/live/ScalperPanel.tsx:440	Checkbox
input	frontend/src/components/live/ScalperPanel.tsx:453	Checkbox
input	frontend/src/components/live/ScalperPanel.tsx:470	Input
input	frontend/src/components/live/ScalperPanel.tsx:479	Checkbox
input	frontend/src/components/live/ScalperPanel.tsx:493	Checkbox
input	frontend/src/components/live/ScalperPanel.tsx:514	Input
input	frontend/src/components/live/ScalperPanel.tsx:522	select
input	frontend/src/components/live/ScalperPanel.tsx:536	Input
input	frontend/src/components/live/ScalperPanel.tsx:545	Input
input	frontend/src/components/live/ScalperPanel.tsx:555	Checkbox
input	frontend/src/components/live/ScalperPanel.tsx:577	select
input	frontend/src/components/live/ScalperPanel.tsx:599	Input
input	frontend/src/components/live/ScalperPanel.tsx:615	Input
button	frontend/src/components/live/ScalperPanel.tsx:622	button
input	frontend/src/components/live/ScalperPanel.tsx:631	Checkbox
input	frontend/src/components/live/ScalperPanel.tsx:662	Input
button	frontend/src/components/live/ScalperPanel.tsx:676	button
button	frontend/src/components/live/ScalperPanel.tsx:686	Button
button	frontend/src/components/live/ScalperPanel.tsx:695	Button
button	frontend/src/components/live/ScalperPanel.tsx:704	Button
button	frontend/src/components/live/ScalperPanel.tsx:849	Button
button	frontend/src/components/live/ScalperPanel.tsx:944	Button
export	frontend/src/components/live/SelectionChartPanel.tsx:80	function SelectionChartPanel
input	frontend/src/components/live/SelectionChartPanel.tsx:191	select
button	frontend/src/components/live/SelectionChartPanel.tsx:205	button
export	frontend/src/components/live/StandaloneLadder.tsx:80	function StandaloneLadder
export	frontend/src/components/live/TerminalPositionsRail.tsx:51	function TerminalPositionsRail
testid	frontend/src/components/live/TerminalPositionsRail.tsx:166	rail-fonte-posizioni
button	frontend/src/components/live/TerminalPositionsRail.tsx:236	button
export	frontend/src/components/live/XHedgePanel.tsx:42	type XHedgePanelMode
export	frontend/src/components/live/XHedgePanel.tsx:162	function XHedgePanel
testid	frontend/src/components/live/XHedgePanel.tsx:403	xhedge-fonte
input	frontend/src/components/live/XHedgePanel.tsx:542	input
button	frontend/src/components/live/XHedgePanel.tsx:552	Button
button	frontend/src/components/live/XHedgePanel.tsx:621	Button
input	frontend/src/components/live/XHedgePanel.tsx:632	input
input	frontend/src/components/live/XHedgePanel.tsx:642	input
input	frontend/src/components/live/XHedgePanel.tsx:653	input
button	frontend/src/components/live/XHedgePanel.tsx:660	Button
export	frontend/src/components/mike/MikeCashOutButton.tsx:23	const MIKE_LIVE_ARM_TIMEOUT_MS
export	frontend/src/components/mike/MikeCashOutButton.tsx:25	interface MikeCashOutButtonProps
export	frontend/src/components/mike/MikeCashOutButton.tsx:51	function MikeCashOutButton
button	frontend/src/components/mike/MikeCashOutButton.tsx:110	Button
testid	frontend/src/components/mike/MikeCashOutButton.tsx:116	testId
testid	frontend/src/components/mike/MikeCashOutButton.tsx:139	mike-cashout-disabled
testid	frontend/src/components/mike/MikeCashOutButton.tsx:147	mike-cashout-off-reason
testid	frontend/src/components/mike/MikeCashOutButton.tsx:151	mike-cashout-dialog
testid	frontend/src/components/mike/MikeCashOutButton.tsx:169	mike-cashout-dialog-net
testid	frontend/src/components/mike/MikeCashOutButton.tsx:181	mike-cashout-breakdown
testid	frontend/src/components/mike/MikeCashOutButton.tsx:194	mike-cashout-last
testid	frontend/src/components/mike/MikeCashOutButton.tsx:208	mike-cashout-blocked
testid	frontend/src/components/mike/MikeCashOutButton.tsx:218	mike-cashout-error
button	frontend/src/components/mike/MikeCashOutButton.tsx:228	Button
button	frontend/src/components/mike/MikeCashOutButton.tsx:229	Button
testid	frontend/src/components/mike/MikeCashOutButton.tsx:231	mike-cashout-confirm
testid	frontend/src/components/mike/MikeEventPnlTable.tsx:80	regolamento-${t.id}
export	frontend/src/components/mike/MikeEventPnlTable.tsx:88	interface MikeEventPnlTableProps
export	frontend/src/components/mike/MikeEventPnlTable.tsx:110	function MikeEventPnlTable
export	frontend/src/components/mike/MikeMatchCard.tsx:50	interface MikeMatchCardProps
export	frontend/src/components/mike/MikeMatchCard.tsx:85	function smartLabel
export	frontend/src/components/mike/MikeMatchCard.tsx:97	function lossExitLabel
export	frontend/src/components/mike/MikeMatchCard.tsx:111	function coverWaitLabel
export	frontend/src/components/mike/MikeMatchCard.tsx:128	function positionTicks
testid	frontend/src/components/mike/MikeMatchCard.tsx:169	mike-awaiting-kickoff
testid	frontend/src/components/mike/MikeMatchCard.tsx:177	mike-countdown
testid	frontend/src/components/mike/MikeMatchCard.tsx:206	testId
testid	frontend/src/components/mike/MikeMatchCard.tsx:232	mike-goals-histogram
testid	frontend/src/components/mike/MikeMatchCard.tsx:238	mike-goals-histogram
testid	frontend/src/components/mike/MikeMatchCard.tsx:252	mike-goals-bar-${k}
testid	frontend/src/components/mike/MikeMatchCard.tsx:280	testId
testid	frontend/src/components/mike/MikeMatchCard.tsx:287	mike-market-status
export	frontend/src/components/mike/MikeMatchCard.tsx:316	function cycleText
export	frontend/src/components/mike/MikeMatchCard.tsx:355	const MIKE_FLATTEN_ARM_TIMEOUT_MS
export	frontend/src/components/mike/MikeMatchCard.tsx:357	function MikeFlattenButton
button	frontend/src/components/mike/MikeMatchCard.tsx:406	Button
testid	frontend/src/components/mike/MikeMatchCard.tsx:410	mike-flatten-btn
testid	frontend/src/components/mike/MikeMatchCard.tsx:416	mike-flatten-dialog
testid	frontend/src/components/mike/MikeMatchCard.tsx:435	mike-flatten-net
testid	frontend/src/components/mike/MikeMatchCard.tsx:456	mike-flatten-blocked
testid	frontend/src/components/mike/MikeMatchCard.tsx:466	mike-flatten-error
button	frontend/src/components/mike/MikeMatchCard.tsx:476	Button
button	frontend/src/components/mike/MikeMatchCard.tsx:477	Button
testid	frontend/src/components/mike/MikeMatchCard.tsx:479	mike-flatten-confirm
testid	frontend/src/components/mike/MikeMatchCard.tsx:588	mike-match-card
testid	frontend/src/components/mike/MikeMatchCard.tsx:596	mike-score
testid	frontend/src/components/mike/MikeMatchCard.tsx:636	mike-phase
testid	frontend/src/components/mike/MikeMatchCard.tsx:642	mike-feed-age
testid	frontend/src/components/mike/MikeMatchCard.tsx:645	mike-feed-age
testid	frontend/src/components/mike/MikeMatchCard.tsx:654	mike-phase-what
testid	frontend/src/components/mike/MikeMatchCard.tsx:659	mike-alerts
testid	frontend/src/components/mike/MikeMatchCard.tsx:661	mike-lines-missing
testid	frontend/src/components/mike/MikeMatchCard.tsx:667	mike-flatten-pending
testid	frontend/src/components/mike/MikeMatchCard.tsx:672	mike-void
testid	frontend/src/components/mike/MikeMatchCard.tsx:679	mike-reconcile
testid	frontend/src/components/mike/MikeMatchCard.tsx:684	mike-no-reentry
testid	frontend/src/components/mike/MikeMatchCard.tsx:700	mike-model
testid	frontend/src/components/mike/MikeMatchCard.tsx:703	mike-model-missing
testid	frontend/src/components/mike/MikeMatchCard.tsx:708	mike-model
testid	frontend/src/components/mike/MikeMatchCard.tsx:733	mike-pressure
testid	frontend/src/components/mike/MikeMatchCard.tsx:734	mike-pressure
testid	frontend/src/components/mike/MikeMatchCard.tsx:735	mike-lambda
testid	frontend/src/components/mike/MikeMatchCard.tsx:747	mike-quotes
testid	frontend/src/components/mike/MikeMatchCard.tsx:776	mike-meta-line
testid	frontend/src/components/mike/MikeMatchCard.tsx:781	mike-volume
testid	frontend/src/components/mike/MikeMatchCard.tsx:794	mike-ko-price
testid	frontend/src/components/mike/MikeMatchCard.tsx:809	mike-cycle
testid	frontend/src/components/mike/MikeMatchCard.tsx:817	mike-cicli-chiusi
testid	frontend/src/components/mike/MikeMatchCard.tsx:831	mike-regolato
testid	frontend/src/components/mike/MikeMatchCard.tsx:833	mike-regolato-fonte
testid	frontend/src/components/mike/MikeMatchCard.tsx:839	mike-positions
testid	frontend/src/components/mike/MikeMatchCard.tsx:876	mike-pos-row
testid	frontend/src/components/mike/MikeMatchCard.tsx:881	mike-pos-rest
testid	frontend/src/components/mike/MikeMatchCard.tsx:919	mike-pos-locked
testid	frontend/src/components/mike/MikeMatchCard.tsx:934	mike-orders
testid	frontend/src/components/mike/MikeMatchCard.tsx:937	mike-pending
testid	frontend/src/components/mike/MikeMatchCard.tsx:946	mike-order-row
testid	frontend/src/components/mike/MikeMatchCard.tsx:971	mike-pnl-by-total
testid	frontend/src/components/mike/MikeMatchCard.tsx:979	pnl-total-${c.total}
testid	frontend/src/components/mike/MikeMatchCard.tsx:993	mike-liability
testid	frontend/src/components/mike/MikeMatchCard.tsx:1004	mike-liability
testid	frontend/src/components/mike/MikeMatchCard.tsx:1007	mike-locked
testid	frontend/src/components/mike/MikeMatchCard.tsx:1026	mike-cashout-value
testid	frontend/src/components/mike/MikeMatchCard.tsx:1030	mike-cashout-value
testid	frontend/src/components/mike/MikeMatchCard.tsx:1036	mike-cashout-value
testid	frontend/src/components/mike/MikeMatchCard.tsx:1056	mike-cashout-eseguibile
testid	frontend/src/components/mike/MikeMatchCard.tsx:1069	mike-cashout-smart
testid	frontend/src/components/mike/MikeMatchCard.tsx:1072	mike-loss-exit
testid	frontend/src/components/mike/MikeMatchCard.tsx:1075	mike-cover-wait
testid	frontend/src/components/mike/MikeMatchCard.tsx:1081	mike-request-outcome
button	frontend/src/components/mike/MikeMatchCard.tsx:1107	Button
testid	frontend/src/components/mike/MikeMatchCard.tsx:1111	mike-cancel-btn
button	frontend/src/components/mike/MikeMatchCard.tsx:1126	Button
testid	frontend/src/components/mike/MikeMatchCard.tsx:1130	mike-skip-btn
button	frontend/src/components/mike/MikeMatchCard.tsx:1134	Button
testid	frontend/src/components/mike/MikeMatchCard.tsx:1138	mike-resume-btn
export	frontend/src/components/mike/MikeMatchCard.tsx:1158	const MikeMatchCard
export	frontend/src/components/mike/MikeParamsSheet.tsx:30	interface MikeParamsSheetProps
export	frontend/src/components/mike/MikeParamsSheet.tsx:36	function MikeParamsSheet
export	frontend/src/components/mike/useMike.ts:35	const RELOAD_DEBOUNCE_MS
export	frontend/src/components/mike/useMike.ts:37	interface MikeView
export	frontend/src/components/mike/useMike.ts:76	interface MikeHandlers
export	frontend/src/components/mike/useMike.ts:80	function useMike
export	frontend/src/components/mike/useMikeClock.ts:33	function useSecondTick
export	frontend/src/components/mike/useMikeEventoAlMs.ts:25	interface CanaleEventiMike
export	frontend/src/components/mike/useMikeEventoAlMs.ts:42	function useMikeEventoAlMs
export	frontend/src/components/omega/ManualPanel.tsx:29	const MANUAL_BOOK_STALE_S
export	frontend/src/components/omega/ManualPanel.tsx:35	const OMEGA_MIN_STAKE
export	frontend/src/components/omega/ManualPanel.tsx:38	function runnerStatusLabel
export	frontend/src/components/omega/ManualPanel.tsx:52	const MANUAL_STATUS_LABEL
export	frontend/src/components/omega/ManualPanel.tsx:56	const MANUAL_KIND_LABEL
export	frontend/src/components/omega/ManualPanel.tsx:83	function manualRequestText
export	frontend/src/components/omega/ManualPanel.tsx:126	function eUnaUscitaApprovata
export	frontend/src/components/omega/ManualPanel.tsx:137	function manualRequestWhen
export	frontend/src/components/omega/ManualPanel.tsx:153	function ManualPanel
button	frontend/src/components/omega/ManualPanel.tsx:371	Button
input	frontend/src/components/omega/ManualPanel.tsx:376	select
testid	frontend/src/components/omega/ManualPanel.tsx:385	manual-events-note
button	frontend/src/components/omega/ManualPanel.tsx:406	Button
input	frontend/src/components/omega/ManualPanel.tsx:411	select
button	frontend/src/components/omega/ManualPanel.tsx:422	Button
button	frontend/src/components/omega/ManualPanel.tsx:434	button
button	frontend/src/components/omega/ManualPanel.tsx:435	button
button	frontend/src/components/omega/ManualPanel.tsx:438	button
button	frontend/src/components/omega/ManualPanel.tsx:439	button
testid	frontend/src/components/omega/ManualPanel.tsx:443	manual-mode-mismatch
input	frontend/src/components/omega/ManualPanel.tsx:456	input
button	frontend/src/components/omega/ManualPanel.tsx:462	button
button	frontend/src/components/omega/ManualPanel.tsx:463	button
input	frontend/src/components/omega/ManualPanel.tsx:471	input
input	frontend/src/components/omega/ManualPanel.tsx:477	input
testid	frontend/src/components/omega/ManualPanel.tsx:483	manual-preview-stake
testid	frontend/src/components/omega/ManualPanel.tsx:485	manual-preview-liability
testid	frontend/src/components/omega/ManualPanel.tsx:489	manual-book-stale
testid	frontend/src/components/omega/ManualPanel.tsx:495	manual-place-block
testid	frontend/src/components/omega/ManualPanel.tsx:498	manual-matchable
button	frontend/src/components/omega/ManualPanel.tsx:506	Button
testid	frontend/src/components/omega/ManualPanel.tsx:528	manual-book-age
button	frontend/src/components/omega/ManualPanel.tsx:537	Button
testid	frontend/src/components/omega/ManualPanel.tsx:555	manual-runner
testid	frontend/src/components/omega/ManualPanel.tsx:559	manual-runner-status
testid	frontend/src/components/omega/ManualPanel.tsx:568	manual-liq-back
testid	frontend/src/components/omega/ManualPanel.tsx:571	manual-liq-lay
button	frontend/src/components/omega/ManualPanel.tsx:575	Button
testid	frontend/src/components/omega/ManualPanel.tsx:593	manual-request
testid	frontend/src/components/omega/ManualPanel.tsx:600	manual-request-detail
button	frontend/src/components/omega/ManualPanel.tsx:634	Button
button	frontend/src/components/omega/ManualPanel.tsx:635	Button
export	frontend/src/components/omega/MatchTradesTable.tsx:55	const FEED_STALE_S
export	frontend/src/components/omega/MatchTradesTable.tsx:77	interface StatusInput
export	frontend/src/components/omega/MatchTradesTable.tsx:111	function legStatusBadge
export	frontend/src/components/omega/MatchTradesTable.tsx:158	function statusBadge
export	frontend/src/components/omega/MatchTradesTable.tsx:176	function closeNowPnl
export	frontend/src/components/omega/MatchTradesTable.tsx:194	function legCloseNow
export	frontend/src/components/omega/MatchTradesTable.tsx:218	function omegaCloseNowTotal
export	frontend/src/components/omega/MatchTradesTable.tsx:240	interface MatchTradesTableProps
testid	frontend/src/components/omega/MatchTradesTable.tsx:272	omega-feed-age
testid	frontend/src/components/omega/MatchTradesTable.tsx:282	omega-feed-age
testid	frontend/src/components/omega/MatchTradesTable.tsx:306	omega-leg-${kind}
testid	frontend/src/components/omega/MatchTradesTable.tsx:379	omega-leg-${kind}
testid	frontend/src/components/omega/MatchTradesTable.tsx:383	omega-side
testid	frontend/src/components/omega/MatchTradesTable.tsx:391	omega-entry-price
testid	frontend/src/components/omega/MatchTradesTable.tsx:412	omega-model-p
testid	frontend/src/components/omega/MatchTradesTable.tsx:428	omega-leg-live
testid	frontend/src/components/omega/MatchTradesTable.tsx:440	omega-close-now
testid	frontend/src/components/omega/MatchTradesTable.tsx:446	omega-close-now
testid	frontend/src/components/omega/MatchTradesTable.tsx:454	omega-status
testid	frontend/src/components/omega/MatchTradesTable.tsx:458	omega-leg-pnl
testid	frontend/src/components/omega/MatchTradesTable.tsx:461	omega-locked-pnl
testid	frontend/src/components/omega/MatchTradesTable.tsx:466	omega-leg-partial
testid	frontend/src/components/omega/MatchTradesTable.tsx:471	omega-leg-open
testid	frontend/src/components/omega/MatchTradesTable.tsx:477	omega-greenup-badge
testid	frontend/src/components/omega/MatchTradesTable.tsx:486	omega-position-result
testid	frontend/src/components/omega/MatchTradesTable.tsx:493	day-trade-live
button	frontend/src/components/omega/MatchTradesTable.tsx:493	Button
testid	frontend/src/components/omega/MatchTradesTable.tsx:499	omega-exit-reason
testid	frontend/src/components/omega/MatchTradesTable.tsx:502	omega-greenup-reason
testid	frontend/src/components/omega/MatchTradesTable.tsx:505	omega-terminal-error
testid	frontend/src/components/omega/MatchTradesTable.tsx:522	omega-closing-line
testid	frontend/src/components/omega/MatchTradesTable.tsx:541	omega-residual-note
testid	frontend/src/components/omega/MatchTradesTable.tsx:586	omega-result-${label}
export	frontend/src/components/omega/MatchTradesTable.tsx:602	function MatchTradesTable
testid	frontend/src/components/omega/MatchTradesTable.tsx:611	omega-matches-empty
testid	frontend/src/components/omega/MatchTradesTable.tsx:618	omega-matches-table
testid	frontend/src/components/omega/MatchTradesTable.tsx:643	omega-match-row
testid	frontend/src/components/omega/MatchTradesTable.tsx:653	omega-live-score
testid	frontend/src/components/omega/MatchTradesTable.tsx:681	omega-match-pnl
testid	frontend/src/components/omega/MatchTradesTable.tsx:683	omega-match-pnl
testid	frontend/src/components/omega/MatchTradesTable.tsx:689	omega-match-reconciling
export	frontend/src/components/omega/MatchTradesTable.tsx:707	function matchesTitle
export	frontend/src/components/omega/MissionCard.tsx:59	function missionTradeStatus
export	frontend/src/components/omega/MissionCard.tsx:74	function missionTradeValue
export	frontend/src/components/omega/MissionCard.tsx:159	const MISSION_LIVE_STALE_S
export	frontend/src/components/omega/MissionCard.tsx:162	const MISSION_COMMISSION
export	frontend/src/components/omega/MissionCard.tsx:165	const MISSION_MIN_LAY_STAKE
export	frontend/src/components/omega/MissionCard.tsx:167	function MissionCard
testid	frontend/src/components/omega/MissionCard.tsx:402	mission-lay-price
testid	frontend/src/components/omega/MissionCard.tsx:418	mission-lay-price-age
testid	frontend/src/components/omega/MissionCard.tsx:424	mission-lay-liq
input	frontend/src/components/omega/MissionCard.tsx:431	input
button	frontend/src/components/omega/MissionCard.tsx:437	Button
testid	frontend/src/components/omega/MissionCard.tsx:464	mission-place-block
testid	frontend/src/components/omega/MissionCard.tsx:484	mission-leg-risk
testid	frontend/src/components/omega/MissionCard.tsx:509	mission-leg-trade
testid	frontend/src/components/omega/MissionCard.tsx:511	mission-trade-status
testid	frontend/src/components/omega/MissionCard.tsx:520	mission-trade-value
testid	frontend/src/components/omega/MissionCard.tsx:551	mission-scalper-status
button	frontend/src/components/omega/MissionCard.tsx:584	Button
input	frontend/src/components/omega/MissionCard.tsx:590	select
button	frontend/src/components/omega/MissionCard.tsx:601	Button
button	frontend/src/components/omega/MissionCard.tsx:628	Button
button	frontend/src/components/omega/MissionCard.tsx:631	Button
testid	frontend/src/components/omega/MissionCard.tsx:635	mission-error
testid	frontend/src/components/omega/MissionCard.tsx:650	mission-footer-trade
testid	frontend/src/components/omega/MissionCard.tsx:654	mission-trade-status
testid	frontend/src/components/omega/MissionCard.tsx:655	mission-trade-value
testid	frontend/src/components/omega/MissionCard.tsx:694	mission-draft-net
button	frontend/src/components/omega/MissionCard.tsx:706	Button
button	frontend/src/components/omega/MissionCard.tsx:707	Button
button	frontend/src/components/omega/MissionPanel.tsx:157	Button
button	frontend/src/components/omega/MissionPanel.tsx:166	Button
button	frontend/src/components/omega/MissionPanel.tsx:178	Button
export	frontend/src/components/omega/MissionPanel.tsx:233	function MissionPanel
button	frontend/src/components/omega/MissionPanel.tsx:607	button
button	frontend/src/components/omega/MissionPanel.tsx:608	Button
button	frontend/src/components/omega/MissionPanel.tsx:713	Button
button	frontend/src/components/omega/MissionPanel.tsx:759	Button
input	frontend/src/components/omega/MissionPanel.tsx:781	input
button	frontend/src/components/omega/MissionPanel.tsx:787	Button
testid	frontend/src/components/omega/MissionPanel.tsx:791	mission-save-goal
testid	frontend/src/components/omega/MissionPanel.tsx:798	mission-goal-dirty
testid	frontend/src/components/omega/MissionPanel.tsx:807	mission-events-count
testid	frontend/src/components/omega/MissionPanel.tsx:818	mission-target-match
testid	frontend/src/components/omega/MissionPanel.tsx:821	mission-target-source
input	frontend/src/components/omega/MissionPanel.tsx:836	input
button	frontend/src/components/omega/MissionPanel.tsx:839	Button
testid	frontend/src/components/omega/MissionPanel.tsx:854	mission-day-note
testid	frontend/src/components/omega/MissionPanel.tsx:856	mission-day-realized
testid	frontend/src/components/omega/MissionPanel.tsx:897	mission-events-empty
input	frontend/src/components/omega/MissionPanel.tsx:928	input
testid	frontend/src/components/omega/MissionPanel.tsx:933	mission-target-note
button	frontend/src/components/omega/MissionPanel.tsx:936	Button
button	frontend/src/components/omega/MissionPanel.tsx:937	Button
export	frontend/src/components/omega/OmegaParamsSheet.tsx:46	interface OmegaParamsSheetProps
export	frontend/src/components/omega/OmegaParamsSheet.tsx:57	function OmegaParamsSheet
testid	frontend/src/components/omega/OmegaParamsSheet.tsx:108	omega-params-obbligatorio
export	frontend/src/components/omega/PartiteChiuseDallUtente.tsx:33	interface PartiteChiuseDallUtenteProps
export	frontend/src/components/omega/PartiteChiuseDallUtente.tsx:41	function PartiteChiuseDallUtente
testid	frontend/src/components/omega/PartiteChiuseDallUtente.tsx:78	omega-chiuse-dall-utente
testid	frontend/src/components/omega/PartiteChiuseDallUtente.tsx:84	omega-chiuse-errore
testid	frontend/src/components/omega/PartiteChiuseDallUtente.tsx:96	omega-chiusa-riga
button	frontend/src/components/omega/PartiteChiuseDallUtente.tsx:102	Button
testid	frontend/src/components/omega/PartiteChiuseDallUtente.tsx:107	omega-riprendi-${r.event_id}
export	frontend/src/components/replay/ApplicaBotPanel.tsx:31	interface ApplicaBotPanelProps
export	frontend/src/components/replay/ApplicaBotPanel.tsx:73	function ApplicaBotPanel
testid	frontend/src/components/replay/ApplicaBotPanel.tsx:158	applica-bot
input	frontend/src/components/replay/ApplicaBotPanel.tsx:161	select
testid	frontend/src/components/replay/ApplicaBotPanel.tsx:167	applica-bot-bot
input	frontend/src/components/replay/ApplicaBotPanel.tsx:180	select
testid	frontend/src/components/replay/ApplicaBotPanel.tsx:186	applica-bot-scenario
testid	frontend/src/components/replay/ApplicaBotPanel.tsx:198	applica-bot-modalita
button	frontend/src/components/replay/ApplicaBotPanel.tsx:200	Button
button	frontend/src/components/replay/ApplicaBotPanel.tsx:211	Button
testid	frontend/src/components/replay/ApplicaBotPanel.tsx:217	applica-bot-avvia
testid	frontend/src/components/replay/ApplicaBotPanel.tsx:221	stato-applica-bot
testid	frontend/src/components/replay/ApplicaBotPanel.tsx:226	applica-bot-mercati-registrati
testid	frontend/src/components/replay/ApplicaBotPanel.tsx:231	applica-bot-mercato-mancante
testid	frontend/src/components/replay/ApplicaBotPanel.tsx:236	applica-bot-disattivato
testid	frontend/src/components/replay/ApplicaBotPanel.tsx:242	applica-bot-descrizione
input	frontend/src/components/replay/ApplicaBotPanel.tsx:245	Checkbox
testid	frontend/src/components/replay/ApplicaBotPanel.tsx:247	applica-bot-accendi
testid	frontend/src/components/replay/ApplicaBotPanel.tsx:252	applica-bot-istante
testid	frontend/src/components/replay/ApplicaBotPanel.tsx:258	applica-bot-clic
button	frontend/src/components/replay/ApplicaBotPanel.tsx:259	Button
testid	frontend/src/components/replay/ApplicaBotPanel.tsx:263	applica-bot-attiva-adesso
testid	frontend/src/components/replay/ApplicaBotPanel.tsx:269	applica-bot-clic-voce
button	frontend/src/components/replay/ApplicaBotPanel.tsx:272	button
testid	frontend/src/components/replay/ApplicaBotPanel.tsx:278	applica-bot-clic-pendenti
export	frontend/src/components/replay/AvvisoCoerenzaBarra.tsx:23	interface AvvisoCoerenzaBarraProps
export	frontend/src/components/replay/AvvisoCoerenzaBarra.tsx:44	function AvvisoCoerenzaBarra
testid	frontend/src/components/replay/AvvisoCoerenzaBarra.tsx:62	avviso-coerenza-barra
testid	frontend/src/components/replay/AvvisoCoerenzaBarra.tsx:78	avviso-coerenza-voce
testid	frontend/src/components/replay/AvvisoCoerenzaBarra.tsx:94	avviso-coerenza-altre
export	frontend/src/components/replay/BotOrdersPanel.tsx:13	function BotOrdersPanel
testid	frontend/src/components/replay/BotOrdersPanel.tsx:24	ordini-bot
input	frontend/src/components/replay/BotOrdersPanel.tsx:28	input
testid	frontend/src/components/replay/BotOrdersPanel.tsx:46	ordine-bot-riga
export	frontend/src/components/replay/EsitoBotPanel.tsx:24	interface EsitoBotPanelProps
export	frontend/src/components/replay/EsitoBotPanel.tsx:41	function righeCambiati
export	frontend/src/components/replay/EsitoBotPanel.tsx:50	function EsitoBotPanel
testid	frontend/src/components/replay/EsitoBotPanel.tsx:59	esito-bot
testid	frontend/src/components/replay/EsitoBotPanel.tsx:61	esito-bot-intestazione
testid	frontend/src/components/replay/EsitoBotPanel.tsx:65	esito-bot-accensione
testid	frontend/src/components/replay/EsitoBotPanel.tsx:69	esito-bot-violazioni
testid	frontend/src/components/replay/EsitoBotPanel.tsx:75	esito-bot-parametri
testid	frontend/src/components/replay/EsitoBotPanel.tsx:80	esito-bot-conferma
testid	frontend/src/components/replay/EsitoBotPanel.tsx:85	avvisi-banco
button	frontend/src/components/replay/EsitoBotPanel.tsx:104	button
testid	frontend/src/components/replay/EsitoBotPanel.tsx:105	referto-banco-apri
export	frontend/src/components/replay/LadderBacktestPanel.tsx:33	function LadderBacktestPanel
input	frontend/src/components/replay/LadderBacktestPanel.tsx:99	select
input	frontend/src/components/replay/LadderBacktestPanel.tsx:106	select
input	frontend/src/components/replay/LadderBacktestPanel.tsx:113	select
input	frontend/src/components/replay/LadderBacktestPanel.tsx:119	select
input	frontend/src/components/replay/LadderBacktestPanel.tsx:128	input
input	frontend/src/components/replay/LadderBacktestPanel.tsx:129	input
input	frontend/src/components/replay/LadderBacktestPanel.tsx:130	input
input	frontend/src/components/replay/LadderBacktestPanel.tsx:131	input
input	frontend/src/components/replay/LadderBacktestPanel.tsx:132	input
input	frontend/src/components/replay/LadderBacktestPanel.tsx:133	input
input	frontend/src/components/replay/LadderBacktestPanel.tsx:134	input
button	frontend/src/components/replay/LadderBacktestPanel.tsx:135	Button
export	frontend/src/components/replay/MarketPanel.tsx:16	interface MarketPanelProps
export	frontend/src/components/replay/MarketPanel.tsx:30	function MarketPanel
input	frontend/src/components/replay/MarketPanel.tsx:54	select
input	frontend/src/components/replay/MarketPanel.tsx:63	input
button	frontend/src/components/replay/MarketPanel.tsx:70	button
button	frontend/src/components/replay/MarketPanel.tsx:119	button
button	frontend/src/components/replay/MarketPanel.tsx:129	button
button	frontend/src/components/replay/OpportunitaPanel.tsx:117	button
export	frontend/src/components/replay/OpportunitaPanel.tsx:216	interface OpportunitaPanelProps
export	frontend/src/components/replay/OpportunitaPanel.tsx:223	function OpportunitaPanel
export	frontend/src/components/replay/ParametriBotPanel.tsx:21	const FRASE_VARIANTI
export	frontend/src/components/replay/ParametriBotPanel.tsx:23	interface ParametriBotPanelProps
button	frontend/src/components/replay/ParametriBotPanel.tsx:49	Button
testid	frontend/src/components/replay/ParametriBotPanel.tsx:59	param-bot-switch-${v.chiave}
button	frontend/src/components/replay/ParametriBotPanel.tsx:68	Button
input	frontend/src/components/replay/ParametriBotPanel.tsx:86	Input
testid	frontend/src/components/replay/ParametriBotPanel.tsx:98	param-bot-campo-${v.chiave}
testid	frontend/src/components/replay/ParametriBotPanel.tsx:104	param-bot-${v.chiave}
button	frontend/src/components/replay/ParametriBotPanel.tsx:112	Button
export	frontend/src/components/replay/ParametriBotPanel.tsx:131	function ParametriBotPanel
testid	frontend/src/components/replay/ParametriBotPanel.tsx:140	parametri-bot
button	frontend/src/components/replay/ParametriBotPanel.tsx:142	Button
testid	frontend/src/components/replay/ParametriBotPanel.tsx:144	parametri-bot-apri
testid	frontend/src/components/replay/ParametriBotPanel.tsx:147	parametri-bot-frase
button	frontend/src/components/replay/ParametriBotPanel.tsx:154	Button
testid	frontend/src/components/replay/ParametriBotPanel.tsx:155	parametri-bot-ripristina
export	frontend/src/components/replay/PlaybackControls.tsx:11	interface PlaybackControlsProps
export	frontend/src/components/replay/PlaybackControls.tsx:22	function PlaybackControls
button	frontend/src/components/replay/PlaybackControls.tsx:26	Button
button	frontend/src/components/replay/PlaybackControls.tsx:29	Button
button	frontend/src/components/replay/PlaybackControls.tsx:32	Button
button	frontend/src/components/replay/PlaybackControls.tsx:35	Button
button	frontend/src/components/replay/PlaybackControls.tsx:45	Button
button	frontend/src/components/replay/PlaybackControls.tsx:48	Button
button	frontend/src/components/replay/PlaybackControls.tsx:51	Button
export	frontend/src/components/replay/RegistroOperazioniBot.tsx:22	interface PuntoSeek
export	frontend/src/components/replay/RegistroOperazioniBot.tsx:28	interface RegistroOperazioniBotProps
export	frontend/src/components/replay/RegistroOperazioniBot.tsx:62	function cicloDelBot
button	frontend/src/components/replay/RegistroOperazioniBot.tsx:75	button
testid	frontend/src/components/replay/RegistroOperazioniBot.tsx:77	registro-evento
export	frontend/src/components/replay/RegistroOperazioniBot.tsx:96	function RegistroOperazioniBot
testid	frontend/src/components/replay/RegistroOperazioniBot.tsx:135	registro-ordine
testid	frontend/src/components/replay/RegistroOperazioniBot.tsx:142	registro-stato-ordine
testid	frontend/src/components/replay/RegistroOperazioniBot.tsx:155	registro-operazioni
input	frontend/src/components/replay/RegistroOperazioniBot.tsx:160	select
testid	frontend/src/components/replay/RegistroOperazioniBot.tsx:161	registro-filtro-mercato
button	frontend/src/components/replay/RegistroOperazioniBot.tsx:167	button
testid	frontend/src/components/replay/RegistroOperazioniBot.tsx:175	registro-clic
testid	frontend/src/components/replay/RegistroOperazioniBot.tsx:178	registro-clic-voce
button	frontend/src/components/replay/RegistroOperazioniBot.tsx:178	button
testid	frontend/src/components/replay/RegistroOperazioniBot.tsx:191	registro-cronologico
testid	frontend/src/components/replay/RegistroOperazioniBot.tsx:199	registro-cicli
input	frontend/src/components/replay/RegistroOperazioniBot.tsx:202	input
testid	frontend/src/components/replay/RegistroOperazioniBot.tsx:209	registro-ciclo
button	frontend/src/components/replay/RegistroOperazioniBot.tsx:210	button
testid	frontend/src/components/replay/RegistroOperazioniBot.tsx:217	registro-ciclo-pnl
testid	frontend/src/components/replay/RegistroOperazioniBot.tsx:221	registro-ciclo-bot
export	frontend/src/components/replay/RiepilogoPnlBot.tsx:13	interface RiepilogoPnlBotProps
testid	frontend/src/components/replay/RiepilogoPnlBot.tsx:26	confronto-banco
export	frontend/src/components/replay/RiepilogoPnlBot.tsx:32	function RiepilogoPnlBot
testid	frontend/src/components/replay/RiepilogoPnlBot.tsx:37	riepilogo-pnl-bot
testid	frontend/src/components/replay/RiepilogoPnlBot.tsx:42	pnl-esposizione
testid	frontend/src/components/replay/RiepilogoPnlBot.tsx:43	pnl-cicli-al-cursore
testid	frontend/src/components/replay/RiepilogoPnlBot.tsx:47	pnl-regolato-lordo
testid	frontend/src/components/replay/RiepilogoPnlBot.tsx:49	pnl-regolato-netto
testid	frontend/src/components/replay/RiepilogoPnlBot.tsx:61	pnl-cicli-lordo
testid	frontend/src/components/replay/RiepilogoPnlBot.tsx:63	pnl-cicli-netto
export	frontend/src/components/replay/TimelineSlider.tsx:12	interface TimelineEventMarker
export	frontend/src/components/replay/TimelineSlider.tsx:21	interface TimelineArbMarker
export	frontend/src/components/replay/TimelineSlider.tsx:27	interface TimelineSliderProps
export	frontend/src/components/replay/TimelineSlider.tsx:65	function TimelineSlider
testid	frontend/src/components/replay/TimelineSlider.tsx:85	barra-simbolo
testid	frontend/src/components/replay/TimelineSlider.tsx:105	barra-sospensione
testid	frontend/src/components/replay/TimelineSlider.tsx:123	barra-kickoff
testid	frontend/src/components/replay/TimelineSlider.tsx:146	barra-knob
input	frontend/src/components/replay/TimelineSlider.tsx:156	input
export	frontend/src/components/replay/TradesPanel.tsx:13	function TradesPanel
button	frontend/src/components/replay/TradesPanel.tsx:114	button
export	frontend/src/components/replay/TrainingTradesPanel.tsx:21	function TrainingTradesPanel
testid	frontend/src/components/replay/TrainingTradesPanel.tsx:35	trade-training
testid	frontend/src/components/replay/TrainingTradesPanel.tsx:53	trade-training-${o.id}
button	frontend/src/components/replay/TrainingTradesPanel.tsx:67	button
export	frontend/src/components/replay/ValidationCard.tsx:30	function ValidationCard
button	frontend/src/components/replay/ValidationCard.tsx:42	button
export	frontend/src/components/report/DateRangeFilter.tsx:28	function DateRangeFilter
button	frontend/src/components/report/DateRangeFilter.tsx:71	button
button	frontend/src/components/report/DateRangeFilter.tsx:92	button
button	frontend/src/components/report/DateRangeFilter.tsx:99	button
button	frontend/src/components/report/DateRangeFilter.tsx:119	button
button	frontend/src/components/report/DateRangeFilter.tsx:137	button
button	frontend/src/components/report/DateRangeFilter.tsx:139	button
export	frontend/src/components/report/ManualTradeForm.tsx:55	function ManualTradeForm
input	frontend/src/components/report/ManualTradeForm.tsx:193	input
input	frontend/src/components/report/ManualTradeForm.tsx:198	select
input	frontend/src/components/report/ManualTradeForm.tsx:228	Input
input	frontend/src/components/report/ManualTradeForm.tsx:233	select
input	frontend/src/components/report/ManualTradeForm.tsx:240	select
input	frontend/src/components/report/ManualTradeForm.tsx:247	Input
input	frontend/src/components/report/ManualTradeForm.tsx:252	Input
input	frontend/src/components/report/ManualTradeForm.tsx:257	Input
input	frontend/src/components/report/ManualTradeForm.tsx:262	Input
input	frontend/src/components/report/ManualTradeForm.tsx:267	Input
input	frontend/src/components/report/ManualTradeForm.tsx:272	select
input	frontend/src/components/report/ManualTradeForm.tsx:282	Input
input	frontend/src/components/report/ManualTradeForm.tsx:287	Input
input	frontend/src/components/report/ManualTradeForm.tsx:295	input
input	frontend/src/components/report/ManualTradeForm.tsx:307	Input
input	frontend/src/components/report/ManualTradeForm.tsx:312	Input
input	frontend/src/components/report/ManualTradeForm.tsx:320	Input
button	frontend/src/components/report/ManualTradeForm.tsx:331	Button
button	frontend/src/components/report/ManualTradeForm.tsx:333	Button
export	frontend/src/components/safestrategy/BotParamsSheet.tsx:33	interface ExitsParams
export	frontend/src/components/safestrategy/BotParamsSheet.tsx:88	const EXITS_DEFAULTS
export	frontend/src/components/safestrategy/BotParamsSheet.tsx:114	function mergeExits
export	frontend/src/components/safestrategy/BotParamsSheet.tsx:188	const TETTO_RISCHIO_KEY
export	frontend/src/components/safestrategy/BotParamsSheet.tsx:280	const CHIAVI_NUMERICHE
export	frontend/src/components/safestrategy/BotParamsSheet.tsx:315	const COMBO_GAMBA_MANUALE_KEY
export	frontend/src/components/safestrategy/BotParamsSheet.tsx:316	function modoGambaManuale
testid	frontend/src/components/safestrategy/BotParamsSheet.tsx:408	params-effective
export	frontend/src/components/safestrategy/BotParamsSheet.tsx:435	type ParamCorrections
export	frontend/src/components/safestrategy/BotParamsSheet.tsx:440	type StrategiaFiltro
export	frontend/src/components/safestrategy/BotParamsSheet.tsx:483	function gruppiDellaStrategia
export	frontend/src/components/safestrategy/BotParamsSheet.tsx:500	interface BotParamsSheetProps
export	frontend/src/components/safestrategy/BotParamsSheet.tsx:527	function BotParamsSheet
testid	frontend/src/components/safestrategy/BotParamsSheet.tsx:565	variants-invalid
testid	frontend/src/components/safestrategy/BotParamsSheet.tsx:572	variants-differ
testid	frontend/src/components/safestrategy/BotParamsSheet.tsx:592	params-loss-stop
testid	frontend/src/components/safestrategy/BotParamsSheet.tsx:781	params-refused
testid	frontend/src/components/safestrategy/BotParamsSheet.tsx:788	params-effective-missing
testid	frontend/src/components/safestrategy/BotParamsSheet.tsx:796	params-variants-effective
testid	frontend/src/components/safestrategy/BotParamsSheet.tsx:802	params-persisted
export	frontend/src/components/safestrategy/BotParamsSheet.tsx:817	function toValues
export	frontend/src/components/safestrategy/BotParamsSheet.tsx:876	function fromValues
export	frontend/src/components/safestrategy/InvestAction.tsx:34	const BETFAIR_MIN_STAKE
export	frontend/src/components/safestrategy/InvestAction.tsx:47	const MIN_STAKE_ALLOWED
export	frontend/src/components/safestrategy/InvestAction.tsx:49	interface InvestActionProps
export	frontend/src/components/safestrategy/InvestAction.tsx:79	const LIVE_ARM_TIMEOUT_MS
export	frontend/src/components/safestrategy/InvestAction.tsx:84	type PlacementTone
export	frontend/src/components/safestrategy/InvestAction.tsx:86	interface PlacementOutcome
export	frontend/src/components/safestrategy/InvestAction.tsx:112	function placementOutcome
export	frontend/src/components/safestrategy/InvestAction.tsx:172	function InvestAction
input	frontend/src/components/safestrategy/InvestAction.tsx:271	input
button	frontend/src/components/safestrategy/InvestAction.tsx:285	Button
testid	frontend/src/components/safestrategy/InvestAction.tsx:288	invest-place
testid	frontend/src/components/safestrategy/InvestAction.tsx:306	invest-matchable
testid	frontend/src/components/safestrategy/InvestAction.tsx:328	invest-disabled-reason
testid	frontend/src/components/safestrategy/InvestAction.tsx:332	invest-liquidity
testid	frontend/src/components/safestrategy/InvestAction.tsx:336	invest-cap
testid	frontend/src/components/safestrategy/InvestAction.tsx:342	invest-min-stake
testid	frontend/src/components/safestrategy/InvestAction.tsx:352	invest-status
testid	frontend/src/components/safestrategy/InvestAction.tsx:364	invest-status-message
export	frontend/src/components/safestrategy/MonitorCard.tsx:36	function MonitorCard
testid	frontend/src/components/safestrategy/MonitorCard.tsx:67	monitor-variant-chip
button	frontend/src/components/safestrategy/MonitorCard.tsx:81	Button
export	frontend/src/components/safestrategy/OpportunityGroup.tsx:45	const OPP_KIND_META
export	frontend/src/components/safestrategy/OpportunityGroup.tsx:77	function lambdaSourceIsWeak
export	frontend/src/components/safestrategy/OpportunityGroup.tsx:82	function lambdaSourceLabel
export	frontend/src/components/safestrategy/OpportunityGroup.tsx:94	function anomalyRuleLabel
export	frontend/src/components/safestrategy/OpportunityGroup.tsx:105	function anomalyRefText
export	frontend/src/components/safestrategy/OpportunityGroup.tsx:127	function comboTypeLabel
export	frontend/src/components/safestrategy/OpportunityGroup.tsx:134	const OPP_ROW_STALE_MS
export	frontend/src/components/safestrategy/OpportunityGroup.tsx:136	type OppKindFilter
export	frontend/src/components/safestrategy/OpportunityGroup.tsx:143	function marketLabelOf
export	frontend/src/components/safestrategy/OpportunityGroup.tsx:153	function filterOpps
export	frontend/src/components/safestrategy/OpportunityGroup.tsx:165	interface OpportunityGroupProps
testid	frontend/src/components/safestrategy/OpportunityGroup.tsx:194	opp-kind
export	frontend/src/components/safestrategy/OpportunityGroup.tsx:224	function comboMatchableTotal
testid	frontend/src/components/safestrategy/OpportunityGroup.tsx:261	combo-legs
testid	frontend/src/components/safestrategy/OpportunityGroup.tsx:265	combo-leg
testid	frontend/src/components/safestrategy/OpportunityGroup.tsx:283	combo-lock
export	frontend/src/components/safestrategy/OpportunityGroup.tsx:338	function OpportunityGroup
testid	frontend/src/components/safestrategy/OpportunityGroup.tsx:376	opp-group
testid	frontend/src/components/safestrategy/OpportunityGroup.tsx:383	opp-score
testid	frontend/src/components/safestrategy/OpportunityGroup.tsx:402	opp-lambda-source
testid	frontend/src/components/safestrategy/OpportunityGroup.tsx:417	opp-age
testid	frontend/src/components/safestrategy/OpportunityGroup.tsx:427	opp-feed-age
testid	frontend/src/components/safestrategy/OpportunityGroup.tsx:437	opp-feed-unknown
testid	frontend/src/components/safestrategy/OpportunityGroup.tsx:452	opp-stale-note
testid	frontend/src/components/safestrategy/OpportunityGroup.tsx:471	opp-row
testid	frontend/src/components/safestrategy/OpportunityGroup.tsx:497	anomaly-rule
testid	frontend/src/components/safestrategy/OpportunityGroup.tsx:508	anomaly-ref
testid	frontend/src/components/safestrategy/OpportunityGroup.tsx:516	tennis-extra
testid	frontend/src/components/safestrategy/OpportunityGroup.tsx:530	tennis-retire
testid	frontend/src/components/safestrategy/OpportunityGroup.tsx:540	tennis-momentum
testid	frontend/src/components/safestrategy/OpportunityGroup.tsx:570	kind === 'anomaly' ? 'anomaly-ref-prob' : undefined
testid	frontend/src/components/safestrategy/OpportunityGroup.tsx:575	model-raw
testid	frontend/src/components/safestrategy/OpportunityGroup.tsx:580	anomaly-ref-source
input	frontend/src/components/safestrategy/ParamsSheet.tsx:199	Input
input	frontend/src/components/safestrategy/ParamsSheet.tsx:212	Input
export	frontend/src/components/safestrategy/ParamsSheet.tsx:230	function ParamsSheet
button	frontend/src/components/safestrategy/ParamsSheet.tsx:258	Button
input	frontend/src/components/safestrategy/ParamsSheet.tsx:308	Input
input	frontend/src/components/safestrategy/ParamsSheet.tsx:316	Checkbox
button	frontend/src/components/safestrategy/ParamsSheet.tsx:329	Button
button	frontend/src/components/safestrategy/ParamsSheet.tsx:332	Button
export	frontend/src/components/safestrategy/RiskPanel.tsx:26	interface RiskPanelProps
export	frontend/src/components/safestrategy/RiskPanel.tsx:46	function RiskPanel
testid	frontend/src/components/safestrategy/RiskPanel.tsx:100	risk-panel
testid	frontend/src/components/safestrategy/RiskPanel.tsx:110	loss-stop
testid	frontend/src/components/safestrategy/RiskPanel.tsx:120	risk-liability
testid	frontend/src/components/safestrategy/RiskPanel.tsx:126	risk-liability-bot-row
testid	frontend/src/components/safestrategy/RiskPanel.tsx:128	risk-liability-bot
testid	frontend/src/components/safestrategy/RiskPanel.tsx:132	risk-liability-manuale
testid	frontend/src/components/safestrategy/RiskPanel.tsx:138	risk-cap-scope
testid	frontend/src/components/safestrategy/RiskPanel.tsx:144	risk-explain
testid	frontend/src/components/safestrategy/RiskPanel.tsx:149	risk-day
testid	frontend/src/components/safestrategy/RiskPanel.tsx:156	risk-day-estimated
testid	frontend/src/components/safestrategy/RiskPanel.tsx:172	risk-opp-counts
export	frontend/src/components/safestrategy/SafeStrategyProvider.tsx:78	interface FootballMonitor
export	frontend/src/components/safestrategy/SafeStrategyProvider.tsx:89	interface TennisMonitor
export	frontend/src/components/safestrategy/SafeStrategyProvider.tsx:111	function useSafeStrategy
storage	frontend/src/components/safestrategy/SafeStrategyProvider.tsx:119	localStorage getItem STORAGE_KEY
export	frontend/src/components/safestrategy/SafeStrategyProvider.tsx:131	function SafeStrategyProvider
storage	frontend/src/components/safestrategy/SafeStrategyProvider.tsx:153	localStorage setItem STORAGE_KEY
export	frontend/src/components/safestrategy/SafeTradesTable.tsx:56	function pctIt
export	frontend/src/components/safestrategy/SafeTradesTable.tsx:61	function liveLabelOf
export	frontend/src/components/safestrategy/SafeTradesTable.tsx:73	function realScoreOf
export	frontend/src/components/safestrategy/SafeTradesTable.tsx:89	function tradeBadge
export	frontend/src/components/safestrategy/SafeTradesTable.tsx:134	interface RowStatus
export	frontend/src/components/safestrategy/SafeTradesTable.tsx:147	function safeRowStatus
export	frontend/src/components/safestrategy/SafeTradesTable.tsx:253	function exitRunLine
export	frontend/src/components/safestrategy/SafeTradesTable.tsx:276	function safeCloseNow
export	frontend/src/components/safestrategy/SafeTradesTable.tsx:299	function safeCloseNowTotal
export	frontend/src/components/safestrategy/SafeTradesTable.tsx:322	interface SafeTradesTableProps
export	frontend/src/components/safestrategy/SafeTradesTable.tsx:362	function SafeTradesTable
testid	frontend/src/components/safestrategy/SafeTradesTable.tsx:374	safe-orphan-note
testid	frontend/src/components/safestrategy/SafeTradesTable.tsx:403	safe-trades-empty
testid	frontend/src/components/safestrategy/SafeTradesTable.tsx:497	safe-trade-row
testid	frontend/src/components/safestrategy/SafeTradesTable.tsx:510	safe-real-score
testid	frontend/src/components/safestrategy/SafeTradesTable.tsx:522	safe-entry-context
testid	frontend/src/components/safestrategy/SafeTradesTable.tsx:534	trade-kind
testid	frontend/src/components/safestrategy/SafeTradesTable.tsx:559	trade-p-lose-entry
testid	frontend/src/components/safestrategy/SafeTradesTable.tsx:564	safe-market
testid	frontend/src/components/safestrategy/SafeTradesTable.tsx:572	safe-side
testid	frontend/src/components/safestrategy/SafeTradesTable.tsx:576	safe-price-entry
testid	frontend/src/components/safestrategy/SafeTradesTable.tsx:579	safe-price-now
testid	frontend/src/components/safestrategy/SafeTradesTable.tsx:592	safe-price-missing
testid	frontend/src/components/safestrategy/SafeTradesTable.tsx:597	safe-tick-delta
testid	frontend/src/components/safestrategy/SafeTradesTable.tsx:610	safe-hedge-inflight
testid	frontend/src/components/safestrategy/SafeTradesTable.tsx:615	safe-close-now
testid	frontend/src/components/safestrategy/SafeTradesTable.tsx:637	feed-age
testid	frontend/src/components/safestrategy/SafeTradesTable.tsx:648	safe-status
testid	frontend/src/components/safestrategy/SafeTradesTable.tsx:656	safe-exit-run
testid	frontend/src/components/safestrategy/SafeTradesTable.tsx:661	safe-exit-reason
testid	frontend/src/components/safestrategy/SafeTradesTable.tsx:666	safe-market-blocked
testid	frontend/src/components/safestrategy/SafeTradesTable.tsx:671	safe-reason
testid	frontend/src/components/safestrategy/SafeTradesTable.tsx:676	trade-hold
testid	frontend/src/components/safestrategy/SafeTradesTable.tsx:703	safe-exit-status
testid	frontend/src/components/safestrategy/SafeTradesTable.tsx:713	safe-request-outcome
testid	frontend/src/components/safestrategy/SafeTradesTable.tsx:728	safe-locked-pnl
testid	frontend/src/components/safestrategy/SafeTradesTable.tsx:739	safe-position-result
button	frontend/src/components/safestrategy/SafeTradesTable.tsx:770	Button
testid	frontend/src/components/safestrategy/SafeTradesTable.tsx:775	safe-cancel
testid	frontend/src/components/safestrategy/SafeTradesTable.tsx:796	safe-stato-ordine-row
testid	frontend/src/components/safestrategy/SafeTradesTable.tsx:809	safe-closing-row
testid	frontend/src/components/safestrategy/SafeTradesTable.tsx:850	cashout-capped
export	frontend/src/components/safestrategy/SignalCard.tsx:90	function SignalCard
testid	frontend/src/components/safestrategy/SignalCard.tsx:114	feed-age
testid	frontend/src/components/safestrategy/SignalCard.tsx:163	signal-context
testid	frontend/src/components/safestrategy/SignalCard.tsx:180	signal-trade
testid	frontend/src/components/safestrategy/SignalCard.tsx:184	signal-trade-status
testid	frontend/src/components/safestrategy/SignalCard.tsx:195	signal-hold
testid	frontend/src/components/safestrategy/SignalCard.tsx:218	signal-market-blocked
testid	frontend/src/components/safestrategy/SignalCard.tsx:225	signal-request-outcome
testid	frontend/src/components/safestrategy/SignalCard.tsx:252	signal-placement
testid	frontend/src/components/safestrategy/SignalCard.tsx:261	signal-no-placement
export	frontend/src/components/safestrategy/safeActivity.ts:32	const SAFE_ACTIVITY_EXTRA
export	frontend/src/components/safestrategy/safeActivity.ts:127	const SAFE_SKIP_KINDS
export	frontend/src/components/safestrategy/safeActivity.ts:136	function safeActivityMode
export	frontend/src/components/safestrategy/safeActivity.ts:145	function safeActivityMeta
export	frontend/src/components/safestrategy/safeActivity.ts:315	function safeVerdettoContoLabel
export	frontend/src/components/safestrategy/safeActivity.ts:332	function safeExitKindLabel
export	frontend/src/components/safestrategy/safeActivity.ts:361	function safeMarketLabel
export	frontend/src/components/safestrategy/safeActivity.ts:380	function safeSourceLabel
export	frontend/src/components/safestrategy/safeActivity.ts:387	function safeReasonLabel
export	frontend/src/components/safestrategy/safeActivity.ts:404	function safeActivityLine
export	frontend/src/components/safestrategy/useSafeBot.ts:35	const RELOAD_DEBOUNCE_MS
export	frontend/src/components/safestrategy/useSafeBot.ts:38	interface SafeBotView
export	frontend/src/components/safestrategy/useSafeBot.ts:107	interface SafeBotHandlers
export	frontend/src/components/safestrategy/useSafeBot.ts:121	function useSafeBot
export	frontend/src/components/safestrategy/variantStyles.ts:9	interface VariantStyle
export	frontend/src/components/safestrategy/variantStyles.ts:18	const VARIANT_STYLE
export	frontend/src/components/safestrategy/variantStyles.ts:42	function stateDotClass
export	frontend/src/components/safestrategy/variantStyles.ts:54	function sideBadgeClass
export	frontend/src/components/shell/AppShell.tsx:18	function AppShell
export	frontend/src/components/shell/ProvaNuovaGrafica.tsx:15	function ProvaNuovaGrafica
button	frontend/src/components/shell/ProvaNuovaGrafica.tsx:20	button
testid	frontend/src/components/shell/ProvaNuovaGrafica.tsx:22	shell-prova-nuova-grafica
button	frontend/src/components/shell/Sidebar.tsx:49	button
testid	frontend/src/components/shell/Sidebar.tsx:52	shell-voce-${v.id}
testid	frontend/src/components/shell/Sidebar.tsx:71	shell-voce-${v.id}
testid	frontend/src/components/shell/Sidebar.tsx:89	shell-voce-${v.id}
export	frontend/src/components/shell/Sidebar.tsx:99	function Sidebar
testid	frontend/src/components/shell/Sidebar.tsx:102	shell-sidebar
testid	frontend/src/components/shell/Sidebar.tsx:112	shell-filtro-sport
button	frontend/src/components/shell/Sidebar.tsx:114	button
testid	frontend/src/components/shell/Sidebar.tsx:118	shell-filtro-${f.v}
testid	frontend/src/components/shell/Sidebar.tsx:128	shell-gruppo-${g.id}
button	frontend/src/components/shell/Sidebar.tsx:145	button
testid	frontend/src/components/shell/Sidebar.tsx:152	shell-comprimi
testid	frontend/src/components/shell/TestataGlobale.tsx:34	shell-canale-${sport}
testid	frontend/src/components/shell/TestataGlobale.tsx:50	shell-canali
export	frontend/src/components/shell/TestataGlobale.tsx:61	function TestataGlobale
testid	frontend/src/components/shell/TestataGlobale.tsx:66	shell-testata
button	frontend/src/components/shell/TestataGlobale.tsx:73	button
testid	frontend/src/components/shell/TestataGlobale.tsx:76	shell-torna-grafica-attuale
export	frontend/src/components/shell/navigazione.ts:11	type SportVoce
export	frontend/src/components/shell/navigazione.ts:13	type IconaVoce
export	frontend/src/components/shell/navigazione.ts:18	interface VoceNav
export	frontend/src/components/shell/navigazione.ts:32	interface GruppoNav
export	frontend/src/components/shell/navigazione.ts:39	const NAV
export	frontend/src/components/shell/navigazione.ts:101	const ROTTE_NEL_GUSCIO
export	frontend/src/components/shell/navigazione.ts:108	type FiltroSport
export	frontend/src/components/shell/navigazione.ts:111	function gruppiVisibili
export	frontend/src/components/shell/navigazione.ts:120	function titoloDi
export	frontend/src/components/shell/navigazione.ts:137	const CANALI_DELLA_PAGINA
export	frontend/src/components/shell/navigazione.ts:148	const NOME_CANALE
export	frontend/src/components/tennis-replay/TennisReplayList.tsx:18	function TennisReplayList
testid	frontend/src/components/tennis-replay/TennisReplayList.tsx:24	tennis-replay-vuoto
testid	frontend/src/components/tennis-replay/TennisReplayList.tsx:35	tennis-replay-elenco
testid	frontend/src/components/tennis-replay/TennisReplayList.tsx:55	tennis-replay-partita-${it.event_id}
testid	frontend/src/components/tennis-replay/TennisReplayList.tsx:79	tennis-replay-mercati-${it.event_id}
testid	frontend/src/components/tennis-replay/TennisReplayList.tsx:88	tennis-replay-bot-non-applicabili-${it.event_id}
export	frontend/src/components/tennis-replay/TennisTimelineSymbols.tsx:32	function markerTennis
export	frontend/src/components/tennis-replay/TennisTimelineSymbols.tsx:37	function iconaTennis
export	frontend/src/components/tennis-replay/TennisTimelineSymbols.tsx:45	function LegendaTennis
testid	frontend/src/components/tennis-replay/TennisTimelineSymbols.tsx:49	tennis-legenda-barra
export	frontend/src/components/tennis/TennisBotEquityChart.tsx:55	function TennisBotEquityChart
export	frontend/src/components/tennis/TennisBotPanel.tsx:42	type TennisOrderMode
testid	frontend/src/components/tennis/TennisBotPanel.tsx:238	tennis-pro-superficie
input	frontend/src/components/tennis/TennisBotPanel.tsx:259	Input
input	frontend/src/components/tennis/TennisBotPanel.tsx:276	Checkbox
button	frontend/src/components/tennis/TennisBotPanel.tsx:309	button
input	frontend/src/components/tennis/TennisBotPanel.tsx:350	select
input	frontend/src/components/tennis/TennisBotPanel.tsx:363	Input
button	frontend/src/components/tennis/TennisBotPanel.tsx:448	Button
export	frontend/src/components/tennis/TennisBotPanel.tsx:477	function TennisBotPanel
export	frontend/src/components/tennis/TennisBotServiceParamsSheet.tsx:50	interface TennisBotServiceParamsSheetProps
export	frontend/src/components/tennis/TennisBotServiceParamsSheet.tsx:60	function TennisBotServiceParamsSheet
export	frontend/src/components/tennis/TennisLadderColumn.tsx:40	interface TennisLadderColumnProps
export	frontend/src/components/tennis/TennisLadderColumn.tsx:51	const TENNIS_LADDER_SOURCE
export	frontend/src/components/tennis/TennisLadderColumn.tsx:60	const TENNIS_ORDER_API
export	frontend/src/components/tennis/TennisLadderColumn.tsx:90	function TennisLadderColumn
button	frontend/src/components/tennis/TennisLadderColumn.tsx:182	button
export	frontend/src/components/tennis/TennisMatchStats.tsx:29	interface TennisMatchStatsProps
export	frontend/src/components/tennis/TennisMatchStats.tsx:314	function TennisMatchStats
export	frontend/src/components/tennis/TennisMatchStats.tsx:337	interface TennisMatchStatsViewProps
export	frontend/src/components/tennis/TennisMatchStats.tsx:356	function TennisMatchStatsView
storage	frontend/src/components/tennis/TennisMatchesList.tsx:46	localStorage getItem FAV_KEY
storage	frontend/src/components/tennis/TennisMatchesList.tsx:58	localStorage setItem FAV_KEY
export	frontend/src/components/tennis/TennisMatchesList.tsx:149	function TennisMatchesList
button	frontend/src/components/tennis/TennisMatchesList.tsx:280	button
button	frontend/src/components/tennis/TennisMatchesList.tsx:404	button
button	frontend/src/components/tennis/TennisMatchesList.tsx:470	Button
export	frontend/src/components/tennis/TennisNav.tsx:26	interface TennisNavProps
export	frontend/src/components/tennis/TennisNav.tsx:35	function TennisNav
button	frontend/src/components/tennis/TennisNav.tsx:66	Button
button	frontend/src/components/tennis/TennisNav.tsx:80	Button
button	frontend/src/components/tennis/TennisNav.tsx:91	Button
button	frontend/src/components/tennis/TennisNav.tsx:102	Button
button	frontend/src/components/tennis/TennisNav.tsx:113	Button
button	frontend/src/components/tennis/TennisNav.tsx:124	Button
button	frontend/src/components/tennis/TennisNav.tsx:138	Button
export	frontend/src/components/trading/ActivityFeed.tsx:25	interface ActivityRow
export	frontend/src/components/trading/ActivityFeed.tsx:39	function rowMode
export	frontend/src/components/trading/ActivityFeed.tsx:54	function ActivityFeed
testid	frontend/src/components/trading/ActivityFeed.tsx:125	testId
testid	frontend/src/components/trading/ActivityFeed.tsx:138	testId
testid	frontend/src/components/trading/ActivityFeed.tsx:140	activity-filter
button	frontend/src/components/trading/ActivityFeed.tsx:142	button
button	frontend/src/components/trading/ActivityFeed.tsx:149	button
testid	frontend/src/components/trading/ActivityFeed.tsx:160	activity-kind-filter
button	frontend/src/components/trading/ActivityFeed.tsx:162	button
button	frontend/src/components/trading/ActivityFeed.tsx:171	button
testid	frontend/src/components/trading/ActivityFeed.tsx:173	activity-kind-quick
button	frontend/src/components/trading/ActivityFeed.tsx:181	button
testid	frontend/src/components/trading/ActivityFeed.tsx:184	activity-kind-option
testid	frontend/src/components/trading/ActivityFeed.tsx:194	activity-filtered-empty
testid	frontend/src/components/trading/ActivityFeed.tsx:212	rowTestId
export	frontend/src/components/trading/BarreGiornaliere.tsx:20	interface BarraGiornaliera
export	frontend/src/components/trading/BarreGiornaliere.tsx:38	function BarreGiornaliere
testid	frontend/src/components/trading/BarreGiornaliere.tsx:55	${testId}-vuoto
testid	frontend/src/components/trading/BarreGiornaliere.tsx:86	testId
testid	frontend/src/components/trading/BarreGiornaliere.tsx:106	barra-${b.day}
export	frontend/src/components/trading/BotHeader.tsx:23	const BOT_IDENTITY
export	frontend/src/components/trading/BotHeader.tsx:29	type BotKey
export	frontend/src/components/trading/BotHeader.tsx:43	function botStatusWithBeat
export	frontend/src/components/trading/BotHeader.tsx:85	function BotHeader
testid	frontend/src/components/trading/BotHeader.tsx:152	bot-header
testid	frontend/src/components/trading/BotHeader.tsx:160	bot-name
testid	frontend/src/components/trading/BotHeader.tsx:166	statusTestId ?? 'bot-status'
testid	frontend/src/components/trading/BotHeader.tsx:181	bot-stop
button	frontend/src/components/trading/BotHeader.tsx:181	Button
testid	frontend/src/components/trading/BotHeader.tsx:185	bot-start
button	frontend/src/components/trading/BotHeader.tsx:185	Button
export	frontend/src/components/trading/CashOutButton.tsx:34	function hedgeSide
export	frontend/src/components/trading/CashOutButton.tsx:39	function greenPrice
export	frontend/src/components/trading/CashOutButton.tsx:47	function fullGreenStake
export	frontend/src/components/trading/CashOutButton.tsx:54	function partialOutcomes
export	frontend/src/components/trading/CashOutButton.tsx:67	function partialLockedPnl
export	frontend/src/components/trading/CashOutButton.tsx:78	function netAfterCommission
export	frontend/src/components/trading/CashOutButton.tsx:97	interface CashOutButtonProps
export	frontend/src/components/trading/CashOutButton.tsx:128	const LIVE_ARM_TIMEOUT_MS
export	frontend/src/components/trading/CashOutButton.tsx:130	function CashOutButton
button	frontend/src/components/trading/CashOutButton.tsx:273	Button
testid	frontend/src/components/trading/CashOutButton.tsx:279	cashout-trigger
testid	frontend/src/components/trading/CashOutButton.tsx:306	cashout-disabled-wrap
testid	frontend/src/components/trading/CashOutButton.tsx:324	cashout-residual-note
button	frontend/src/components/trading/CashOutButton.tsx:353	Button
input	frontend/src/components/trading/CashOutButton.tsx:369	input
testid	frontend/src/components/trading/CashOutButton.tsx:390	cashout-locked
testid	frontend/src/components/trading/CashOutButton.tsx:401	cashout-residual
testid	frontend/src/components/trading/CashOutButton.tsx:402	cashout-best
testid	frontend/src/components/trading/CashOutButton.tsx:409	cashout-min-note
testid	frontend/src/components/trading/CashOutButton.tsx:433	cashout-blocked
testid	frontend/src/components/trading/CashOutButton.tsx:444	cashout-error
button	frontend/src/components/trading/CashOutButton.tsx:454	Button
button	frontend/src/components/trading/CashOutButton.tsx:455	Button
testid	frontend/src/components/trading/CashOutButton.tsx:457	cashout-confirm
export	frontend/src/components/trading/DailyCalendar.tsx:33	function goalMarkOf
export	frontend/src/components/trading/DailyCalendar.tsx:41	function intensityClass
export	frontend/src/components/trading/DailyCalendar.tsx:57	interface DailyCalendarProps
export	frontend/src/components/trading/DailyCalendar.tsx:91	function DailyCalendar
testid	frontend/src/components/trading/DailyCalendar.tsx:152	daily-calendar
button	frontend/src/components/trading/DailyCalendar.tsx:155	Button
testid	frontend/src/components/trading/DailyCalendar.tsx:158	calendar-month
button	frontend/src/components/trading/DailyCalendar.tsx:161	Button
button	frontend/src/components/trading/DailyCalendar.tsx:164	Button
testid	frontend/src/components/trading/DailyCalendar.tsx:171	calendar-month-total
button	frontend/src/components/trading/DailyCalendar.tsx:208	button
testid	frontend/src/components/trading/DailyCalendar.tsx:213	c.inMonth ? 'calendar-day' : 'calendar-day-outside'
testid	frontend/src/components/trading/DailyCalendar.tsx:234	goalHit ? 'goal-hit' : 'goal-miss'
testid	frontend/src/components/trading/DailyCalendar.tsx:243	goal-not-historized
testid	frontend/src/components/trading/DailyCalendar.tsx:265	calendar-empty
export	frontend/src/components/trading/DayBar.tsx:18	interface DayBarProps
export	frontend/src/components/trading/DayBar.tsx:87	function DayBar
testid	frontend/src/components/trading/DayBar.tsx:132	testId
testid	frontend/src/components/trading/DayBar.tsx:140	tid.day
testid	frontend/src/components/trading/DayBar.tsx:146	day-bar-realizzato
testid	frontend/src/components/trading/DayBar.tsx:148	day-bar-obiettivo-grande
testid	frontend/src/components/trading/DayBar.tsx:155	day-bar-realizzato-nota
testid	frontend/src/components/trading/DayBar.tsx:162	day-bar-realizzato
testid	frontend/src/components/trading/DayBar.tsx:164	day-bar-obiettivo-grande
testid	frontend/src/components/trading/DayBar.tsx:169	day-bar-realizzato-nota
testid	frontend/src/components/trading/DayBar.tsx:176	tid.line
testid	frontend/src/components/trading/DayBar.tsx:183	tid.counts
testid	frontend/src/components/trading/DayBar.tsx:198	day-bar-stimato
testid	frontend/src/components/trading/DayBar.tsx:208	day-bar-in-corso
testid	frontend/src/components/trading/DayBar.tsx:217	day-bar-aperto
testid	frontend/src/components/trading/DayBar.tsx:223	day-bar-rischio
testid	frontend/src/components/trading/DayBar.tsx:228	tid.remaining
testid	frontend/src/components/trading/DayBar.tsx:231	tid.goalHit
testid	frontend/src/components/trading/DayBar.tsx:243	day-bar-liability
testid	frontend/src/components/trading/DayBar.tsx:249	day-bar-locked
testid	frontend/src/components/trading/DayBar.tsx:280	day-bar-aperto-barra
export	frontend/src/components/trading/DayDetail.tsx:39	function statusBadge
export	frontend/src/components/trading/DayDetail.tsx:94	interface DayDetailProps
export	frontend/src/components/trading/DayDetail.tsx:111	function DayDetail
testid	frontend/src/components/trading/DayDetail.tsx:114	day-detail-empty
testid	frontend/src/components/trading/DayDetail.tsx:142	day-detail
testid	frontend/src/components/trading/DayDetail.tsx:147	day-count
testid	frontend/src/components/trading/DayDetail.tsx:152	day-not-placed
testid	frontend/src/components/trading/DayDetail.tsx:157	day-other-days
testid	frontend/src/components/trading/DayDetail.tsx:163	day-giorno-piazzamento
testid	frontend/src/components/trading/DayDetail.tsx:169	day-giorno-ripiego
testid	frontend/src/components/trading/DayDetail.tsx:181	day-total-pnl
testid	frontend/src/components/trading/DayDetail.tsx:187	day-realized-on-open
testid	frontend/src/components/trading/DayDetail.tsx:196	day-detail-error
testid	frontend/src/components/trading/DayDetail.tsx:198	day-detail-loading
testid	frontend/src/components/trading/DayDetail.tsx:200	day-detail-none
testid	frontend/src/components/trading/DayDetail.tsx:251	day-trade-row
testid	frontend/src/components/trading/DayDetail.tsx:254	day-trade-giorno-piazzamento
testid	frontend/src/components/trading/DayDetail.tsx:278	day-trade-live
button	frontend/src/components/trading/DayDetail.tsx:278	Button
testid	frontend/src/components/trading/DayDetail.tsx:291	day-trade-pnl
testid	frontend/src/components/trading/DayDetail.tsx:305	day-close-row
export	frontend/src/components/trading/EmptyState.tsx:11	function EmptyState
testid	frontend/src/components/trading/EmptyState.tsx:15	testId
export	frontend/src/components/trading/EmptyState.tsx:23	function LoadingState
testid	frontend/src/components/trading/EmptyState.tsx:25	testId
export	frontend/src/components/trading/EmptyState.tsx:37	function SectionCard
testid	frontend/src/components/trading/EmptyState.tsx:50	testId
export	frontend/src/components/trading/EquityCard.tsx:16	const EQUITY_TITLE
export	frontend/src/components/trading/EquityCard.tsx:18	const EQUITY_AXIS_NOTE
export	frontend/src/components/trading/EquityCard.tsx:27	const EQUITY_AXIS_NOTE_GIORNATE
export	frontend/src/components/trading/EquityCard.tsx:31	function EquityCard
testid	frontend/src/components/trading/EquityCard.tsx:43	testId
testid	frontend/src/components/trading/EquityCard.tsx:49	equity-axis-note
export	frontend/src/components/trading/EquityCurve.tsx:20	interface EquityPoint
export	frontend/src/components/trading/EquityCurve.tsx:22	function EquityCurve
testid	frontend/src/components/trading/EventPnlTable.tsx:54	testId
export	frontend/src/components/trading/EventPnlTable.tsx:64	interface TotaliBarProps
export	frontend/src/components/trading/EventPnlTable.tsx:85	function TotaliBar
testid	frontend/src/components/trading/EventPnlTable.tsx:90	testId
export	frontend/src/components/trading/EventPnlTable.tsx:145	interface RigheLabels
testid	frontend/src/components/trading/EventPnlTable.tsx:169	gamba-${t.id}
testid	frontend/src/components/trading/EventPnlTable.tsx:220	ciclo-${g.open.id}
testid	frontend/src/components/trading/EventPnlTable.tsx:260	partita-${e.event_id}
button	frontend/src/components/trading/EventPnlTable.tsx:263	button
testid	frontend/src/components/trading/EventPnlTable.tsx:269	apri-${e.event_id}
button	frontend/src/components/trading/EventPnlTable.tsx:276	button
testid	frontend/src/components/trading/EventPnlTable.tsx:281	vai-alla-scheda-${e.event_id}
testid	frontend/src/components/trading/EventPnlTable.tsx:311	liability-${e.event_id}
testid	frontend/src/components/trading/EventPnlTable.tsx:332	netto-${e.event_id}
testid	frontend/src/components/trading/EventPnlTable.tsx:339	dettaglio-${e.event_id}
export	frontend/src/components/trading/EventPnlTable.tsx:358	interface EventPnlTableProps
export	frontend/src/components/trading/EventPnlTable.tsx:388	function EventPnlTable
testid	frontend/src/components/trading/EventPnlTable.tsx:432	${testId}-fuori-modalita
export	frontend/src/components/trading/ExitBadge.tsx:23	function ExitBadge
testid	frontend/src/components/trading/ExitBadge.tsx:34	exit-badge
export	frontend/src/components/trading/LiveConfirmDialog.tsx:22	function LiveConfirmDialog
testid	frontend/src/components/trading/LiveConfirmDialog.tsx:56	live-confirm
testid	frontend/src/components/trading/LiveConfirmDialog.tsx:65	live-confirm-stale
testid	frontend/src/components/trading/LiveConfirmDialog.tsx:74	live-confirm-cancel
button	frontend/src/components/trading/LiveConfirmDialog.tsx:74	Button
button	frontend/src/components/trading/LiveConfirmDialog.tsx:77	Button
testid	frontend/src/components/trading/LiveConfirmDialog.tsx:81	live-confirm-ok
export	frontend/src/components/trading/ModeBadge.tsx:19	function ModeBadge
testid	frontend/src/components/trading/ModeBadge.tsx:36	testId
export	frontend/src/components/trading/ModeBanner.tsx:12	function ModeBanner
testid	frontend/src/components/trading/ModeBanner.tsx:37	testId
testid	frontend/src/components/trading/ModeBanner.tsx:46	mode-banner-error
testid	frontend/src/components/trading/ModeBanner.tsx:47	mode-banner-migration
export	frontend/src/components/trading/ModeToggle.tsx:6	type TradingMode
export	frontend/src/components/trading/ModeToggle.tsx:8	function ModeToggle
testid	frontend/src/components/trading/ModeToggle.tsx:18	mode-toggle
button	frontend/src/components/trading/ModeToggle.tsx:20	button
button	frontend/src/components/trading/ModeToggle.tsx:27	button
export	frontend/src/components/trading/PageShell.tsx:10	function PageShell
testid	frontend/src/components/trading/PageShell.tsx:20	page-shell
testid	frontend/src/components/trading/PageShell.tsx:27	page-footer
export	frontend/src/components/trading/ParamsSheetBase.tsx:24	interface ParamOption
export	frontend/src/components/trading/ParamsSheetBase.tsx:26	interface ParamField
export	frontend/src/components/trading/ParamsSheetBase.tsx:45	interface ParamGroup
export	frontend/src/components/trading/ParamsSheetBase.tsx:52	type ParamValues
export	frontend/src/components/trading/ParamsSheetBase.tsx:59	function clampField
export	frontend/src/components/trading/ParamsSheetBase.tsx:67	function clampValues
export	frontend/src/components/trading/ParamsSheetBase.tsx:84	function ParamsSheetBase
testid	frontend/src/components/trading/ParamsSheetBase.tsx:198	triggerTestId
button	frontend/src/components/trading/ParamsSheetBase.tsx:198	Button
testid	frontend/src/components/trading/ParamsSheetBase.tsx:203	params-sheet
testid	frontend/src/components/trading/ParamsSheetBase.tsx:216	params-group
button	frontend/src/components/trading/ParamsSheetBase.tsx:249	button
testid	frontend/src/components/trading/ParamsSheetBase.tsx:253	params-choice
input	frontend/src/components/trading/ParamsSheetBase.tsx:269	input
input	frontend/src/components/trading/ParamsSheetBase.tsx:280	input
input	frontend/src/components/trading/ParamsSheetBase.tsx:291	select
input	frontend/src/components/trading/ParamsSheetBase.tsx:305	input
testid	frontend/src/components/trading/ParamsSheetBase.tsx:319	params-clamped
testid	frontend/src/components/trading/ParamsSheetBase.tsx:333	params-dirty
testid	frontend/src/components/trading/ParamsSheetBase.tsx:338	params-save
button	frontend/src/components/trading/ParamsSheetBase.tsx:338	Button
button	frontend/src/components/trading/ParamsSheetBase.tsx:342	Button
testid	frontend/src/components/trading/ParamsSheetBase.tsx:346	params-reset
testid	frontend/src/components/trading/ParamsSheetBase.tsx:352	params-esito
testid	frontend/src/components/trading/PerformancePanel.tsx:69	testId
export	frontend/src/components/trading/PerformancePanel.tsx:103	interface PerformancePanelProps
export	frontend/src/components/trading/PerformancePanel.tsx:119	function PerformancePanel
testid	frontend/src/components/trading/PerformancePanel.tsx:130	performance-panel
button	frontend/src/components/trading/PerformancePanel.tsx:134	button
testid	frontend/src/components/trading/PerformancePanel.tsx:145	period-range
testid	frontend/src/components/trading/PerformancePanel.tsx:152	period-copertura-tutto
testid	frontend/src/components/trading/PerformancePanel.tsx:158	period-unavailable
export	frontend/src/components/trading/SectionFilter.tsx:20	interface SectionOption
export	frontend/src/components/trading/SectionFilter.tsx:32	function readHidden
storage	frontend/src/components/trading/SectionFilter.tsx:34	localStorage getItem storageKey
storage	frontend/src/components/trading/SectionFilter.tsx:45	localStorage setItem storageKey
export	frontend/src/components/trading/SectionFilter.tsx:55	function useSectionFilter
export	frontend/src/components/trading/SectionFilter.tsx:85	interface SectionFilterProps
export	frontend/src/components/trading/SectionFilter.tsx:92	function SectionFilter
testid	frontend/src/components/trading/SectionFilter.tsx:95	testId
button	frontend/src/components/trading/SectionFilter.tsx:101	button
testid	frontend/src/components/trading/SectionFilter.tsx:107	${testId}-${o.id}
export	frontend/src/components/trading/ServiceHealthChip.tsx:17	const SERVICE_STALE_S
export	frontend/src/components/trading/ServiceHealthChip.tsx:19	interface ServiceHealthChipProps
export	frontend/src/components/trading/ServiceHealthChip.tsx:64	function ServiceHealthChip
testid	frontend/src/components/trading/ServiceHealthChip.tsx:103	service-health
testid	frontend/src/components/trading/ServiceHealthChip.tsx:112	service-feed
testid	frontend/src/components/trading/ServiceHealthChip.tsx:131	service-beat
testid	frontend/src/components/trading/ServiceHealthChip.tsx:156	service-degraded
testid	frontend/src/components/trading/ServiceHealthChip.tsx:163	service-health-action
export	frontend/src/components/trading/StatTile.tsx:10	type StatTone
export	frontend/src/components/trading/StatTile.tsx:27	function toneOf
export	frontend/src/components/trading/StatTile.tsx:32	function StatTile
testid	frontend/src/components/trading/StatTile.tsx:45	testId ?? 'stat-tile'
export	frontend/src/components/trading/StatTile.tsx:60	function KpiRow
testid	frontend/src/components/trading/StatTile.tsx:68	kpi-row
testid	frontend/src/components/trading/StatTile.tsx:75	kpi-row
export	frontend/src/components/trading/StatoOrdine.tsx:29	const TITOLO_NOTA
testid	frontend/src/components/trading/StatoOrdine.tsx:40	stato-ordine-nota
export	frontend/src/components/trading/StatoOrdine.tsx:58	function StatoOrdineRiga
testid	frontend/src/components/trading/StatoOrdine.tsx:65	testId
testid	frontend/src/components/trading/StatoOrdine.tsx:72	${testId}-badge
testid	frontend/src/components/trading/StatoOrdine.tsx:75	${testId}-chiesto
testid	frontend/src/components/trading/StatoOrdine.tsx:81	${testId}-abbinato
testid	frontend/src/components/trading/StatoOrdine.tsx:85	${testId}-residuo
testid	frontend/src/components/trading/StatoOrdine.tsx:89	${testId}-scorrimento
testid	frontend/src/components/trading/StatoOrdine.tsx:96	${testId}-eta
testid	frontend/src/components/trading/StatoOrdine.tsx:104	${testId}-badge-nota
export	frontend/src/components/trading/StatoOrdine.tsx:114	function StatoOrdineCompatto
testid	frontend/src/components/trading/StatoOrdine.tsx:119	testId
export	frontend/src/components/trading/StoricoLink.tsx:22	interface StoricoLinkProps
testid	frontend/src/components/trading/StoricoLink.tsx:39	testId
export	frontend/src/components/trading/StoricoLink.tsx:51	function StoricoLink
testid	frontend/src/components/trading/StoricoLink.tsx:56	${testId}-coppia
export	frontend/src/components/trading/TradingHistory.tsx:25	interface TradingHistoryProps
export	frontend/src/components/trading/TradingHistory.tsx:58	function TradingHistory
testid	frontend/src/components/trading/TradingHistory.tsx:124	trading-history
testid	frontend/src/components/trading/TradingHistory.tsx:133	history-moneta
button	frontend/src/components/trading/TradingHistory.tsx:139	button
testid	frontend/src/components/trading/TradingHistory.tsx:140	history-mode-${m}
testid	frontend/src/components/trading/TradingHistory.tsx:150	history-criterio
testid	frontend/src/components/trading/TradingHistory.tsx:155	history-fonte-pnl
button	frontend/src/components/trading/TradingHistory.tsx:157	Button
testid	frontend/src/components/trading/TradingHistory.tsx:162	history-clamped
testid	frontend/src/components/trading/TradingHistory.tsx:169	history-error
export	frontend/src/components/ui/badge.tsx:26	interface BadgeProps
export	frontend/src/components/ui/button.tsx:37	interface ButtonProps
input	frontend/src/components/ui/input.tsx:8	input
export	frontend/src/components/watchlist/MultiTradeForm.tsx:57	const edgeKey
export	frontend/src/components/watchlist/MultiTradeForm.tsx:179	function MultiTradeForm
input	frontend/src/components/watchlist/MultiTradeForm.tsx:432	Input
input	frontend/src/components/watchlist/MultiTradeForm.tsx:437	select
input	frontend/src/components/watchlist/MultiTradeForm.tsx:445	Input
input	frontend/src/components/watchlist/MultiTradeForm.tsx:455	select
input	frontend/src/components/watchlist/MultiTradeForm.tsx:464	Input
input	frontend/src/components/watchlist/MultiTradeForm.tsx:471	Input
input	frontend/src/components/watchlist/MultiTradeForm.tsx:479	select
input	frontend/src/components/watchlist/MultiTradeForm.tsx:489	input
input	frontend/src/components/watchlist/MultiTradeForm.tsx:509	Input
button	frontend/src/components/watchlist/MultiTradeForm.tsx:519	Button
button	frontend/src/components/watchlist/MultiTradeForm.tsx:529	button
input	frontend/src/components/watchlist/MultiTradeForm.tsx:538	select
input	frontend/src/components/watchlist/MultiTradeForm.tsx:547	select
input	frontend/src/components/watchlist/MultiTradeForm.tsx:559	select
input	frontend/src/components/watchlist/MultiTradeForm.tsx:568	Input
input	frontend/src/components/watchlist/MultiTradeForm.tsx:574	Input
input	frontend/src/components/watchlist/MultiTradeForm.tsx:580	Input
input	frontend/src/components/watchlist/MultiTradeForm.tsx:633	Input
button	frontend/src/components/watchlist/MultiTradeForm.tsx:681	Button
button	frontend/src/components/watchlist/MultiTradeForm.tsx:684	Button
button	frontend/src/components/watchlist/MultiTradeForm.tsx:693	Button
button	frontend/src/components/watchlist/MultiTradeForm.tsx:697	Button
button	frontend/src/components/watchlist/MultiTradeForm.tsx:705	Button
export	frontend/src/components/watchlist/PlacedOrdersPanel.tsx:104	function PlacedOrdersPanel
export	frontend/src/components/watchlist/TradeForm.tsx:67	function TradeForm
button	frontend/src/components/watchlist/TradeForm.tsx:224	button
input	frontend/src/components/watchlist/TradeForm.tsx:242	Input
input	frontend/src/components/watchlist/TradeForm.tsx:247	select
input	frontend/src/components/watchlist/TradeForm.tsx:254	select
input	frontend/src/components/watchlist/TradeForm.tsx:261	Input
input	frontend/src/components/watchlist/TradeForm.tsx:266	Input
input	frontend/src/components/watchlist/TradeForm.tsx:271	Input
input	frontend/src/components/watchlist/TradeForm.tsx:276	Input
input	frontend/src/components/watchlist/TradeForm.tsx:281	Input
input	frontend/src/components/watchlist/TradeForm.tsx:286	Input
input	frontend/src/components/watchlist/TradeForm.tsx:293	Input
input	frontend/src/components/watchlist/TradeForm.tsx:298	Input
input	frontend/src/components/watchlist/TradeForm.tsx:305	Input
button	frontend/src/components/watchlist/TradeForm.tsx:322	Button
button	frontend/src/components/watchlist/TradeForm.tsx:333	button
input	frontend/src/components/watchlist/TradeForm.tsx:341	select
input	frontend/src/components/watchlist/TradeForm.tsx:350	select
input	frontend/src/components/watchlist/TradeForm.tsx:359	Input
input	frontend/src/components/watchlist/TradeForm.tsx:365	Input
input	frontend/src/components/watchlist/TradeForm.tsx:371	select
input	frontend/src/components/watchlist/TradeForm.tsx:379	Input
input	frontend/src/components/watchlist/TradeForm.tsx:385	Input
input	frontend/src/components/watchlist/TradeForm.tsx:391	Input
button	frontend/src/components/watchlist/TradeForm.tsx:401	Button
button	frontend/src/components/watchlist/TradeForm.tsx:405	Button
button	frontend/src/components/watchlist/WatchlistPanel.tsx:81	button
button	frontend/src/components/watchlist/WatchlistPanel.tsx:315	Button
button	frontend/src/components/watchlist/WatchlistPanel.tsx:326	Button
button	frontend/src/components/watchlist/WatchlistPanel.tsx:340	Button
button	frontend/src/components/watchlist/WatchlistPanel.tsx:383	button
button	frontend/src/components/watchlist/WatchlistPanel.tsx:466	Button
button	frontend/src/components/watchlist/WatchlistPanel.tsx:475	Button
button	frontend/src/components/watchlist/WatchlistPanel.tsx:485	Button
button	frontend/src/components/watchlist/WatchlistPanel.tsx:495	Button
button	frontend/src/components/watchlist/WatchlistPanel.tsx:507	Button
input	frontend/src/components/watchlist/WatchlistPanel.tsx:582	select
input	frontend/src/components/watchlist/WatchlistPanel.tsx:590	Input
button	frontend/src/components/watchlist/WatchlistPanel.tsx:595	Button
button	frontend/src/components/watchlist/WatchlistPanel.tsx:597	Button
button	frontend/src/components/watchlist/WatchlistPanel.tsx:643	Button
button	frontend/src/components/watchlist/WatchlistPanel.tsx:645	Button
export	frontend/src/components/watchlist/WatchlistPanel.tsx:656	function WatchlistPanel
export	frontend/src/fotografia/supabaseFinto.ts:21	interface RispostaFinta
export	frontend/src/fotografia/supabaseFinto.ts:29	interface RegistroChiamate
export	frontend/src/fotografia/supabaseFinto.ts:46	const registro
export	frontend/src/fotografia/supabaseFinto.ts:48	function azzeraRegistro
export	frontend/src/fotografia/supabaseFinto.ts:55	function impostaSessione
export	frontend/src/fotografia/supabaseFinto.ts:119	const supabaseFinto
export	frontend/src/hooks/useAuth.ts:5	function useAuth
export	frontend/src/integrations/supabase/client.ts:10	const supabase
export	frontend/src/lib/__fixtures__/replayBarra.ts:36	const FIXTURE_BARRA
export	frontend/src/lib/__fixtures__/replayBarra.ts:40	type EventoBarra
export	frontend/src/lib/__fixtures__/replayBarra.ts:42	function msDi
export	frontend/src/lib/__fixtures__/replayBarra.ts:52	interface PassoBarra
export	frontend/src/lib/__fixtures__/replayBarra.ts:53	function passiAttesi
export	frontend/src/lib/__fixtures__/replayBarra.ts:68	function passoDa
export	frontend/src/lib/__fixtures__/replayBarra.ts:74	function frameMatchOddsA
export	frontend/src/lib/__fixtures__/replayBarra.ts:83	interface SimboloAtteso
export	frontend/src/lib/__fixtures__/replayBarra.ts:86	function simboliAttesi
export	frontend/src/lib/__fixtures__/replayBarraConversione.ts:12	type RigaMatchOdds
export	frontend/src/lib/__fixtures__/replayBarraConversione.ts:13	type RigaFantasma
export	frontend/src/lib/__fixtures__/replayBarraConversione.ts:14	type RigaScore
export	frontend/src/lib/__fixtures__/replayBarraConversione.ts:16	interface FixtureBarra
export	frontend/src/lib/__fixtures__/replayBarraConversione.ts:23	const ID_MERCATO_FANTASMA
export	frontend/src/lib/__fixtures__/replayBarraConversione.ts:26	function replayDaFixture
export	frontend/src/lib/__fixtures__/replayBarraDbFinto.ts:24	function pgTs
export	frontend/src/lib/__fixtures__/replayBarraDbFinto.ts:34	interface OpzioniFintoDb
export	frontend/src/lib/__fixtures__/replayBarraDbFinto.ts:39	class FintoDb
export	frontend/src/lib/__fixtures__/replayBarraDbFinto.ts:164	interface ServerFinto
export	frontend/src/lib/__fixtures__/replayBarraDbFinto.ts:171	function avviaServerFinto
export	frontend/src/lib/__fixtures__/replayBarraMutanti.ts:17	function punteggioAlTsD1
export	frontend/src/lib/__fixtures__/replayBarraMutanti.ts:31	function buildSnapshotsD2
export	frontend/src/lib/__fixtures__/replayBarraMutanti.ts:44	const timelineEventMarkersD3D4
export	frontend/src/lib/__fixtures__/replayBarraMutanti.ts:47	function spostaSimboli
export	frontend/src/lib/__fixtures__/replayBarraPagina.tsx:17	interface SimboloVisto
export	frontend/src/lib/__fixtures__/replayBarraPagina.tsx:18	interface RigaMatchOddsVista
export	frontend/src/lib/__fixtures__/replayBarraPagina.tsx:19	interface VistaBarra
export	frontend/src/lib/__fixtures__/replayBarraPagina.tsx:31	interface PilotaPagina
export	frontend/src/lib/__fixtures__/replayBarraPagina.tsx:40	function apriReplay
export	frontend/src/lib/__fixtures__/replayBarraTutte.ts:21	const RADICE_REPO
export	frontend/src/lib/__fixtures__/replayBarraTutte.ts:22	const CARTELLA_REGISTRAZIONI
export	frontend/src/lib/__fixtures__/replayBarraTutte.ts:25	interface FixtureBarraCompleta
export	frontend/src/lib/__fixtures__/replayBarraTutte.ts:31	function eventiRegistrati
export	frontend/src/lib/__fixtures__/replayBarraTutte.ts:43	const percorsoFixture
export	frontend/src/lib/__fixtures__/replayBarraTutte.ts:44	const comandoRigenera
export	frontend/src/lib/__fixtures__/replayBarraTutte.ts:52	function impronteSorgente
export	frontend/src/lib/__fixtures__/replayBarraTutte.ts:61	function fixtureEsiste
export	frontend/src/lib/__fixtures__/replayBarraTutte.ts:65	function caricaFixtureCompleta
export	frontend/src/lib/__fixtures__/replayBarraTutte.ts:75	function eventiConFixture
export	frontend/src/lib/__fixtures__/replayBarraTutte.ts:79	function caricaPartita
export	frontend/src/lib/__fixtures__/replayTimelineEventsLegacy.ts:32	interface TimelineMarker
export	frontend/src/lib/__fixtures__/replayTimelineEventsLegacy.ts:51	function kindDiTipo
export	frontend/src/lib/__fixtures__/replayTimelineEventsLegacy.ts:61	function timelineEventMarkers
export	frontend/src/lib/__fixtures__/scalperFinti.ts:13	function sessione
export	frontend/src/lib/__fixtures__/scalperFinti.ts:28	function ordine
export	frontend/src/lib/analytics.ts:8	interface AnalyticsGroup
export	frontend/src/lib/analytics.ts:22	type FonteDatiAnalytics
export	frontend/src/lib/analytics.ts:24	interface AnalyticsResult
export	frontend/src/lib/analytics.ts:32	interface AnalyticsFilters
export	frontend/src/lib/analytics.ts:42	interface AnalyticsQuery
export	frontend/src/lib/analytics.ts:62	interface AnalyticsRow
export	frontend/src/lib/analytics.ts:80	function fetchAnalyticsFilters
export	frontend/src/lib/analytics.ts:105	function fetchAnalytics
export	frontend/src/lib/analytics.ts:114	function fetchAnalyticsRows
export	frontend/src/lib/analytics.ts:126	function groupsToCsv
export	frontend/src/lib/analytics.ts:137	interface DecisionGroup
export	frontend/src/lib/analytics.ts:153	interface DecisionsResult
export	frontend/src/lib/analytics.ts:157	interface DecisionsFilters
export	frontend/src/lib/analytics.ts:167	interface DecisionsQuery
export	frontend/src/lib/analytics.ts:174	function fetchDecisionsFilters
export	frontend/src/lib/analytics.ts:179	function fetchDecisions
export	frontend/src/lib/analytics.ts:190	const DECISIONS_GROUP_OPTIONS
export	frontend/src/lib/analytics.ts:201	function downloadCsv
export	frontend/src/lib/analytics.ts:211	const ENGINE_LABEL
export	frontend/src/lib/analytics.ts:215	const MARKET_LABEL
export	frontend/src/lib/analytics.ts:225	const GROUP_BY_OPTIONS
export	frontend/src/lib/analytics.ts:234	const pct
export	frontend/src/lib/analytics.ts:241	interface StrategyFilters
export	frontend/src/lib/analytics.ts:266	interface BacktestRow
export	frontend/src/lib/analytics.ts:291	interface Strategy
export	frontend/src/lib/analytics.ts:327	function fetchBacktest
export	frontend/src/lib/analytics.ts:333	function listStrategies
export	frontend/src/lib/analytics.ts:339	function saveStrategy
export	frontend/src/lib/analytics.ts:345	function deleteStrategy
export	frontend/src/lib/analytics.ts:350	function runStrategy
export	frontend/src/lib/analytics.ts:357	interface StrategyBetRow
export	frontend/src/lib/analytics.ts:384	function runStrategyRows
export	frontend/src/lib/analytics.ts:395	type BacktestMode
export	frontend/src/lib/analytics.ts:396	type BacktestStatus
export	frontend/src/lib/analytics.ts:398	type PersistenceType
export	frontend/src/lib/analytics.ts:400	interface BacktestRequestParams
export	frontend/src/lib/analytics.ts:417	interface SandboxRules
export	frontend/src/lib/analytics.ts:426	interface BacktestRunRequest
export	frontend/src/lib/analytics.ts:436	interface BacktestResultRow
export	frontend/src/lib/analytics.ts:455	function requestBacktest
export	frontend/src/lib/analytics.ts:462	function fetchBacktestRuns
export	frontend/src/lib/analytics.ts:472	function fetchBacktestResults
export	frontend/src/lib/analytics.ts:518	function subscribeBacktestRequest
export	frontend/src/lib/analytics.ts:538	const BACKTEST_STATUS_LABEL
export	frontend/src/lib/analytics.ts:545	const STRATEGY_GROUP_OPTIONS
export	frontend/src/lib/apertoAdesso.ts:20	interface ApertoPerBot
export	frontend/src/lib/apertoAdesso.ts:27	interface ApertoAdesso
export	frontend/src/lib/apertoAdesso.ts:46	interface IngressoAperto
export	frontend/src/lib/apertoAdesso.ts:72	function apertoAdesso
export	frontend/src/lib/applicaBot.ts:17	const ORDINE_GRUPPI
export	frontend/src/lib/applicaBot.ts:19	const ETICHETTA_MODALITA
export	frontend/src/lib/applicaBot.ts:25	function botDelloSport
export	frontend/src/lib/applicaBot.ts:32	function tipiMercatoRegistrati
export	frontend/src/lib/applicaBot.ts:42	function motivoMercatiMancanti
export	frontend/src/lib/applicaBot.ts:57	interface FamigliaScenari
export	frontend/src/lib/applicaBot.ts:65	function famiglieScenari
export	frontend/src/lib/applicaBot.ts:80	function modalitaDisponibile
export	frontend/src/lib/applicaBot.ts:85	interface EsitoCampo
export	frontend/src/lib/applicaBot.ts:101	function validaCampo
export	frontend/src/lib/applicaBot.ts:125	function sostituzioni
export	frontend/src/lib/applicaBot.ts:142	function gruppiParametri
export	frontend/src/lib/applicaBot.ts:154	function testoValore
export	frontend/src/lib/applicaBot.ts:165	function testoIstante
export	frontend/src/lib/applicaBot.ts:173	function minutoDiGioco
export	frontend/src/lib/auth-config.ts:6	const OWNER_EMAIL
export	frontend/src/lib/auth-config.ts:9	function isOwnerEmail
export	frontend/src/lib/auth-config.ts:14	const NOT_READY_TITLE
export	frontend/src/lib/auth-config.ts:15	const NOT_READY_MESSAGE
export	frontend/src/lib/avvisiBanco.ts:12	interface AvvisoBanco
export	frontend/src/lib/avvisiBanco.ts:26	function avvisiBanco
export	frontend/src/lib/avvisiBanco.ts:69	function confermaBanco
export	frontend/src/lib/betfair.ts:10	interface BetfairFixtureRow
export	frontend/src/lib/betfair.ts:22	function fetchBetfairFixtures
export	frontend/src/lib/betfair.ts:29	type BetfairOdds
export	frontend/src/lib/betfair.ts:31	function fetchBetfairOdds
export	frontend/src/lib/betfair.ts:39	interface OddLevel
export	frontend/src/lib/betfair.ts:40	interface BetfairRunner
export	frontend/src/lib/betfair.ts:41	interface BetfairMarket
export	frontend/src/lib/betfair.ts:43	function fetchBetfairFullOdds
export	frontend/src/lib/betfair.ts:50	type DirectionOdds
export	frontend/src/lib/betfair.ts:52	function fetchBetfairDirectionOdds
export	frontend/src/lib/betfair.ts:61	interface RefreshOddsResult
export	frontend/src/lib/betfair.ts:80	function refreshBetfairOdds
export	frontend/src/lib/betfair.ts:106	interface PlaceOrderPayload
export	frontend/src/lib/betfair.ts:121	interface PlaceOrderResult
export	frontend/src/lib/betfair.ts:159	function placeBetfairOrder
export	frontend/src/lib/betfair.ts:197	interface PlacedOrder
export	frontend/src/lib/betfair.ts:215	type PlacedOrderState
export	frontend/src/lib/betfair.ts:224	function placedOrderState
export	frontend/src/lib/betfair.ts:237	function fetchBetfairOrders
export	frontend/src/lib/betfairMedia.ts:22	type BetfairFeedType
export	frontend/src/lib/betfairMedia.ts:27	function betfairLivePopoutUrl
export	frontend/src/lib/betfairMedia.ts:35	function betfairPopoutWindowName
export	frontend/src/lib/betfairMedia.ts:40	const BETFAIR_POPOUT_FEATURES
export	frontend/src/lib/betfairMedia.ts:51	function openBetfairPopout
export	frontend/src/lib/canaleRunner.ts:40	const CAMPI_POSIZIONE
export	frontend/src/lib/canaleRunner.ts:45	type CampoPosizione
export	frontend/src/lib/canaleRunner.ts:53	function istanteMicro
export	frontend/src/lib/canaleRunner.ts:65	interface RigaNow
export	frontend/src/lib/canaleRunner.ts:75	function leggiPushNow
export	frontend/src/lib/canaleRunner.ts:88	function nowPiuRecente
export	frontend/src/lib/canaleRunner.ts:98	interface PushPosizione
export	frontend/src/lib/canaleRunner.ts:110	function chiavePosizione
export	frontend/src/lib/canaleRunner.ts:125	function leggiPushPosizione
export	frontend/src/lib/canaleRunner.ts:156	type SovrapposizioniPos
export	frontend/src/lib/canaleRunner.ts:171	function applicaPushPosizione
export	frontend/src/lib/canaleRunner.ts:192	function potaSovrapposizioni
export	frontend/src/lib/canaleRunner.ts:213	function vistaPosizioni
export	frontend/src/lib/capacitaMercati.ts:21	interface PartitaFuori
export	frontend/src/lib/capacitaMercati.ts:30	interface CapacitaMercati
export	frontend/src/lib/capacitaMercati.ts:62	function leggiCapacitaMercati
export	frontend/src/lib/cashOutPartita.ts:59	const PIATTO_EPS
export	frontend/src/lib/cashOutPartita.ts:61	const PAREGGIATA_EPS
export	frontend/src/lib/cashOutPartita.ts:67	const ALIQUOTA_DI_RIPIEGO_PARTITA
export	frontend/src/lib/cashOutPartita.ts:71	function r2
export	frontend/src/lib/cashOutPartita.ts:77	interface GambaViva
export	frontend/src/lib/cashOutPartita.ts:106	interface ComponenteCashOut
export	frontend/src/lib/cashOutPartita.ts:118	type StatoPosizione
export	frontend/src/lib/cashOutPartita.ts:121	interface PosizioneCashOut
export	frontend/src/lib/cashOutPartita.ts:153	interface MercatoCashOut
export	frontend/src/lib/cashOutPartita.ts:161	interface CashOutModalita
export	frontend/src/lib/cashOutPartita.ts:183	interface CashOutPartitaRisultato
export	frontend/src/lib/cashOutPartita.ts:188	interface OpzioniCashOut
export	frontend/src/lib/cashOutPartita.ts:463	function cashOutPartita
export	frontend/src/lib/cashOutPartita.ts:495	interface IdGambaChiusura
export	frontend/src/lib/cashOutPartita.ts:501	interface OperazionePerCashOut
export	frontend/src/lib/cashOutPartita.ts:572	function gambeDaOperazioni
export	frontend/src/lib/cashOutPartita.ts:643	function dueEsitiMike
export	frontend/src/lib/cashOutPartita.ts:655	function dueEsitiPartita
export	frontend/src/lib/cashOutPartita.ts:671	function esitoDecisoMike
export	frontend/src/lib/cashOutPartita.ts:693	function valoreBotMike
export	frontend/src/lib/certezzaChiusura.ts:64	type StatoCertezzaChiusura
export	frontend/src/lib/certezzaChiusura.ts:76	interface EsposizioneResidua
export	frontend/src/lib/certezzaChiusura.ts:84	interface RisultatoCertezzaChiusura
export	frontend/src/lib/certezzaChiusura.ts:94	interface PosizioneDaGiudicare
export	frontend/src/lib/certezzaChiusura.ts:138	function certezzaChiusura
export	frontend/src/lib/certezzaChiusura.ts:307	function eCertezzaVerde
export	frontend/src/lib/certezzaChiusura.ts:312	function eCertezzaAllarme
export	frontend/src/lib/certezzaChiusura.ts:316	interface RiepilogoCertezza
export	frontend/src/lib/certezzaChiusura.ts:343	function riepilogoCertezza
export	frontend/src/lib/chiuseGiornata.ts:37	const RPC_CHIUSE_GIORNATA
export	frontend/src/lib/chiuseGiornata.ts:40	const SCADENZA_OGGI_MS
export	frontend/src/lib/chiuseGiornata.ts:42	interface ChiuseGiornata
export	frontend/src/lib/chiuseGiornata.ts:62	function giornoPartitaDi
export	frontend/src/lib/chiuseGiornata.ts:81	function righeDaRisposta
export	frontend/src/lib/chiuseGiornata.ts:101	function righeDaStorico
export	frontend/src/lib/chiuseGiornata.ts:144	function leggiChiuseGiornata
export	frontend/src/lib/chiuseGiornata.ts:167	const MARGINE_LETTURA_MS
export	frontend/src/lib/chiuseGiornata.ts:169	interface PosizioniDellaGiornata
export	frontend/src/lib/chiuseGiornata.ts:190	function posizioniDellaGiornata
export	frontend/src/lib/chiuseGiornata.ts:224	function chiuseGiornata
export	frontend/src/lib/chiuseGiornata.ts:244	function dimenticaChiuseGiornata
export	frontend/src/lib/chiusuraAlMs.ts:28	interface DatiChiusuraAlMs
export	frontend/src/lib/chiusuraAlMs.ts:51	const ALIQUOTA_DI_RIPIEGO
export	frontend/src/lib/chiusuraAlMs.ts:54	function aliquotaAlMs
export	frontend/src/lib/chiusuraAlMs.ts:59	interface ChiusuraAlPrezzo
export	frontend/src/lib/chiusuraAlMs.ts:67	function ripiegoScanner
export	frontend/src/lib/chiusuraAlMs.ts:90	function chiusuraAlPrezzo
export	frontend/src/lib/chiusuraAlMs.ts:104	function etaPrezzoS
export	frontend/src/lib/chiusuraAlMs.ts:119	function testoFonte
export	frontend/src/lib/chiusuraAlMs.ts:128	interface GambaComboAlMs
export	frontend/src/lib/chiusuraAlMs.ts:137	interface ValutazioneComboAlMs
export	frontend/src/lib/chiusuraAlMs.ts:166	function valutaComboAlMs
export	frontend/src/lib/chiusuraUtente.ts:22	interface MarcatoreChiusura
export	frontend/src/lib/chiusuraUtente.ts:38	interface RigaConMeta
export	frontend/src/lib/chiusuraUtente.ts:59	function marcatoreRiga
export	frontend/src/lib/chiusuraUtente.ts:75	interface StatoChiusuraEvento
export	frontend/src/lib/chiusuraUtente.ts:94	function statoChiusuraEvento
export	frontend/src/lib/chiusuraUtente.ts:121	function eventiChiusiDalleRighe
export	frontend/src/lib/chiusuraUtente.ts:142	function comeLabel
export	frontend/src/lib/chiusuraUtente.ts:155	class EventoMancante
export	frontend/src/lib/chiusuraUtente.ts:164	function payloadCashoutEvento
export	frontend/src/lib/chiusuraUtente.ts:171	function payloadRiprendiEvento
export	frontend/src/lib/chiusuraUtente.ts:185	function motivoCashoutSpento
export	frontend/src/lib/chiusuraUtente.ts:204	function motivoRiprendiSpento
export	frontend/src/lib/comboPrezzoVivo.ts:24	type LatoOrdine
export	frontend/src/lib/comboPrezzoVivo.ts:30	interface GambaCombo
export	frontend/src/lib/comboPrezzoVivo.ts:51	function prezzoVivoGamba
export	frontend/src/lib/comboPrezzoVivo.ts:71	function prezzoVivoPerGamba
export	frontend/src/lib/composizioneConto.ts:30	type FonteVoce
export	frontend/src/lib/composizioneConto.ts:32	interface RigaComposizioneConto
export	frontend/src/lib/composizioneConto.ts:39	interface ComposizioneConto
export	frontend/src/lib/composizioneConto.ts:82	function composizioneDalConto
export	frontend/src/lib/composizioneConto.ts:141	interface SportDalConto
export	frontend/src/lib/composizioneConto.ts:177	function perSportDalConto
export	frontend/src/lib/composizioneConto.ts:217	function righeMikeDelConto
export	frontend/src/lib/composizioneConto.ts:224	interface ContoVista
export	frontend/src/lib/composizioneConto.ts:240	function contoPerVista
export	frontend/src/lib/composizioneConto.ts:253	function etaContoS
export	frontend/src/lib/composizioneObiettivo.ts:35	interface RigaComponente
export	frontend/src/lib/composizioneObiettivo.ts:81	interface RigaComposizione
export	frontend/src/lib/composizioneObiettivo.ts:92	interface ComposizioneObiettivo
export	frontend/src/lib/composizioneObiettivo.ts:143	function componiObiettivo
export	frontend/src/lib/composizioneObiettivo.ts:230	type FonteReale
export	frontend/src/lib/composizioneObiettivo.ts:233	const FONTI_REALI
export	frontend/src/lib/composizioneObiettivo.ts:239	interface ParteConto
export	frontend/src/lib/composizioneObiettivo.ts:246	interface SportConto
export	frontend/src/lib/composizioneObiettivo.ts:259	type SportDelConto
export	frontend/src/lib/composizioneObiettivo.ts:261	interface PnlRealeOggi
export	frontend/src/lib/composizioneObiettivo.ts:304	function leggiPnlRealeOggi
export	frontend/src/lib/composizioneObiettivo.ts:371	function betIdChiusureAMano
export	frontend/src/lib/composizioneObiettivo.ts:382	function pnlRealePiuRecente
export	frontend/src/lib/composizioneObiettivo.ts:392	interface RigaTradeReale
export	frontend/src/lib/composizioneObiettivo.ts:414	function righeGiornataPerCiclo
export	frontend/src/lib/composizioneObiettivo.ts:481	function rigaSintetica
export	frontend/src/lib/composizioneObiettivo.ts:500	function differenzaContoRighe
export	frontend/src/lib/composizioneObiettivo.ts:539	interface RigaTradeCiclo
export	frontend/src/lib/composizioneObiettivo.ts:544	function righeRealizzatoPerCiclo
export	frontend/src/lib/controlRoom.ts:41	type BotCalcio
export	frontend/src/lib/controlRoom.ts:55	type BotTennis
export	frontend/src/lib/controlRoom.ts:59	type Bot
export	frontend/src/lib/controlRoom.ts:63	const BOT_TENNIS
export	frontend/src/lib/controlRoom.ts:67	function isBotTennis
export	frontend/src/lib/controlRoom.ts:71	const BOT_LABEL
export	frontend/src/lib/controlRoom.ts:85	type StatoPartita
export	frontend/src/lib/controlRoom.ts:90	const SENZA_CAMPIONATO
export	frontend/src/lib/controlRoom.ts:96	const ETA_FRESCA_S
export	frontend/src/lib/controlRoom.ts:97	const ETA_VECCHIA_S
export	frontend/src/lib/controlRoom.ts:99	type Freschezza
export	frontend/src/lib/controlRoom.ts:132	const CADENZA_SERVIZIO_S
export	frontend/src/lib/controlRoom.ts:134	function freschezzaBattito
export	frontend/src/lib/controlRoom.ts:145	function freschezza
export	frontend/src/lib/controlRoom.ts:155	function affidabilePerPiazzare
export	frontend/src/lib/controlRoom.ts:170	type StatoQuote
export	frontend/src/lib/controlRoom.ts:172	function statoQuote
export	frontend/src/lib/controlRoom.ts:187	function quoteAffidabili
export	frontend/src/lib/controlRoom.ts:195	interface PartitaFeedLike
export	frontend/src/lib/controlRoom.ts:280	function statoPartita
export	frontend/src/lib/controlRoom.ts:289	function koMs
export	frontend/src/lib/controlRoom.ts:299	function punteggio
export	frontend/src/lib/controlRoom.ts:325	function latenzaQuoteS
export	frontend/src/lib/controlRoom.ts:353	interface LatiOu
export	frontend/src/lib/controlRoom.ts:354	interface LineaOuScheda
export	frontend/src/lib/controlRoom.ts:385	function lineeOuScheda
export	frontend/src/lib/controlRoom.ts:416	function nomePartita
export	frontend/src/lib/controlRoom.ts:426	function campionato
export	frontend/src/lib/controlRoom.ts:442	interface ArricchimentoPartita
export	frontend/src/lib/controlRoom.ts:456	function arricchimentoDa
export	frontend/src/lib/controlRoom.ts:486	function haControlloGioco
export	frontend/src/lib/controlRoom.ts:492	function coperturaControllo
export	frontend/src/lib/controlRoom.ts:508	type FonteTarget
export	frontend/src/lib/controlRoom.ts:510	interface TargetPartita
export	frontend/src/lib/controlRoom.ts:517	const TARGET_MIN_EUR
export	frontend/src/lib/controlRoom.ts:531	function targetPartita
export	frontend/src/lib/controlRoom.ts:560	function avanzamentoPartita
export	frontend/src/lib/controlRoom.ts:572	type TradeConBot
export	frontend/src/lib/controlRoom.ts:574	function marca
export	frontend/src/lib/controlRoom.ts:605	interface RigaTennisPerSoldi
export	frontend/src/lib/controlRoom.ts:653	function residuoTennisSulBook
export	frontend/src/lib/controlRoom.ts:670	function marcaTennis
export	frontend/src/lib/controlRoom.ts:706	interface SoldiModo
export	frontend/src/lib/controlRoom.ts:728	interface PartitaSoldi
export	frontend/src/lib/controlRoom.ts:739	type Modo
export	frontend/src/lib/controlRoom.ts:743	function modoDi
export	frontend/src/lib/controlRoom.ts:763	function soldiPerPartita
export	frontend/src/lib/controlRoom.ts:811	type Sport
export	frontend/src/lib/controlRoom.ts:813	interface PartitaGiornata
export	frontend/src/lib/controlRoom.ts:890	interface GruppoCampionato
export	frontend/src/lib/controlRoom.ts:908	function costruisciGiornata
export	frontend/src/lib/controlRoom.ts:1015	function etaSecondi
export	frontend/src/lib/controlRoom.ts:1024	type Sport2
export	frontend/src/lib/controlRoom.ts:1027	interface RigaRealizzato
export	frontend/src/lib/controlRoom.ts:1034	interface Realizzato
export	frontend/src/lib/controlRoom.ts:1073	function realizzatoGiornata
export	frontend/src/lib/controlRoom.ts:1101	interface TesseraSport
export	frontend/src/lib/controlRoom.ts:1113	function perSportGiornata
export	frontend/src/lib/controlRoom.ts:1148	interface TotaliGiornata
export	frontend/src/lib/controlRoom.ts:1187	function totaliGiornata
export	frontend/src/lib/controlRoomCatena.ts:23	interface Salto
export	frontend/src/lib/controlRoomCatena.ts:50	interface TempiTrade
export	frontend/src/lib/controlRoomCatena.ts:57	interface EsecuzioneTrade
export	frontend/src/lib/controlRoomCatena.ts:79	function delta
export	frontend/src/lib/controlRoomCatena.ts:92	function catenaOperazione
export	frontend/src/lib/controlRoomCatena.ts:146	function totaleCatena
export	frontend/src/lib/controlRoomCatena.ts:158	function totaleNostro
export	frontend/src/lib/controlRoomCatena.ts:170	function colloDiBottiglia
export	frontend/src/lib/controlRoomCatena.ts:183	interface CatenaSchermo
export	frontend/src/lib/controlRoomCatena.ts:201	function catenaSchermo
export	frontend/src/lib/controlRoomCatena.ts:216	function fmtMs
export	frontend/src/lib/controlRoomProposte.ts:29	interface PropostaPayload
export	frontend/src/lib/controlRoomProposte.ts:87	interface PropostaChiusura
export	frontend/src/lib/controlRoomProposte.ts:98	interface PrezzoVivo
export	frontend/src/lib/controlRoomProposte.ts:139	function prezzoVivo
export	frontend/src/lib/controlRoomProposte.ts:170	const SLIPPAGE_PCT_DEFAULT
export	frontend/src/lib/controlRoomProposte.ts:172	interface Scostamento
export	frontend/src/lib/controlRoomProposte.ts:194	function scostamento
export	frontend/src/lib/controlRoomProposte.ts:224	function abbinabileSufficiente
export	frontend/src/lib/controlRoomProposte.ts:256	function stakeDiChiusura
export	frontend/src/lib/controlRoomProposte.ts:271	function motivoNonApprovabile
export	frontend/src/lib/controlRoomProposte.ts:335	const SCADENZA_PROPOSTA_ORE
export	frontend/src/lib/controlRoomProposte.ts:345	function propostaScaduta
export	frontend/src/lib/controlRoomProposte.ts:356	function ordinaProposte
export	frontend/src/lib/controlRoomProposte.ts:369	function fetchProposte
export	frontend/src/lib/controlRoomProposte.ts:399	function approvaProposta
export	frontend/src/lib/controlRoomProposte.ts:408	function ignoraProposta
export	frontend/src/lib/controlRoomProposte.ts:416	function subscribeProposte
export	frontend/src/lib/dailyHistory.ts:23	interface DailyBreakdown
export	frontend/src/lib/dailyHistory.ts:32	interface DailyRow
export	frontend/src/lib/dailyHistory.ts:88	interface DayTradeLeg
export	frontend/src/lib/dailyHistory.ts:121	interface DayTrade
export	frontend/src/lib/dailyHistory.ts:148	type GiornoDaDb
export	frontend/src/lib/dailyHistory.ts:149	type DayTrades
export	frontend/src/lib/dailyHistory.ts:151	type HistoryVariant
export	frontend/src/lib/dailyHistory.ts:152	type SafeSportFilter
export	frontend/src/lib/dailyHistory.ts:176	function normalizeDailyRow
export	frontend/src/lib/dailyHistory.ts:217	function normalizeDailyRows
export	frontend/src/lib/dailyHistory.ts:243	function normalizeDayTrades
export	frontend/src/lib/dailyHistory.ts:269	function fetchOmegaDaily
export	frontend/src/lib/dailyHistory.ts:277	type SafeModeFilter
export	frontend/src/lib/dailyHistory.ts:288	function fetchSafeDaily
export	frontend/src/lib/dailyHistory.ts:300	function fetchOmegaDayTrades
export	frontend/src/lib/dailyHistory.ts:312	function eFirmaMancante
export	frontend/src/lib/dailyHistory.ts:320	interface DailyPerModo
export	frontend/src/lib/dailyHistory.ts:336	function fetchOmegaDailyPerModo
export	frontend/src/lib/dailyHistory.ts:350	function fetchOmegaDayTradesPerModo
export	frontend/src/lib/dailyHistory.ts:367	function fetchStakePerGiorno
export	frontend/src/lib/dailyHistory.ts:394	function fetchSafeDayTrades
export	frontend/src/lib/dailyHistory.ts:409	function fetchMikeDaily
export	frontend/src/lib/dailyHistory.ts:419	function fetchMikeDayTrades
export	frontend/src/lib/dailyHistory.ts:429	function dayToMs
export	frontend/src/lib/dailyHistory.ts:435	function msToDay
export	frontend/src/lib/dailyHistory.ts:439	function addDays
export	frontend/src/lib/dailyHistory.ts:442	function isValidDay
export	frontend/src/lib/dailyHistory.ts:452	function romeDay
export	frontend/src/lib/dailyHistory.ts:470	function offsetRomaMs
export	frontend/src/lib/dailyHistory.ts:482	function dayLabel
export	frontend/src/lib/dailyHistory.ts:493	function monthLabel
export	frontend/src/lib/dailyHistory.ts:503	type PeriodKind
export	frontend/src/lib/dailyHistory.ts:504	const PERIOD_LABEL
export	frontend/src/lib/dailyHistory.ts:510	function periodRange
export	frontend/src/lib/dailyHistory.ts:531	function coperturaTutto
export	frontend/src/lib/dailyHistory.ts:552	function filterRange
export	frontend/src/lib/dailyHistory.ts:558	const MAX_HISTORY_DAYS
export	frontend/src/lib/dailyHistory.ts:560	interface ClampedRange
export	frontend/src/lib/dailyHistory.ts:567	function clampHistoryRange
export	frontend/src/lib/dailyHistory.ts:581	interface HistoryWindow
export	frontend/src/lib/dailyHistory.ts:602	function historyWindow
export	frontend/src/lib/dailyHistory.ts:634	type DayAttribution
export	frontend/src/lib/dailyHistory.ts:643	function attributionOf
export	frontend/src/lib/dailyHistory.ts:652	function ripiegoAttribuzione
export	frontend/src/lib/dailyHistory.ts:657	const GIORNATA_PARTITA_TESTO
export	frontend/src/lib/dailyHistory.ts:662	const GIORNATA_RIPIEGO_TESTO
export	frontend/src/lib/dailyHistory.ts:673	type StatoGiornoDb
export	frontend/src/lib/dailyHistory.ts:675	function statoGiornoDb
export	frontend/src/lib/dailyHistory.ts:693	function testoCriterioGiornata
export	frontend/src/lib/dailyHistory.ts:704	interface DaySummary
export	frontend/src/lib/dailyHistory.ts:758	const WIN_LOSS_TIP
export	frontend/src/lib/dailyHistory.ts:775	function isPlacedLeg
export	frontend/src/lib/dailyHistory.ts:792	function outcomeOf
export	frontend/src/lib/dailyHistory.ts:814	function summarizeDayTrades
export	frontend/src/lib/dailyHistory.ts:878	function equityByDay
export	frontend/src/lib/dailyHistory.ts:886	interface DrawdownInfo
export	frontend/src/lib/dailyHistory.ts:899	function drawdown
export	frontend/src/lib/dailyHistory.ts:912	interface StreakInfo
export	frontend/src/lib/dailyHistory.ts:922	function streaks
export	frontend/src/lib/dailyHistory.ts:935	function profitFactor
export	frontend/src/lib/dailyHistory.ts:943	function expectancy
export	frontend/src/lib/dailyHistory.ts:950	interface GoalHitInfo
export	frontend/src/lib/dailyHistory.ts:966	function goalHitRate
export	frontend/src/lib/dailyHistory.ts:980	interface MonthSummary
export	frontend/src/lib/dailyHistory.ts:999	function monthSummary
export	frontend/src/lib/dailyHistory.ts:1022	interface PeriodSummary
export	frontend/src/lib/dailyHistory.ts:1049	function summarizeRows
export	frontend/src/lib/dailyHistory.ts:1082	function aggregateBreakdown
export	frontend/src/lib/dailyHistory.ts:1096	interface CalendarCell
export	frontend/src/lib/dailyHistory.ts:1108	function calendarGrid
export	frontend/src/lib/dailyHistory.ts:1148	function calendarGridBounds
export	frontend/src/lib/dailyHistory.ts:1160	function shiftMonth
export	frontend/src/lib/dailyHistory.ts:1166	type ExitKind
export	frontend/src/lib/dailyHistory.ts:1168	interface ExitInfo
export	frontend/src/lib/dailyHistory.ts:1194	const EXIT_KIND_LABEL
export	frontend/src/lib/dailyHistory.ts:1237	function exitReasonText
export	frontend/src/lib/dailyHistory.ts:1246	function exitInfo
export	frontend/src/lib/dailyHistory.ts:1269	function tradeExit
export	frontend/src/lib/depthFlow.ts:7	interface DepthSample
export	frontend/src/lib/depthFlow.ts:16	function sideTotals
export	frontend/src/lib/depthFlow.ts:30	function cumulativeLevels
export	frontend/src/lib/depthFlow.ts:49	function pushDepthSample
export	frontend/src/lib/depthFlow.ts:63	function depthDelta
export	frontend/src/lib/direzione.ts:13	type EngineProbs
export	frontend/src/lib/direzione.ts:15	interface DirMarket
export	frontend/src/lib/direzione.ts:41	interface DirezioneData
export	frontend/src/lib/direzione.ts:49	function fetchDirezione
export	frontend/src/lib/direzione.ts:63	interface DirezioneEta
export	frontend/src/lib/direzione.ts:72	function fetchDirezioneEta
export	frontend/src/lib/direzione.ts:89	const marketLabel
export	frontend/src/lib/direzione.ts:91	function selectionLabel
export	frontend/src/lib/direzione.ts:103	const ENGINE_LABELS
export	frontend/src/lib/direzione.ts:118	type FonteQuota
export	frontend/src/lib/direzione.ts:119	interface QuotaCarta
export	frontend/src/lib/direzione.ts:121	function quotaDirezione
export	frontend/src/lib/direzione.ts:133	type Strength
export	frontend/src/lib/direzione.ts:134	function strength
export	frontend/src/lib/direzione.ts:142	function enginePick
export	frontend/src/lib/erroreRpc.ts:11	type TipoErroreRpc
export	frontend/src/lib/erroreRpc.ts:13	interface ErroreRpc
export	frontend/src/lib/erroreRpc.ts:24	function classificaErroreRpc
export	frontend/src/lib/erroreRpc.ts:37	function fmtOrarioRiepilogo
export	frontend/src/lib/esitoAbbinamento.ts:50	type Lato
export	frontend/src/lib/esitoAbbinamento.ts:53	type FaseEsito
export	frontend/src/lib/esitoAbbinamento.ts:58	type FaseRichiesta
export	frontend/src/lib/esitoAbbinamento.ts:61	type FonteGamba
export	frontend/src/lib/esitoAbbinamento.ts:64	const SCADENZA_SEGUITO_MS
export	frontend/src/lib/esitoAbbinamento.ts:67	const MAX_SEGUITI
export	frontend/src/lib/esitoAbbinamento.ts:73	const TERMINALI_FLUMINE
export	frontend/src/lib/esitoAbbinamento.ts:78	interface ClicOrdine
export	frontend/src/lib/esitoAbbinamento.ts:115	interface RichiestaSeguita
export	frontend/src/lib/esitoAbbinamento.ts:131	interface PosizioneNonChiusa
export	frontend/src/lib/esitoAbbinamento.ts:148	type ModoGambe
export	frontend/src/lib/esitoAbbinamento.ts:151	interface GambaSeguita
export	frontend/src/lib/esitoAbbinamento.ts:162	interface RigaCandidata
export	frontend/src/lib/esitoAbbinamento.ts:172	interface DeltaTick
export	frontend/src/lib/esitoAbbinamento.ts:179	interface EsitoGamba
export	frontend/src/lib/esitoAbbinamento.ts:198	type TonoEsito
export	frontend/src/lib/esitoAbbinamento.ts:200	interface EsitoAbbinamento
export	frontend/src/lib/esitoAbbinamento.ts:228	function quotaValida
export	frontend/src/lib/esitoAbbinamento.ts:245	function deltaTick
export	frontend/src/lib/esitoAbbinamento.ts:255	function testoDelta
export	frontend/src/lib/esitoAbbinamento.ts:271	function idsDaRisultato
export	frontend/src/lib/esitoAbbinamento.ts:293	function nonChiuseDaRisultato
export	frontend/src/lib/esitoAbbinamento.ts:309	function chiaveCashOutPartita
export	frontend/src/lib/esitoAbbinamento.ts:314	function testoModoGambe
export	frontend/src/lib/esitoAbbinamento.ts:342	function gambeDelClicDettaglio
export	frontend/src/lib/esitoAbbinamento.ts:375	function gambeDelClic
export	frontend/src/lib/esitoAbbinamento.ts:388	function comeRigaOrdine
export	frontend/src/lib/esitoAbbinamento.ts:406	function candidateDallaMappa
export	frontend/src/lib/esitoAbbinamento.ts:428	function gambaDallaMappa
export	frontend/src/lib/esitoAbbinamento.ts:449	function esitoGamba
export	frontend/src/lib/esitoAbbinamento.ts:560	function fonteGamba
export	frontend/src/lib/esitoAbbinamento.ts:575	function fonteRichiesta
export	frontend/src/lib/esitoAbbinamento.ts:584	function esitoAbbinamento
export	frontend/src/lib/esitoAbbinamento.ts:685	function esitoDelClic
export	frontend/src/lib/esitoAbbinamento.ts:697	function idsNotiSullaPartita
export	frontend/src/lib/esitoAbbinamento.ts:705	function aggiungiSeguito
export	frontend/src/lib/etaDato.ts:17	const SOGLIA_PREVISIONE_ORE
export	frontend/src/lib/etaDato.ts:18	const SOGLIA_CALIBRAZIONE_ORE
export	frontend/src/lib/etaDato.ts:19	const SOGLIA_PAGELLA_ORE
export	frontend/src/lib/etaDato.ts:21	type StatoEta
export	frontend/src/lib/etaDato.ts:23	interface Eta
export	frontend/src/lib/etaDato.ts:31	function formatEta
export	frontend/src/lib/etaDato.ts:44	function calcolaEta
export	frontend/src/lib/eventGroups.ts:25	interface PnlTradeLike
export	frontend/src/lib/eventGroups.ts:70	interface RigaPnlReale
export	frontend/src/lib/eventGroups.ts:82	function pnlDiRiga
export	frontend/src/lib/eventGroups.ts:91	function fonteDiRiga
export	frontend/src/lib/eventGroups.ts:102	function fonteDiRighe
export	frontend/src/lib/eventGroups.ts:109	const SETTLED_STATES
export	frontend/src/lib/eventGroups.ts:111	function isSettled
export	frontend/src/lib/eventGroups.ts:116	function isErrorRow
export	frontend/src/lib/eventGroups.ts:162	function nettoCicloChiuso
export	frontend/src/lib/eventGroups.ts:182	interface CicloGroup
export	frontend/src/lib/eventGroups.ts:200	function groupTradesIntoCicli
export	frontend/src/lib/eventGroups.ts:236	interface EventGroup
export	frontend/src/lib/eventGroups.ts:259	interface GroupByEventOpts
export	frontend/src/lib/eventGroups.ts:271	function groupCicliByEvent
export	frontend/src/lib/eventGroups.ts:321	interface TotaliOperazioni
export	frontend/src/lib/eventGroups.ts:345	function totaliOperazioni
export	frontend/src/lib/eventGroups.ts:381	function tradesOfMode
export	frontend/src/lib/eventPnl.ts:20	function positionMtm
export	frontend/src/lib/eventPnl.ts:40	function eventMtm
export	frontend/src/lib/eventPnl.ts:71	function perModalita
export	frontend/src/lib/eventPnl.ts:88	function eventExposure
export	frontend/src/lib/fairOverlay.ts:29	const FALLBACK_COMMISSION
export	frontend/src/lib/fairOverlay.ts:32	const FAIR_MAX_AGE_MS
export	frontend/src/lib/fairOverlay.ts:34	interface FairInfo
export	frontend/src/lib/fairOverlay.ts:47	function evBack
export	frontend/src/lib/fairOverlay.ts:52	function evLay
export	frontend/src/lib/fairOverlay.ts:58	function bestEvAt
export	frontend/src/lib/fairOverlay.ts:70	function fairInfos
export	frontend/src/lib/fairOverlay.ts:104	function fmtEvAt
export	frontend/src/lib/faseIps.ts:19	const MAX_MINUTO_1T
export	frontend/src/lib/faseIps.ts:37	function statoIpsGrezzo
export	frontend/src/lib/faseIps.ts:45	function tempoDaStatoIps
export	frontend/src/lib/fixtureModels.ts:10	interface PoissonData
export	frontend/src/lib/fixtureModels.ts:27	interface MLBetSignal
export	frontend/src/lib/fixtureModels.ts:40	interface MLData
export	frontend/src/lib/fixtureModels.ts:68	function fetchPoisson
export	frontend/src/lib/fixtureModels.ts:81	interface PoissonCalibrationEta
export	frontend/src/lib/fixtureModels.ts:88	function fetchPoissonCalibrationEta
export	frontend/src/lib/fixtureModels.ts:95	function fetchML
export	frontend/src/lib/fixtureModels.ts:106	const pctFmt
export	frontend/src/lib/fixtureModels.ts:109	const numFmt
export	frontend/src/lib/fixtureModels.ts:113	const COL
export	frontend/src/lib/fixtureModels.ts:121	function colorForSelection
export	frontend/src/lib/fixtureModels.ts:137	function mlTargetLabel
export	frontend/src/lib/fixtureModels.ts:166	function mlClassLabel
export	frontend/src/lib/fixtureModels.ts:185	interface AccordoPrevisione
export	frontend/src/lib/fixtureModels.ts:192	function accordoConPrevisione
export	frontend/src/lib/flussoPrezzi.ts:14	type MotivoFlusso
export	frontend/src/lib/flussoPrezzi.ts:21	interface FlussoRiga
export	frontend/src/lib/flussoPrezzi.ts:30	type StatoFlusso
export	frontend/src/lib/flussoPrezzi.ts:32	interface GiudizioFlusso
export	frontend/src/lib/flussoPrezzi.ts:63	function giudizioFlusso
export	frontend/src/lib/flussoPrezzi.ts:104	interface BloccoOuRiga
export	frontend/src/lib/flussoPrezzi.ts:113	interface RigaLineeMike
export	frontend/src/lib/flussoPrezzi.ts:120	interface LineaFermaMike
export	frontend/src/lib/flussoPrezzi.ts:130	interface GiudizioFlussoMike
export	frontend/src/lib/flussoPrezzi.ts:159	function giudizioFlussoMike
export	frontend/src/lib/flussoPrezzi.ts:195	function moNonAncoraRicevuto
export	frontend/src/lib/flussoStreamRunner.ts:12	interface FlussoStreamRunner
export	frontend/src/lib/flussoStreamRunner.ts:24	const FLUSSO_STREAM_VALIDO_S
export	frontend/src/lib/flussoStreamRunner.ts:31	function leggiFlussoStream
export	frontend/src/lib/flussoStreamRunner.ts:53	interface GiudizioFlussoStream
export	frontend/src/lib/flussoStreamRunner.ts:61	const TESTO_CANALE_GIU
export	frontend/src/lib/flussoStreamRunner.ts:70	function giudizioConCanale
export	frontend/src/lib/flussoStreamRunner.ts:82	function giudizioFlussoStream
export	frontend/src/lib/fontePnl.ts:20	type FontePnl
export	frontend/src/lib/fontePnl.ts:23	const FONTE_PNL_TESTO
export	frontend/src/lib/fontePnl.ts:30	const FONTE_PNL_BREVE
export	frontend/src/lib/fontePnl.ts:37	const RUOLO_UTENTE
export	frontend/src/lib/fontePnl.ts:38	const RUOLO_UTENTE_TESTO
export	frontend/src/lib/fontePnl.ts:40	interface RigaPnl
export	frontend/src/lib/fontePnl.ts:49	function isRigaUtente
export	frontend/src/lib/fontePnl.ts:54	function fontePnlRiga
export	frontend/src/lib/fontePnl.ts:66	function fontePnlRighe
export	frontend/src/lib/fontePnl.ts:74	function fontePnlPartita
export	frontend/src/lib/fontePnl.ts:81	function scomposizioneConto
export	frontend/src/lib/fontePnl.ts:89	function scomposizionePartita
export	frontend/src/lib/fontePnl.ts:96	function sommaPerChi
export	frontend/src/lib/fonteSoldi.ts:12	type FonteSoldi
export	frontend/src/lib/fonteSoldi.ts:14	const FONTE_SOLDI
export	frontend/src/lib/fonteSoldi.ts:45	function testoEta
export	frontend/src/lib/format.ts:14	const MINUS
export	frontend/src/lib/format.ts:16	const DASH
export	frontend/src/lib/format.ts:31	interface MoneyOpts
export	frontend/src/lib/format.ts:44	function fmtMoney
export	frontend/src/lib/format.ts:57	function fmtOdds
export	frontend/src/lib/format.ts:63	interface QuotaAbbinataFmt
export	frontend/src/lib/format.ts:88	function fmtQuotaAbbinata
export	frontend/src/lib/format.ts:108	function fmtPct
export	frontend/src/lib/format.ts:114	function fmtPctPoints
export	frontend/src/lib/format.ts:120	function fmtNum
export	frontend/src/lib/format.ts:126	function fmtTicks
export	frontend/src/lib/format.ts:153	function fmtTime
export	frontend/src/lib/format.ts:158	function fmtDateTime
export	frontend/src/lib/format.ts:175	function fmtAge
export	frontend/src/lib/format.ts:187	function ageSeconds
export	frontend/src/lib/giornataCorsie.ts:16	type SportCorsie
export	frontend/src/lib/giornataCorsie.ts:19	interface BotPerCorsie
export	frontend/src/lib/giornataCorsie.ts:30	interface VoceCorsia
export	frontend/src/lib/giornataCorsie.ts:42	interface CorsieSport
export	frontend/src/lib/giornataCorsie.ts:112	function corsiePerSport
export	frontend/src/lib/giornataCorsie.ts:121	function modalitaVociProva
export	frontend/src/lib/interruttori.ts:55	type Modalita
export	frontend/src/lib/interruttori.ts:56	type SportBot
export	frontend/src/lib/interruttori.ts:59	const STRATEGIE_MANUALE
export	frontend/src/lib/interruttori.ts:60	type StrategiaSafe
export	frontend/src/lib/interruttori.ts:69	const STRATEGIE_SAFE_TUTTE
export	frontend/src/lib/interruttori.ts:85	const STRATEGIE_SOLO_MODALITA
export	frontend/src/lib/interruttori.ts:86	type StrategiaSoloModalita
export	frontend/src/lib/interruttori.ts:88	function isSoloModalita
export	frontend/src/lib/interruttori.ts:92	type InterruttoreId
export	frontend/src/lib/interruttori.ts:98	interface Interruttore
export	frontend/src/lib/interruttori.ts:139	const INTERRUTTORI
export	frontend/src/lib/interruttori.ts:225	function interruttoriDiSport
export	frontend/src/lib/interruttori.ts:229	function interruttoreDi
export	frontend/src/lib/interruttori.ts:238	interface StatoServizio
export	frontend/src/lib/interruttori.ts:247	interface StatoInterruttore
export	frontend/src/lib/interruttori.ts:259	function statoInterruttore
export	frontend/src/lib/interruttori.ts:298	type Accensioni
export	frontend/src/lib/interruttori.ts:301	function accensioniCorrenti
export	frontend/src/lib/interruttori.ts:310	function nessunaAccesa
export	frontend/src/lib/interruttori.ts:319	function modalitaServizio
export	frontend/src/lib/interruttori.ts:330	function modalitaServizioDaParams
export	frontend/src/lib/interruttori.ts:353	function paramsAccensioni
export	frontend/src/lib/interruttori.ts:390	interface CampoImporto
export	frontend/src/lib/interruttori.ts:404	function leggiChiave
export	frontend/src/lib/interruttori.ts:418	function scriviChiave
export	frontend/src/lib/interruttori.ts:439	function importoDi
export	frontend/src/lib/interruttori.ts:462	function importiInterruttori
export	frontend/src/lib/interruttori.ts:482	class ObiettivoOmegaIgnoto
export	frontend/src/lib/interruttori.ts:494	class ParametriOmegaIgnoti
export	frontend/src/lib/interruttori.ts:511	class BotFermoNonCambiaModalita
export	frontend/src/lib/interruttori.ts:526	class SafeFermoPerStrumento
export	frontend/src/lib/interruttori.ts:540	class StrumentoSenzaSpegnimento
export	frontend/src/lib/interruttori.ts:557	class ScalperModalitaAllAvvio
export	frontend/src/lib/interruttori.ts:566	class ScalperImportoSconosciuto
export	frontend/src/lib/interruttori.ts:577	class ScalperNonTutteFermate
export	frontend/src/lib/interruttori.ts:593	function fermaTutteLeSessioniScalper
export	frontend/src/lib/interruttori.ts:620	class ParametriNonLetti
export	frontend/src/lib/interruttori.ts:632	interface SorgenteInterruttori
export	frontend/src/lib/interruttori.ts:687	interface CatenaLive
export	frontend/src/lib/interruttori.ts:702	type StradaOrdini
export	frontend/src/lib/interruttori.ts:705	function leggiStradaOrdini
export	frontend/src/lib/interruttori.ts:720	function leggiCatenaLive
export	frontend/src/lib/interruttori.ts:732	class SoldiVeriNonServiti
export	frontend/src/lib/interruttori.ts:754	function motivoSoldiVeriNonServiti
export	frontend/src/lib/interruttori.ts:818	function assicuraSoldiVeriServiti
export	frontend/src/lib/interruttori.ts:830	function verificaSoldiVeri
export	frontend/src/lib/interruttori.ts:843	function verificaSoldiVeriSafe
export	frontend/src/lib/interruttori.ts:859	interface ComandiInterruttori
export	frontend/src/lib/interruttori.ts:885	interface OpzioniAccensioni
export	frontend/src/lib/interruttori.ts:902	function creaInterruttori
export	frontend/src/lib/interruttori.ts:1267	interface StatoUscite
export	frontend/src/lib/interruttori.ts:1280	const STRATEGIE_SAFE_CON_USCITE
export	frontend/src/lib/interruttori.ts:1282	class UsciteNonGestiteQui
export	frontend/src/lib/interruttori.ts:1293	function usciteSafeDi
export	frontend/src/lib/interruttori.ts:1303	const NOTA_USCITE_MIKE
export	frontend/src/lib/interruttori.ts:1320	function statoUscite
export	frontend/src/lib/interruttori.ts:1348	function usciteBotTennis
export	frontend/src/lib/interruttori.ts:1364	function usciteInterruttori
export	frontend/src/lib/interruttori.ts:1382	function paramsConUscite
export	frontend/src/lib/interruttori.ts:1408	function conPosizioniAperte
export	frontend/src/lib/interruttori.ts:1438	function usciteSessioniScalper
export	frontend/src/lib/interruttori.ts:1471	type ModoOrdini
export	frontend/src/lib/interruttori.ts:1472	const MODI_ORDINI
export	frontend/src/lib/interruttori.ts:1476	function normalizzaModoOrdini
export	frontend/src/lib/interruttori.ts:1483	function modoOrdiniEffettivo
export	frontend/src/lib/interruttori.ts:1490	interface StatoOrdiniReali
export	frontend/src/lib/interruttori.ts:1506	function statoOrdiniReali
export	frontend/src/lib/interruttori.ts:1526	function scegliModoOrdini
export	frontend/src/lib/interruttori.ts:1531	function leggiModoOrdini
export	frontend/src/lib/journalStats.ts:7	interface PatternStat
export	frontend/src/lib/journalStats.ts:40	function groupJournal
export	frontend/src/lib/journalStats.ts:62	function settledByMarket
export	frontend/src/lib/kellySuggest.ts:15	interface KellySuggestion
export	frontend/src/lib/kellySuggest.ts:27	function signalsStale
export	frontend/src/lib/kellySuggest.ts:58	function kellySuggestions
export	frontend/src/lib/ladderBacktest.ts:25	interface LadderBacktestParams
export	frontend/src/lib/ladderBacktest.ts:37	interface BacktestTrade
export	frontend/src/lib/ladderBacktest.ts:50	interface BacktestResult
export	frontend/src/lib/ladderBacktest.ts:122	function runLadderBacktest
export	frontend/src/lib/ladderChart.ts:7	interface PriceSample
export	frontend/src/lib/ladderChart.ts:12	interface Candle
export	frontend/src/lib/ladderChart.ts:23	function pushSample
export	frontend/src/lib/ladderChart.ts:35	function bucketCandles
export	frontend/src/lib/ladderChart.ts:65	interface VolumeSample
export	frontend/src/lib/ladderChart.ts:75	function pushVolumeSample
export	frontend/src/lib/ladderChart.ts:91	interface CandleV
export	frontend/src/lib/ladderChart.ts:110	function bucketCandlesV
export	frontend/src/lib/ladderChart.ts:154	function vwapSeries
export	frontend/src/lib/ladderConfig.ts:22	type ColumnKey
export	frontend/src/lib/ladderConfig.ts:36	interface LadderColumn
export	frontend/src/lib/ladderConfig.ts:45	interface LadderProfile
export	frontend/src/lib/ladderConfig.ts:51	const PROFILE_VERSION
export	frontend/src/lib/ladderConfig.ts:54	const COLUMN_LABELS
export	frontend/src/lib/ladderConfig.ts:70	const DEFAULT_COLUMN_ORDER
export	frontend/src/lib/ladderConfig.ts:88	const REQUIRED_COLUMN
export	frontend/src/lib/ladderConfig.ts:100	function defaultProfile
export	frontend/src/lib/ladderConfig.ts:115	function normalizeProfile
export	frontend/src/lib/ladderConfig.ts:148	function migrateProfileV1
export	frontend/src/lib/ladderConfig.ts:167	function loadProfile
export	frontend/src/lib/ladderConfig.ts:184	function saveProfile
export	frontend/src/lib/ladderConfig.ts:197	function resetProfile
export	frontend/src/lib/ladderConfig.ts:206	function visibleColumns
export	frontend/src/lib/ladderConfig.ts:211	function listColumns
export	frontend/src/lib/ladderConfig.ts:216	function toggleColumn
export	frontend/src/lib/ladderConfig.ts:228	function reorderColumn
export	frontend/src/lib/ladderMath.ts:10	function lockedPnlAt
export	frontend/src/lib/ladderMath.ts:22	function piqAhead
export	frontend/src/lib/ladderMath.ts:32	function windowAround
export	frontend/src/lib/ladderMath.ts:52	function flashDir
export	frontend/src/lib/ladderMath.ts:62	const STAKE_STEP
export	frontend/src/lib/ladderMath.ts:63	const STAKE_MIN
export	frontend/src/lib/ladderMath.ts:64	function stepStake
export	frontend/src/lib/ladderMath.ts:72	function nextPreset
export	frontend/src/lib/ladderMath.ts:86	interface PlaceProjection
export	frontend/src/lib/ladderMath.ts:92	function placeProjection
export	frontend/src/lib/live.ts:11	type LiveFollowStatus
export	frontend/src/lib/live.ts:13	interface LiveFollow
export	frontend/src/lib/live.ts:36	function fetchLiveFollows
export	frontend/src/lib/live.ts:50	function apriPartitaSeguiLive
export	frontend/src/lib/live.ts:59	function seguitaDaiBot
export	frontend/src/lib/live.ts:72	function subscribeLiveFollowEvent
export	frontend/src/lib/live.ts:95	interface LiveNowSelection
export	frontend/src/lib/live.ts:102	interface LiveNowMarket
export	frontend/src/lib/live.ts:112	interface LiveNowStats
export	frontend/src/lib/live.ts:120	interface LiveNowState
export	frontend/src/lib/live.ts:126	interface LiveNowRow
export	frontend/src/lib/live.ts:138	function fetchLiveNow
export	frontend/src/lib/live.ts:154	function subscribeLiveNow
export	frontend/src/lib/live.ts:176	interface ReplayItem
export	frontend/src/lib/live.ts:192	function fetchReplayList
export	frontend/src/lib/live.ts:201	interface ReplaySelection
export	frontend/src/lib/live.ts:206	interface Market
export	frontend/src/lib/live.ts:214	interface LadderEntry
export	frontend/src/lib/live.ts:223	type Ladder
export	frontend/src/lib/live.ts:224	interface Frame
export	frontend/src/lib/live.ts:261	const CAMBIO_RIPIEGO_GBP_EUR
export	frontend/src/lib/live.ts:284	function convertiFrameEur
export	frontend/src/lib/live.ts:305	function convertiFramesEur
export	frontend/src/lib/live.ts:308	interface ScoreEvent
export	frontend/src/lib/live.ts:319	interface ReplayEvent
export	frontend/src/lib/live.ts:328	interface ReplayData
export	frontend/src/lib/live.ts:338	function fetchReplay
export	frontend/src/lib/live.ts:348	interface ReplayMeta
export	frontend/src/lib/live.ts:357	interface ReplayProgress
export	frontend/src/lib/live.ts:419	interface FinestreReplay
export	frontend/src/lib/live.ts:429	function fetchReplayChunked
export	frontend/src/lib/live.ts:459	function fetchFramesAFinestre
export	frontend/src/lib/live.ts:509	type SignalDirection
export	frontend/src/lib/live.ts:511	interface Signal
export	frontend/src/lib/live.ts:530	interface GoalHazardState
export	frontend/src/lib/live.ts:540	interface LiveSignalsState
export	frontend/src/lib/live.ts:550	interface LiveSignalsRow
export	frontend/src/lib/live.ts:558	function fetchLiveSignals
export	frontend/src/lib/live.ts:569	function subscribeLiveSignals
export	frontend/src/lib/live.ts:594	interface LiveLadderSelection
export	frontend/src/lib/live.ts:604	interface LiveLadderState
export	frontend/src/lib/live.ts:608	interface LiveLadderRow
export	frontend/src/lib/live.ts:619	function fetchLiveLadder
export	frontend/src/lib/live.ts:632	function subscribeLiveLadder
export	frontend/src/lib/live.ts:654	type AlertLevel
export	frontend/src/lib/live.ts:656	interface Alert
export	frontend/src/lib/live.ts:667	function fetchLiveAlerts
export	frontend/src/lib/live.ts:677	function subscribeLiveAlerts
export	frontend/src/lib/live.ts:690	function ackAlert
export	frontend/src/lib/live.ts:696	const LIVE_STATUS_LABEL
export	frontend/src/lib/liveOrders.ts:20	type LiveOrderMode
export	frontend/src/lib/liveOrders.ts:21	type LiveOrderAction
export	frontend/src/lib/liveOrders.ts:22	type LiveOrderSide
export	frontend/src/lib/liveOrders.ts:23	type LiveOrderType
export	frontend/src/lib/liveOrders.ts:24	type LivePersistence
export	frontend/src/lib/liveOrders.ts:25	type LiveTimeInForce
export	frontend/src/lib/liveOrders.ts:27	interface LiveOrderCommand
export	frontend/src/lib/liveOrders.ts:48	interface LiveOrderResult
export	frontend/src/lib/liveOrders.ts:69	interface LiveOrderRow
export	frontend/src/lib/liveOrders.ts:99	interface LivePositionRow
export	frontend/src/lib/liveOrders.ts:118	const LIVE_ORDER_POLL_MS
export	frontend/src/lib/liveOrders.ts:119	const LIVE_ORDER_TIMEOUT_MS
export	frontend/src/lib/liveOrders.ts:125	function sendLiveOrderCommand
export	frontend/src/lib/liveOrders.ts:175	function buildGreenupParams
export	frontend/src/lib/liveOrders.ts:202	function sendGreenup
export	frontend/src/lib/liveOrders.ts:234	type DutchMode
export	frontend/src/lib/liveOrders.ts:235	type DutchPricing
export	frontend/src/lib/liveOrders.ts:236	function sendDutch
export	frontend/src/lib/liveOrders.ts:286	function sendCashoutAll
export	frontend/src/lib/liveOrders.ts:309	function sendCashoutEvent
export	frontend/src/lib/liveOrders.ts:332	type RiskRuleType
export	frontend/src/lib/liveOrders.ts:341	type RiskRuleStatus
export	frontend/src/lib/liveOrders.ts:344	type RiskTiming
export	frontend/src/lib/liveOrders.ts:347	type RiskOnInplay
export	frontend/src/lib/liveOrders.ts:350	interface RiskRuleParams
export	frontend/src/lib/liveOrders.ts:381	interface RiskRuleRow
export	frontend/src/lib/liveOrders.ts:414	function requestRiskRule
export	frontend/src/lib/liveOrders.ts:493	function cancelRiskRule
export	frontend/src/lib/liveOrders.ts:500	function fetchRiskRules
export	frontend/src/lib/liveOrders.ts:509	function fetchLiveOrders
export	frontend/src/lib/liveOrders.ts:517	function fetchLivePositions
export	frontend/src/lib/liveOrders.ts:532	function subscribeLiveOrders
export	frontend/src/lib/liveOrders.ts:550	function subscribeLivePositions
export	frontend/src/lib/liveOrders.ts:571	interface XhedgeSuggestion
export	frontend/src/lib/liveOrders.ts:586	interface XhedgeAnalysis
export	frontend/src/lib/liveOrders.ts:606	interface XhedgeRow
export	frontend/src/lib/liveOrders.ts:614	function fetchXhedge
export	frontend/src/lib/liveOrders.ts:627	interface LiveSettings
export	frontend/src/lib/liveOrders.ts:658	interface LiveAuditRow
export	frontend/src/lib/liveOrders.ts:675	function getLiveSettings
export	frontend/src/lib/liveOrders.ts:683	function setKillSwitch
export	frontend/src/lib/liveOrders.ts:692	function setLiveOrderMode
export	frontend/src/lib/liveOrders.ts:700	function setLiveSettings
export	frontend/src/lib/liveOrders.ts:711	function fetchLiveAudit
export	frontend/src/lib/liveOrders.ts:720	function layLiabilityFromSize
export	frontend/src/lib/liveOrders.ts:724	function laySizeFromLiability
export	frontend/src/lib/liveOrders.ts:735	function shouldResetLiveConfirm
export	frontend/src/lib/liveOrders.ts:740	const LIVE_ORDER_STATUS_LABEL
export	frontend/src/lib/liveOrders.ts:754	interface LiveSettledRow
export	frontend/src/lib/liveOrders.ts:768	function fetchLiveSettled
export	frontend/src/lib/liveOrders.ts:780	interface LiveRiskState
export	frontend/src/lib/liveOrders.ts:793	function fetchLiveRiskState
export	frontend/src/lib/liveOrders.ts:804	function subscribeLiveRiskState
export	frontend/src/lib/liveOrders.ts:825	interface OrdineContoFuoriBot
export	frontend/src/lib/liveOrders.ts:843	interface OrdiniContoFuoriBot
export	frontend/src/lib/liveOrders.ts:850	function fetchLiveOrdersAccountOpen
export	frontend/src/lib/liveOrders.ts:861	function fetchLivePositionsAll
export	frontend/src/lib/liveOrders.ts:868	function fetchLivePositionsEvent
export	frontend/src/lib/liveOrders.ts:878	interface LiveJournalRow
export	frontend/src/lib/liveOrders.ts:909	function fetchLiveJournal
export	frontend/src/lib/liveOrders.ts:927	function setLiveJournalNote
export	frontend/src/lib/liveOrders.ts:945	interface LiveAccountRow
export	frontend/src/lib/liveOrders.ts:979	function fetchLiveAccount
export	frontend/src/lib/liveOrders.ts:1001	function nomeCanaleUnico
export	frontend/src/lib/liveOrders.ts:1005	function subscribeLiveAccount
export	frontend/src/lib/liveOrders.ts:1022	interface LiveHeartbeatRow
export	frontend/src/lib/liveOrders.ts:1032	function fetchLiveHeartbeat
export	frontend/src/lib/liveOrders.ts:1042	function subscribeLiveHeartbeat
export	frontend/src/lib/localChannel.ts:40	type LocalSport
export	frontend/src/lib/localChannel.ts:44	const CANALI_SOLA_LETTURA
export	frontend/src/lib/localChannel.ts:45	type LocalStatus
export	frontend/src/lib/localChannel.ts:48	interface LocalHello
export	frontend/src/lib/localChannel.ts:55	interface LocalResponse
export	frontend/src/lib/localChannel.ts:73	const LOCAL_REQUEST_TIMEOUT_MS
export	frontend/src/lib/localChannel.ts:83	function tokenCanale
export	frontend/src/lib/localChannel.ts:95	function urlCanale
export	frontend/src/lib/localChannel.ts:108	class LocalChannel
export	frontend/src/lib/localChannel.ts:302	function getLocalChannel
export	frontend/src/lib/localChannel.ts:322	type MotivoSveglia
export	frontend/src/lib/localChannel.ts:338	function svegliaBot
export	frontend/src/lib/localChannel.ts:347	function __resetLocalChannels
export	frontend/src/lib/localTransport.ts:114	function __resetLocalTransport
export	frontend/src/lib/localTransport.ts:126	function localLadderSource
export	frontend/src/lib/localTransport.ts:187	type LadderFonte
export	frontend/src/lib/localTransport.ts:190	const LADDER_MUTO_MS_DEFAULT
export	frontend/src/lib/localTransport.ts:194	const LADDER_POTATURA_MS_DEFAULT
export	frontend/src/lib/localTransport.ts:200	type CanaleLadder
export	frontend/src/lib/localTransport.ts:202	interface DipendenzeLadderAlMs
export	frontend/src/lib/localTransport.ts:211	interface LadderSourceAlMs
export	frontend/src/lib/localTransport.ts:223	function ladderDaCanale
export	frontend/src/lib/localTransport.ts:250	function piuFresca
export	frontend/src/lib/localTransport.ts:418	function sorgenteLadderAlMs
export	frontend/src/lib/localTransport.ts:433	function localOrderApi
export	frontend/src/lib/localTransport.ts:565	function subscribeLocalNow
export	frontend/src/lib/localTransport.ts:571	function useLocalStatus
export	frontend/src/lib/manualeSitoBetfair.ts:25	type FonteManualeSito
export	frontend/src/lib/manualeSitoBetfair.ts:27	interface BucketManuale
export	frontend/src/lib/manualeSitoBetfair.ts:38	interface ManualeSitoBetfair
export	frontend/src/lib/manualeSitoBetfair.ts:60	interface RigaContoManuale
export	frontend/src/lib/manualeSitoBetfair.ts:96	function leggiManualeSitoBetfair
export	frontend/src/lib/market-categories.ts:6	type CatKey
export	frontend/src/lib/market-categories.ts:8	const CATEGORIES
export	frontend/src/lib/market-categories.ts:18	function categoryOf
export	frontend/src/lib/market-categories.ts:31	function lineOf
export	frontend/src/lib/market-categories.ts:38	function groupByCategory
export	frontend/src/lib/market-categories.ts:55	function presentCategories
export	frontend/src/lib/marketDelays.ts:11	interface DelayMeta
export	frontend/src/lib/marketDelays.ts:30	interface DelayStats
export	frontend/src/lib/marketDelays.ts:48	interface SerieLen
export	frontend/src/lib/marketDelays.ts:49	interface StoricoSerie
export	frontend/src/lib/marketDelays.ts:50	interface RunSopraMedia
export	frontend/src/lib/marketDelays.ts:51	interface DelayPoint
export	frontend/src/lib/marketDelays.ts:62	interface DelayResult
export	frontend/src/lib/marketDelays.ts:78	type TargetKind
export	frontend/src/lib/marketDelays.ts:79	interface DelayMarketDef
export	frontend/src/lib/marketDelays.ts:94	const DELAY_MARKETS
export	frontend/src/lib/marketDelays.ts:115	function targetLabel
export	frontend/src/lib/marketDelays.ts:124	interface DelayParams
export	frontend/src/lib/marketDelays.ts:133	function fetchMarketDelays
export	frontend/src/lib/marketFrequency.ts:9	interface FrequencyPoint
export	frontend/src/lib/marketFrequency.ts:22	interface FrequencyMeta
export	frontend/src/lib/marketFrequency.ts:42	interface FrequencySeries
export	frontend/src/lib/marketFrequency.ts:47	interface LeagueSeason
export	frontend/src/lib/marketFrequency.ts:54	interface SelectionDef
export	frontend/src/lib/marketFrequency.ts:55	interface MarketDef
export	frontend/src/lib/marketFrequency.ts:73	const MARKETS
export	frontend/src/lib/marketFrequency.ts:135	const HT_WARN_THRESHOLD
export	frontend/src/lib/marketFrequency.ts:136	const HT_HARD_THRESHOLD
export	frontend/src/lib/marketFrequency.ts:138	function formatSeason
export	frontend/src/lib/marketFrequency.ts:143	interface FrequencyParams
export	frontend/src/lib/marketFrequency.ts:153	function fetchMarketFrequency
export	frontend/src/lib/marketFrequency.ts:167	function fetchLeagueSeasons
export	frontend/src/lib/matchClock.ts:12	function countdownToOff
export	frontend/src/lib/matchClock.ts:29	function formatMinute
export	frontend/src/lib/matchClock.ts:36	function formatScore
export	frontend/src/lib/matchClock.ts:50	function secondsToOff
export	frontend/src/lib/matchClock.ts:58	interface LapseOrderLike
export	frontend/src/lib/matchClock.ts:68	function countLapseResting
export	frontend/src/lib/matching.ts:40	type OrderSide
export	frontend/src/lib/matching.ts:41	type Persistence
export	frontend/src/lib/matching.ts:42	type OrderStatus
export	frontend/src/lib/matching.ts:50	const DEFAULT_DELAY_MS
export	frontend/src/lib/matching.ts:55	const MIN_STAKE_GBP
export	frontend/src/lib/matching.ts:63	const QUEUE_TRADED_FACTOR
export	frontend/src/lib/matching.ts:81	function roundToTick
export	frontend/src/lib/matching.ts:95	function isValidTick
export	frontend/src/lib/matching.ts:114	function tickUp
export	frontend/src/lib/matching.ts:121	function tickDown
export	frontend/src/lib/matching.ts:129	interface BookSnapshot
export	frontend/src/lib/matching.ts:139	interface Fill
export	frontend/src/lib/matching.ts:147	interface OrderRequest
export	frontend/src/lib/matching.ts:159	interface ResolvedOrder
export	frontend/src/lib/matching.ts:177	function matchMarketable
export	frontend/src/lib/matching.ts:272	function simulateOrder
export	frontend/src/lib/mediaUnder.ts:15	type MediaMercato
export	frontend/src/lib/mediaUnder.ts:17	const MEDIA_MERCATI
export	frontend/src/lib/mediaUnder.ts:22	interface MediaUnderParams
export	frontend/src/lib/mediaUnder.ts:41	const MEDIA_UNDER_DEFAULTS
export	frontend/src/lib/mediaUnder.ts:63	type MediaCampoNumerico
export	frontend/src/lib/mediaUnder.ts:66	const MEDIA_UNDER_CAMPI
export	frontend/src/lib/mediaUnder.ts:85	function mediaUnderDefaults
export	frontend/src/lib/mediaUnder.ts:97	function erroriMediaUnder
export	frontend/src/lib/mediaUnder.ts:125	function paramsMediaUnder
export	frontend/src/lib/mediaUnder.ts:143	const CHIAVE_COMANDO
export	frontend/src/lib/mediaUnder.ts:145	interface ComandoAttivaAdesso
export	frontend/src/lib/mediaUnder.ts:151	function nuovoComandoAttivaAdesso
export	frontend/src/lib/mediaUnder.ts:159	function paramsAttivaAdesso
export	frontend/src/lib/mediaUnder.ts:171	interface MediaComando
export	frontend/src/lib/mediaUnder.ts:194	type StatoClic
export	frontend/src/lib/mediaUnder.ts:200	function statoDelClic
export	frontend/src/lib/mediaUnder.ts:214	function testoStatoClic
export	frontend/src/lib/mediaUnder.ts:230	function testoConfermaAttivaAdesso
export	frontend/src/lib/mediaUnder.ts:245	function importiDallaRiga
export	frontend/src/lib/mediaUnder.ts:258	const ATTESA_ESITO_CLIC_MS
export	frontend/src/lib/mediaUnder.ts:260	function pulsanteCliccabile
export	frontend/src/lib/mediaUnder.ts:266	function leggiObiettiviLive
export	frontend/src/lib/mediaUnder.ts:278	interface MediaBanca
export	frontend/src/lib/mediaUnder.ts:286	interface MediaObiettivo
export	frontend/src/lib/mediaUnder.ts:301	interface MediaChiusura
export	frontend/src/lib/mediaUnder.ts:313	interface MediaUnderStato
export	frontend/src/lib/mediaUnder.ts:388	function leggiMediaUnder
export	frontend/src/lib/mediaUnder.ts:414	const MEDIA_STATI_TESTO
export	frontend/src/lib/mediaUnder.ts:429	function testoStatoMedia
export	frontend/src/lib/mediaUnder.ts:443	const MEDIA_ORIGINE_TESTO
export	frontend/src/lib/mediaUnder.ts:449	const euro
export	frontend/src/lib/mediaUnder.ts:451	const quota
export	frontend/src/lib/mediaUnder.ts:455	function testoObiettivo
export	frontend/src/lib/mediaUnderAttiva.ts:16	function mandaAttivaAdesso
export	frontend/src/lib/mike.ts:16	type MikeStatus
export	frontend/src/lib/mike.ts:17	type MikeMode
export	frontend/src/lib/mike.ts:18	type MikeRequestKind
export	frontend/src/lib/mike.ts:22	const MIKE_STATES
export	frontend/src/lib/mike.ts:29	type MikeState
export	frontend/src/lib/mike.ts:30	const MIKE_TERMINAL_STATES
export	frontend/src/lib/mike.ts:32	interface MikeStats
export	frontend/src/lib/mike.ts:47	interface MikeControl
export	frontend/src/lib/mike.ts:60	interface MikeLeg
export	frontend/src/lib/mike.ts:95	function rigaOrdineDaGamba
export	frontend/src/lib/mike.ts:116	interface MikeBook
export	frontend/src/lib/mike.ts:126	interface MikeCashoutSmart
export	frontend/src/lib/mike.ts:140	interface MikeCashout
export	frontend/src/lib/mike.ts:159	interface MikeLossExit
export	frontend/src/lib/mike.ts:175	interface MikeLive
export	frontend/src/lib/mike.ts:262	interface MikeCicloRiepilogo
export	frontend/src/lib/mike.ts:277	interface MikePosizione
export	frontend/src/lib/mike.ts:300	interface MikeDossier
export	frontend/src/lib/mike.ts:313	interface MikeEvent
export	frontend/src/lib/mike.ts:334	interface MikeTrade
export	frontend/src/lib/mike.ts:373	interface MikeActivity
export	frontend/src/lib/mike.ts:381	interface MikeAggregates
export	frontend/src/lib/mike.ts:408	interface MikeStateView
export	frontend/src/lib/mike.ts:427	type MikeParamGroup
export	frontend/src/lib/mike.ts:429	type MikeParamField
export	frontend/src/lib/mike.ts:435	const MIKE_PARAM_GROUP_LABEL
export	frontend/src/lib/mike.ts:441	const MIKE_PARAM_FIELDS
export	frontend/src/lib/mike.ts:571	const MIKE_PARAM_DEFAULTS
export	frontend/src/lib/mike.ts:609	type MikeParams
export	frontend/src/lib/mike.ts:612	function mergeMikeParams
export	frontend/src/lib/mike.ts:642	function parametriMikeDaSalvare
export	frontend/src/lib/mike.ts:656	interface PhaseMeta
export	frontend/src/lib/mike.ts:663	const MIKE_PHASE_META
export	frontend/src/lib/mike.ts:687	function phaseMeta
export	frontend/src/lib/mike.ts:697	function sortEvents
export	frontend/src/lib/mike.ts:710	type MikeSection
export	frontend/src/lib/mike.ts:717	function isEventLive
export	frontend/src/lib/mike.ts:723	function rememberLive
export	frontend/src/lib/mike.ts:729	function needsAttention
export	frontend/src/lib/mike.ts:733	interface MikeSections
export	frontend/src/lib/mike.ts:748	function splitMikeEvents
export	frontend/src/lib/mike.ts:763	type FeedTone
export	frontend/src/lib/mike.ts:765	interface FeedFreshness
export	frontend/src/lib/mike.ts:781	function etaQuoteS
export	frontend/src/lib/mike.ts:797	function feedFreshness
export	frontend/src/lib/mike.ts:808	interface MarketStatusMeta
export	frontend/src/lib/mike.ts:815	const MIKE_MARKET_STATUS
export	frontend/src/lib/mike.ts:822	function marketStatusMeta
export	frontend/src/lib/mike.ts:835	function awaitingKickoff
export	frontend/src/lib/mike.ts:842	const MIKE_AWAITING_KICKOFF_NOTE
export	frontend/src/lib/mike.ts:854	const MIKE_HISTORY_MIGRATION_HINT
export	frontend/src/lib/mike.ts:857	function mikeHistoryErrorMessage
export	frontend/src/lib/mike.ts:874	function withMikeHistoryError
export	frontend/src/lib/mike.ts:887	interface MikeEventFlags
export	frontend/src/lib/mike.ts:900	function eventFlags
export	frontend/src/lib/mike.ts:909	function marketLabel
export	frontend/src/lib/mike.ts:917	function marketCode
export	frontend/src/lib/mike.ts:925	const VOID_ALL
export	frontend/src/lib/mike.ts:933	function voidedMarketsOf
export	frontend/src/lib/mike.ts:957	function isManualTrade
export	frontend/src/lib/mike.ts:968	const MIKE_ESITO_ORDINE_LABEL
export	frontend/src/lib/mike.ts:976	function esitoOrdineMike
export	frontend/src/lib/mike.ts:983	const MIKE_TRADES_LIMIT
export	frontend/src/lib/mike.ts:994	function lineLabel
export	frontend/src/lib/mike.ts:1006	function cashoutPct
export	frontend/src/lib/mike.ts:1020	function cashoutBarPct
export	frontend/src/lib/mike.ts:1032	function hasModel
export	frontend/src/lib/mike.ts:1041	interface MikeLockedTotal
export	frontend/src/lib/mike.ts:1057	function lockedPnlTotal
export	frontend/src/lib/mike.ts:1075	function closeNowTotal
export	frontend/src/lib/mike.ts:1097	function settledOperated
export	frontend/src/lib/mike.ts:1105	function activeLegs
export	frontend/src/lib/mike.ts:1115	function investedOf
export	frontend/src/lib/mike.ts:1125	const MIKE_ROLE_LABEL
export	frontend/src/lib/mike.ts:1134	function roleLabel
export	frontend/src/lib/mike.ts:1143	const MIKE_COVER_FORM_LABEL
export	frontend/src/lib/mike.ts:1173	function roleLabelGamba
export	frontend/src/lib/mike.ts:1188	function selectionExposure
export	frontend/src/lib/mike.ts:1201	function lockedIfClosed
export	frontend/src/lib/mike.ts:1211	interface PositionRow
export	frontend/src/lib/mike.ts:1228	function positionRows
export	frontend/src/lib/mike.ts:1278	function legSelectionLabel
export	frontend/src/lib/mike.ts:1284	function bookOrders
export	frontend/src/lib/mike.ts:1292	function legStatusLabel
export	frontend/src/lib/mike.ts:1301	interface PnlTotalCell
export	frontend/src/lib/mike.ts:1313	function pnlByTotalCells
export	frontend/src/lib/mike.ts:1331	const MIKE_ACTIVITY_KINDS
export	frontend/src/lib/mike.ts:1422	const MIKE_ACTIVITY_EXTRA
export	frontend/src/lib/mike.ts:1493	function mikeActivityLine
export	frontend/src/lib/mike.ts:1778	function cycleNumber
export	frontend/src/lib/mike.ts:1783	function cycleLabel
export	frontend/src/lib/mike.ts:1788	function stateLabel
export	frontend/src/lib/mike.ts:1796	const MIKE_REASON_LABEL
export	frontend/src/lib/mike.ts:1837	function notaRegolamentoMike
export	frontend/src/lib/mike.ts:1851	function reasonLabel
export	frontend/src/lib/mike.ts:1866	const MIKE_REQUEST_KIND_LABEL
export	frontend/src/lib/mike.ts:1873	const MIKE_REQUEST_CODE_MESSAGE
export	frontend/src/lib/mike.ts:1897	type MikeOutcomeTone
export	frontend/src/lib/mike.ts:1899	interface MikeRequestOutcome
export	frontend/src/lib/mike.ts:1917	function requestOutcome
export	frontend/src/lib/mike.ts:1958	function lastRequestFor
export	frontend/src/lib/mike.ts:1971	interface MikeTradeGroup
export	frontend/src/lib/mike.ts:1984	function tradeDayMs
export	frontend/src/lib/mike.ts:1996	function groupMikeTrades
export	frontend/src/lib/mike.ts:2031	function romeDayStartMs
export	frontend/src/lib/mike.ts:2047	function dayResultCounts
export	frontend/src/lib/mike.ts:2058	function groupsOfDay
export	frontend/src/lib/mike.ts:2079	const MIKE_RUOLI_APERTURA_PRE
export	frontend/src/lib/mike.ts:2081	const MIKE_RUOLI_APERTURA_LIVE
export	frontend/src/lib/mike.ts:2083	type MikeFase
export	frontend/src/lib/mike.ts:2086	function fasePerCiclo
export	frontend/src/lib/mike.ts:2096	interface MikeEventGroup
export	frontend/src/lib/mike.ts:2129	function groupMikeTradesByEvent
export	frontend/src/lib/mike.ts:2175	function totaleRisultati
export	frontend/src/lib/mike.ts:2200	function etaPubblicazioneS
export	frontend/src/lib/mike.ts:2206	interface MikeEquityPoint
export	frontend/src/lib/mike.ts:2212	function mikeEquitySeries
export	frontend/src/lib/mike.ts:2227	function activateMike
export	frontend/src/lib/mike.ts:2233	function stopMike
export	frontend/src/lib/mike.ts:2239	function updateMikeParams
export	frontend/src/lib/mike.ts:2247	function fetchMikeState
export	frontend/src/lib/mike.ts:2267	function fetchMikeTrades
export	frontend/src/lib/mike.ts:2273	function requestMike
export	frontend/src/lib/mike.ts:2279	interface MikeRequestResult
export	frontend/src/lib/mike.ts:2291	interface MikeRequest
export	frontend/src/lib/mike.ts:2300	function fetchMikeRequests
export	frontend/src/lib/mike.ts:2307	function requestInFlight
export	frontend/src/lib/mike.ts:2319	function controlSignature
export	frontend/src/lib/mike.ts:2332	function isHeartbeatOnlyChange
export	frontend/src/lib/mike.ts:2345	const MIKE_REALTIME_TABLES
export	frontend/src/lib/mike.ts:2350	function subscribeMike
export	frontend/src/lib/mike.ts:2370	function detectSettledEvents
export	frontend/src/lib/mike.ts:2399	type MikeEventoSpinto
export	frontend/src/lib/mike.ts:2409	function fondiEventiLocali
export	frontend/src/lib/mikeEsitoChiusura.ts:33	type TipoEsitoChiusura
export	frontend/src/lib/mikeEsitoChiusura.ts:36	interface OrdineDiChiusura
export	frontend/src/lib/mikeEsitoChiusura.ts:49	interface EsitoChiusuraMike
export	frontend/src/lib/mikeEsitoChiusura.ts:76	const ESITO_DATI_VECCHI_S
export	frontend/src/lib/mikeEsitoChiusura.ts:113	function contiPerMercato
export	frontend/src/lib/mikeEsitoChiusura.ts:131	function esposizioniAperte
export	frontend/src/lib/mikeEsitoChiusura.ts:170	function esitoChiusuraMike
export	frontend/src/lib/mockData.ts:6	const MOCK_RAW_JSON
export	frontend/src/lib/multiLadder.ts:9	interface LadderSlot
export	frontend/src/lib/multiLadder.ts:21	const MAX_SLOTS
export	frontend/src/lib/multiLadder.ts:25	function slotId
export	frontend/src/lib/multiLadder.ts:31	function normalizeSlots
export	frontend/src/lib/multiLadder.ts:59	function addSlot
export	frontend/src/lib/multiLadder.ts:67	function removeSlot
export	frontend/src/lib/multiLadder.ts:79	function loadSlots
export	frontend/src/lib/multiLadder.ts:89	function saveSlots
export	frontend/src/lib/normalizePrediction.ts:3	interface NormalizedLeague
export	frontend/src/lib/normalizePrediction.ts:12	interface TeamLast5
export	frontend/src/lib/normalizePrediction.ts:21	interface TeamLeagueStats
export	frontend/src/lib/normalizePrediction.ts:66	interface NormalizedTeam
export	frontend/src/lib/normalizePrediction.ts:74	interface ComparisonItem
export	frontend/src/lib/normalizePrediction.ts:79	interface NormalizedComparison
export	frontend/src/lib/normalizePrediction.ts:89	interface NormalizedPredictions
export	frontend/src/lib/normalizePrediction.ts:105	interface NormalizedData
export	frontend/src/lib/normalizePrediction.ts:126	function normalizePredictionJson
export	frontend/src/lib/obiettivoEditor.ts:13	const OBIETTIVO_MAX
export	frontend/src/lib/obiettivoEditor.ts:15	interface ValidazioneObiettivo
export	frontend/src/lib/obiettivoEditor.ts:30	function validaObiettivo
export	frontend/src/lib/omega.ts:14	type OmegaStatus
export	frontend/src/lib/omega.ts:15	type OmegaMode
export	frontend/src/lib/omega.ts:17	type OmegaTradeStatus
export	frontend/src/lib/omega.ts:19	interface OmegaStats
export	frontend/src/lib/omega.ts:67	interface OmegaControl
export	frontend/src/lib/omega.ts:81	interface OmegaTrade
export	frontend/src/lib/omega.ts:110	interface OmegaAggregates
export	frontend/src/lib/omega.ts:147	function aggregatiOmegaDellaModalita
export	frontend/src/lib/omega.ts:161	function omegaModalitaConAttivita
export	frontend/src/lib/omega.ts:168	interface OmegaActivityRow
export	frontend/src/lib/omega.ts:175	interface OmegaState
export	frontend/src/lib/omega.ts:194	interface OmegaParams
export	frontend/src/lib/omega.ts:362	interface OmegaTradeModel
export	frontend/src/lib/omega.ts:368	function tradeModelOf
export	frontend/src/lib/omega.ts:395	const OMEGA_ACTIVITY_EXTRA
export	frontend/src/lib/omega.ts:503	function activityMeta
export	frontend/src/lib/omega.ts:512	const OMEGA_ERROR_REASON
export	frontend/src/lib/omega.ts:578	function omegaReasonText
export	frontend/src/lib/omega.ts:607	function activityLine
export	frontend/src/lib/omega.ts:670	const OMEGA_WAIT_REASON
export	frontend/src/lib/omega.ts:703	function isReconciling
export	frontend/src/lib/omega.ts:709	function reconcilingSince
export	frontend/src/lib/omega.ts:719	function terminalError
export	frontend/src/lib/omega.ts:729	function errorAt
export	frontend/src/lib/omega.ts:734	function staleOpenAlerted
export	frontend/src/lib/omega.ts:745	function commissionPctOf
export	frontend/src/lib/omega.ts:752	function hasOwnCommission
export	frontend/src/lib/omega.ts:757	type PositionResult
export	frontend/src/lib/omega.ts:758	interface PositionInfo
export	frontend/src/lib/omega.ts:760	function positionInfo
export	frontend/src/lib/omega.ts:771	interface HedgeInfo
export	frontend/src/lib/omega.ts:790	function hedgeInfo
export	frontend/src/lib/omega.ts:819	function isHedging
export	frontend/src/lib/omega.ts:824	type GreenupState
export	frontend/src/lib/omega.ts:827	interface GreenupInfo
export	frontend/src/lib/omega.ts:839	function greenupInfo
export	frontend/src/lib/omega.ts:858	interface GreenupHold
export	frontend/src/lib/omega.ts:870	function greenupHold
export	frontend/src/lib/omega.ts:886	interface GreenupBadge
export	frontend/src/lib/omega.ts:903	function greenupBadge
export	frontend/src/lib/omega.ts:946	function phaseLabel
export	frontend/src/lib/omega.ts:957	const OMEGA_DAILY_GOAL_MAX
export	frontend/src/lib/omega.ts:959	const OMEGA_PARAM_DEFAULTS
export	frontend/src/lib/omega.ts:1055	type OmegaNumericParamKey
export	frontend/src/lib/omega.ts:1067	const OMEGA_PARAM_GROUPS
export	frontend/src/lib/omega.ts:1252	const USCITE_PROTEZIONE_KEY
export	frontend/src/lib/omega.ts:1253	function modoUsciteProtezione
export	frontend/src/lib/omega.ts:1258	const OMEGA_PARAM_KEYS
export	frontend/src/lib/omega.ts:1266	const OBIETTIVO_OBBLIGATORIO
export	frontend/src/lib/omega.ts:1269	function obiettivoVuoto
export	frontend/src/lib/omega.ts:1280	function omegaParamsPatch
export	frontend/src/lib/omega.ts:1314	function activateOmega
export	frontend/src/lib/omega.ts:1324	function stopOmega
export	frontend/src/lib/omega.ts:1330	function updateOmegaParams
export	frontend/src/lib/omega.ts:1342	function fetchOmegaState
export	frontend/src/lib/omega.ts:1361	function fetchOmegaTrades
export	frontend/src/lib/omega.ts:1368	function subscribeOmega
export	frontend/src/lib/omega.ts:1389	interface OmegaEventoChiuso
export	frontend/src/lib/omega.ts:1397	function fetchOmegaEventiChiusi
export	frontend/src/lib/omega.ts:1418	function omegaEventoRiprendi
export	frontend/src/lib/omega.ts:1427	interface OmegaEventMarket
export	frontend/src/lib/omega.ts:1434	interface OmegaEvent
export	frontend/src/lib/omega.ts:1450	interface OmegaMarketRunner
export	frontend/src/lib/omega.ts:1460	interface OmegaMarketSnapshot
export	frontend/src/lib/omega.ts:1470	interface OmegaManualRequest
export	frontend/src/lib/omega.ts:1480	type OmegaSide
export	frontend/src/lib/omega.ts:1482	interface OmegaPlacePayload
export	frontend/src/lib/omega.ts:1498	function requestManual
export	frontend/src/lib/omega.ts:1506	function fetchOmegaEvents
export	frontend/src/lib/omega.ts:1518	const EVENT_FINISHED_AFTER_MS
export	frontend/src/lib/omega.ts:1533	function eventIsOperable
export	frontend/src/lib/omega.ts:1542	function filterEventsInWindow
export	frontend/src/lib/omega.ts:1549	function eventsCacheUpdatedAt
export	frontend/src/lib/omega.ts:1561	function fetchOmegaMarket
export	frontend/src/lib/omega.ts:1567	function fetchManualRequests
export	frontend/src/lib/omega.ts:1576	interface SettlementNotice
export	frontend/src/lib/omega.ts:1602	function settlementNotifications
export	frontend/src/lib/omega.ts:1646	function buildEquitySeries
export	frontend/src/lib/omegaMatches.ts:15	type LegKind
export	frontend/src/lib/omegaMatches.ts:16	type PnlState
export	frontend/src/lib/omegaMatches.ts:19	interface MatchTradeLike
export	frontend/src/lib/omegaMatches.ts:42	interface LegPnl
export	frontend/src/lib/omegaMatches.ts:51	interface MatchLeg
export	frontend/src/lib/omegaMatches.ts:65	interface MatchGroup
export	frontend/src/lib/omegaMatches.ts:118	function isReconcilingTrade
export	frontend/src/lib/omegaMatches.ts:125	function isTerminalTrade
export	frontend/src/lib/omegaMatches.ts:133	function errorAtOf
export	frontend/src/lib/omegaMatches.ts:141	function legKindOf
export	frontend/src/lib/omegaMatches.ts:150	function legPnl
export	frontend/src/lib/omegaMatches.ts:186	function resultsOf
export	frontend/src/lib/omegaMatches.ts:193	function groupTradesByMatch
export	frontend/src/lib/omegaMatches.ts:292	function romeDayOf
export	frontend/src/lib/omegaMatches.ts:302	function filterMatchesForDay
export	frontend/src/lib/omegaMatches.ts:307	function summarizeMatches
export	frontend/src/lib/omegaMatches.ts:341	function eventNamesFrom
export	frontend/src/lib/omegaMissions.ts:13	type MissionStatus
export	frontend/src/lib/omegaMissions.ts:14	type MissionPhase
export	frontend/src/lib/omegaMissions.ts:15	type MissionLegKey
export	frontend/src/lib/omegaMissions.ts:20	interface MissionAdvisor
export	frontend/src/lib/omegaMissions.ts:29	interface MissionSuggestionLay
export	frontend/src/lib/omegaMissions.ts:42	interface MissionSuggestionScalp
export	frontend/src/lib/omegaMissions.ts:54	interface MissionTrade
export	frontend/src/lib/omegaMissions.ts:80	interface MissionLeg
export	frontend/src/lib/omegaMissions.ts:95	type MissionLegs
export	frontend/src/lib/omegaMissions.ts:97	interface MissionScalper
export	frontend/src/lib/omegaMissions.ts:108	interface MissionRow
export	frontend/src/lib/omegaMissions.ts:136	interface MissionsSummary
export	frontend/src/lib/omegaMissions.ts:141	interface MissionsPayload
export	frontend/src/lib/omegaMissions.ts:147	function activateMission
export	frontend/src/lib/omegaMissions.ts:161	function stopMission
export	frontend/src/lib/omegaMissions.ts:171	function followMission
export	frontend/src/lib/omegaMissions.ts:189	function setFollowRecord
export	frontend/src/lib/omegaMissions.ts:197	function fetchMissions
export	frontend/src/lib/omegaMissions.ts:213	function subscribeOmegaMissions
export	frontend/src/lib/omegaMissions.ts:224	function toNum
export	frontend/src/lib/omegaMissions.ts:233	function splitEventName
export	frontend/src/lib/omegaMissions.ts:244	function missionLegsRealized
export	frontend/src/lib/omegaMissions.ts:258	function scalperRealized
export	frontend/src/lib/omegaMissions.ts:263	function scalperSimulated
export	frontend/src/lib/omegaMissions.ts:272	function goalProgressPct
export	frontend/src/lib/omegaMissions.ts:279	function missionRealized
export	frontend/src/lib/omegaMissions.ts:284	function missionGap
export	frontend/src/lib/omegaMissions.ts:292	function formatAdvisorParts
export	frontend/src/lib/omegaMissions.ts:316	function advisorTooltip
export	frontend/src/lib/omegaProposte.ts:27	interface PropostaUscitaOmegaPayload
export	frontend/src/lib/omegaProposte.ts:87	interface PropostaUscitaOmega
export	frontend/src/lib/omegaProposte.ts:121	function eUnaProtezioneOmega
export	frontend/src/lib/omegaProposte.ts:128	function motivoUscitaOmegaLabel
export	frontend/src/lib/omegaProposte.ts:149	function motivoNonApprovabileOmega
export	frontend/src/lib/omegaProposte.ts:185	interface EsitoUscitaAlPrezzo
export	frontend/src/lib/omegaProposte.ts:210	function esitoUscitaAlPrezzo
export	frontend/src/lib/omegaProposte.ts:277	function ordinaProposteOmega
export	frontend/src/lib/omegaProposte.ts:291	function fetchProposteOmega
export	frontend/src/lib/omegaProposte.ts:320	function approvaPropostaOmega
export	frontend/src/lib/omegaProposte.ts:345	function ignoraPropostaOmega
export	frontend/src/lib/omegaProposte.ts:363	function subscribeProposteOmega
export	frontend/src/lib/opportunitaOrdine.ts:15	interface VoceOrdinabile
export	frontend/src/lib/opportunitaOrdine.ts:50	function ordinaOpportunitaStabile
export	frontend/src/lib/opportunitaOrdine.ts:54	interface GruppoOpportunita
export	frontend/src/lib/opportunitaOrdine.ts:68	function raggruppaPerPartita
export	frontend/src/lib/opportunitaOrdine.ts:90	function organizzaOpportunita
export	frontend/src/lib/opportunities/arb_exec.ts:19	type SnapsProvider
export	frontend/src/lib/opportunities/arb_exec.ts:28	function arbExecutableUnderDelay
export	frontend/src/lib/opportunities/engine.ts:10	const DEFAULT_OPP_CONFIG
export	frontend/src/lib/opportunities/engine.ts:19	const TIER_ORDER
export	frontend/src/lib/opportunities/engine.ts:32	function opportunitySignature
export	frontend/src/lib/opportunities/engine.ts:51	function runDetectors
export	frontend/src/lib/opportunities/fill.ts:20	type FillSide
export	frontend/src/lib/opportunities/fill.ts:28	const DEFAULT_DELAY_SEC
export	frontend/src/lib/opportunities/fill.ts:43	function matchedStake
export	frontend/src/lib/opportunities/fill.ts:71	function fillRatio
export	frontend/src/lib/opportunities/fill.ts:87	function netWin
export	frontend/src/lib/opportunities/helpers.ts:28	function lineFromType
export	frontend/src/lib/opportunities/helpers.ts:34	const isDraw
export	frontend/src/lib/opportunities/helpers.ts:35	const isYes
export	frontend/src/lib/opportunities/helpers.ts:36	const isNo
export	frontend/src/lib/opportunities/helpers.ts:37	const isOver
export	frontend/src/lib/opportunities/helpers.ts:38	const isUnder
export	frontend/src/lib/opportunities/helpers.ts:43	interface MatchOddsTriple
export	frontend/src/lib/opportunities/helpers.ts:48	function matchOddsTriple
export	frontend/src/lib/opportunities/helpers.ts:63	function correctScoreKey
export	frontend/src/lib/opportunities/helpers.ts:66	function selectionMatchesScore
export	frontend/src/lib/opportunities/helpers.ts:71	function isMatchOdds
export	frontend/src/lib/opportunities/helpers.ts:74	function isOverUnder
export	frontend/src/lib/opportunities/helpers.ts:77	function isBtts
export	frontend/src/lib/opportunities/helpers.ts:81	function isCorrectScore
export	frontend/src/lib/opportunities/helpers.ts:86	function namedSelections
export	frontend/src/lib/opportunities/snapshot.ts:56	function buildSnapshots
export	frontend/src/lib/opportunities/tier0_arb.ts:60	interface Scenario
export	frontend/src/lib/opportunities/tier0_arb.ts:68	function scenarioProfit
export	frontend/src/lib/opportunities/tier0_arb.ts:83	function guaranteedProfit
export	frontend/src/lib/opportunities/tier0_arb.ts:99	function dutchStakes
export	frontend/src/lib/opportunities/tier0_arb.ts:108	function syntheticBackOdds
export	frontend/src/lib/opportunities/tier0_arb.ts:123	function hedgeLayStake
export	frontend/src/lib/opportunities/tier0_arb.ts:134	function parseScore
export	frontend/src/lib/opportunities/tier0_arb.ts:144	function doubleChanceKind
export	frontend/src/lib/opportunities/tier0_arb.ts:166	function isDoubleChance
export	frontend/src/lib/opportunities/tier0_arb.ts:206	function phaseFromMinute
export	frontend/src/lib/opportunities/tier0_arb.ts:304	const matchOddsVsDoubleChance
export	frontend/src/lib/opportunities/tier0_arb.ts:370	const correctScoreVsBTTS
export	frontend/src/lib/opportunities/tier0_arb.ts:461	const correctScoreVsOverUnder
export	frontend/src/lib/opportunities/tier0_arb.ts:554	const overUnderMonotonicity
export	frontend/src/lib/opportunities/tier0_arb.ts:626	const matchOddsBookCheck
export	frontend/src/lib/opportunities/tier0_arb.ts:673	const TIER0_DETECTORS
export	frontend/src/lib/opportunities/tier1_quasi.ts:37	const GOAL_SPIKE_FACTOR
export	frontend/src/lib/opportunities/tier1_quasi.ts:39	const DEFAULT_REVERT_FRAC
export	frontend/src/lib/opportunities/tier1_quasi.ts:41	const DEFAULT_OVERSHOOT
export	frontend/src/lib/opportunities/tier1_quasi.ts:43	const DEFAULT_MIN_LAY_PRICE
export	frontend/src/lib/opportunities/tier1_quasi.ts:45	const DEFAULT_MIN_DECAY
export	frontend/src/lib/opportunities/tier1_quasi.ts:48	function clamp
export	frontend/src/lib/opportunities/tier1_quasi.ts:55	function phaseFromMinute
export	frontend/src/lib/opportunities/tier1_quasi.ts:70	function backLayLock
export	frontend/src/lib/opportunities/tier1_quasi.ts:84	function layThenBackLock
export	frontend/src/lib/opportunities/tier1_quasi.ts:103	function ltdInsurance
export	frontend/src/lib/opportunities/tier1_quasi.ts:122	function dutchLayField
export	frontend/src/lib/opportunities/tier1_quasi.ts:221	function thetaDecay
export	frontend/src/lib/opportunities/tier1_quasi.ts:289	function layTheDrawWithInsurance
export	frontend/src/lib/opportunities/tier1_quasi.ts:361	function layTheFieldCorrectScore
export	frontend/src/lib/opportunities/tier1_quasi.ts:442	function backToLay
export	frontend/src/lib/opportunities/tier1_quasi.ts:573	function meanReversionPostEvent
export	frontend/src/lib/opportunities/tier1_quasi.ts:648	function tier1Detectors
export	frontend/src/lib/opportunities/tier2_micro.ts:30	const IMBALANCE_THRESHOLD
export	frontend/src/lib/opportunities/tier2_micro.ts:31	const TARGET_TICKS
export	frontend/src/lib/opportunities/tier2_micro.ts:32	const STOP_TICKS
export	frontend/src/lib/opportunities/tier2_micro.ts:33	const WOM_TOPK
export	frontend/src/lib/opportunities/tier2_micro.ts:34	const WOM_IMBALANCE
export	frontend/src/lib/opportunities/tier2_micro.ts:35	const WOM_MIN_LIQ
export	frontend/src/lib/opportunities/tier2_micro.ts:36	const VALUE_EDGE_THRESHOLD
export	frontend/src/lib/opportunities/tier2_micro.ts:37	const PRESSURE_THRESHOLD
export	frontend/src/lib/opportunities/tier2_micro.ts:38	const SCALP_MAX_SPREAD_TICKS
export	frontend/src/lib/opportunities/tier2_micro.ts:39	const SCALP_MIN_LIQ
export	frontend/src/lib/opportunities/tier2_micro.ts:40	const SCALP_IMBALANCE
export	frontend/src/lib/opportunities/tier2_micro.ts:41	const SCALP_TICKS
export	frontend/src/lib/opportunities/tier2_micro.ts:66	const clamp01
export	frontend/src/lib/opportunities/tier2_micro.ts:80	function tickUp
export	frontend/src/lib/opportunities/tier2_micro.ts:90	function tickDown
export	frontend/src/lib/opportunities/tier2_micro.ts:101	function ticksBetween
export	frontend/src/lib/opportunities/tier2_micro.ts:116	function greenBack
export	frontend/src/lib/opportunities/tier2_micro.ts:120	function greenLay
export	frontend/src/lib/opportunities/tier2_micro.ts:125	function phaseOf
export	frontend/src/lib/opportunities/tier2_micro.ts:189	const orderFlowImbalance
export	frontend/src/lib/opportunities/tier2_micro.ts:257	const weightOfMoney
export	frontend/src/lib/opportunities/tier2_micro.ts:338	interface MatchPressure
export	frontend/src/lib/opportunities/tier2_micro.ts:343	type PressureProvider
export	frontend/src/lib/opportunities/tier2_micro.ts:345	function makeMomentumPressure
export	frontend/src/lib/opportunities/tier2_micro.ts:433	const momentumPressure
export	frontend/src/lib/opportunities/tier2_micro.ts:437	type FairProbProvider
export	frontend/src/lib/opportunities/tier2_micro.ts:439	function makeValueVsModel
export	frontend/src/lib/opportunities/tier2_micro.ts:500	const valueVsModel
export	frontend/src/lib/opportunities/tier2_micro.ts:504	const spreadScalp
export	frontend/src/lib/opportunities/tier2_micro.ts:574	const TIER2_DETECTORS
export	frontend/src/lib/opportunities/tradeable.ts:22	const EXEC_EPS
export	frontend/src/lib/opportunities/tradeable.ts:29	const MAX_PROB_SPREAD
export	frontend/src/lib/opportunities/tradeable.ts:36	function isMarketOpen
export	frontend/src/lib/opportunities/tradeable.ts:57	interface RealBook
export	frontend/src/lib/opportunities/tradeable.ts:72	function tradeableSelection
export	frontend/src/lib/opportunities/tradeable.ts:94	function entryLegs
export	frontend/src/lib/opportunities/tradeable.ts:108	function isExecutableNow
export	frontend/src/lib/opportunities/types.ts:16	type RiskTier
export	frontend/src/lib/opportunities/types.ts:19	interface SelLite
export	frontend/src/lib/opportunities/types.ts:26	interface MarketLite
export	frontend/src/lib/opportunities/types.ts:34	interface MarketState
export	frontend/src/lib/opportunities/types.ts:45	interface Snapshot
export	frontend/src/lib/opportunities/types.ts:55	interface Leg
export	frontend/src/lib/opportunities/types.ts:67	interface Opportunity
export	frontend/src/lib/opportunities/types.ts:84	interface OppConfig
export	frontend/src/lib/opportunities/types.ts:96	type Detector
export	frontend/src/lib/opportunities/validate.ts:32	interface ExecCheck
export	frontend/src/lib/opportunities/validate.ts:39	interface OppRecord
export	frontend/src/lib/opportunities/validate.ts:53	interface DistStats
export	frontend/src/lib/opportunities/validate.ts:60	interface TierBucket
export	frontend/src/lib/opportunities/validate.ts:66	interface Report
export	frontend/src/lib/opportunities/validate.ts:114	function harnessDetectors
export	frontend/src/lib/opportunities/validate.ts:199	function validateFromDetections
export	frontend/src/lib/opportunities/validate.ts:246	function validateReplay
export	frontend/src/lib/orderFlow.ts:15	interface FlowSnap
export	frontend/src/lib/orderFlow.ts:25	interface FlowState
export	frontend/src/lib/orderFlow.ts:29	function newFlowState
export	frontend/src/lib/orderFlow.ts:63	function pushFlowSample
export	frontend/src/lib/orderFlow.ts:87	interface PulledWall
export	frontend/src/lib/orderFlow.ts:99	interface PulledWallOpts
export	frontend/src/lib/orderFlow.ts:108	function detectPulledWalls
export	frontend/src/lib/orderFlow.ts:149	function womShift
export	frontend/src/lib/orderFlow.ts:174	interface TradeSpike
export	frontend/src/lib/orderFlow.ts:182	function tradeSpike
export	frontend/src/lib/orderFlow.ts:207	const WOM_SHIFT_ALERT_PP
export	frontend/src/lib/orderFlow.ts:208	const SPIKE_MIN_RATIO
export	frontend/src/lib/orderFlow.ts:209	const SPIKE_MIN_EUR
export	frontend/src/lib/ordiniCanale.ts:28	const CAMPI_ORDINE
export	frontend/src/lib/ordiniCanale.ts:33	interface PushOrdine
export	frontend/src/lib/ordiniCanale.ts:40	type SovrapposizioniOrdini
export	frontend/src/lib/ordiniCanale.ts:42	function chiaveOrdine
export	frontend/src/lib/ordiniCanale.ts:48	function leggiPushOrdine
export	frontend/src/lib/ordiniCanale.ts:83	function applicaPushOrdine
export	frontend/src/lib/ordiniCanale.ts:97	function potaOrdini
export	frontend/src/lib/ordiniCanale.ts:111	function vistaOrdini
export	frontend/src/lib/personalReport.ts:15	type TradeSide
export	frontend/src/lib/personalReport.ts:16	type TradeTiming
export	frontend/src/lib/personalReport.ts:17	type TradeStatus
export	frontend/src/lib/personalReport.ts:18	type LegType
export	frontend/src/lib/personalReport.ts:21	type PnlSource
export	frontend/src/lib/personalReport.ts:23	type EntrySource
export	frontend/src/lib/personalReport.ts:26	interface TradeLeg
export	frontend/src/lib/personalReport.ts:44	interface PersonalTrade
export	frontend/src/lib/personalReport.ts:107	interface EngineDirectionMarket
export	frontend/src/lib/personalReport.ts:115	interface TradePredictions
export	frontend/src/lib/personalReport.ts:125	interface TradeResult
export	frontend/src/lib/personalReport.ts:133	interface TradeContext
export	frontend/src/lib/personalReport.ts:143	interface AddTradePayload
export	frontend/src/lib/personalReport.ts:182	interface AddLegPayload
export	frontend/src/lib/personalReport.ts:198	interface SettlePayload
export	frontend/src/lib/personalReport.ts:209	interface DailyPoint
export	frontend/src/lib/personalReport.ts:219	interface Metrics
export	frontend/src/lib/personalReport.ts:259	interface ByStrategia
export	frontend/src/lib/personalReport.ts:271	interface ByLeague
export	frontend/src/lib/personalReport.ts:284	interface AdviceSummary
export	frontend/src/lib/personalReport.ts:292	interface DiscardedReason
export	frontend/src/lib/personalReport.ts:296	interface DiscardedSummary
export	frontend/src/lib/personalReport.ts:302	interface ReportData
export	frontend/src/lib/personalReport.ts:312	interface ReportFilters
export	frontend/src/lib/personalReport.ts:324	function addPersonalTrade
export	frontend/src/lib/personalReport.ts:332	function addTradeLeg
export	frontend/src/lib/personalReport.ts:339	function settlePersonalTrade
export	frontend/src/lib/personalReport.ts:352	interface CashMovement
export	frontend/src/lib/personalReport.ts:362	interface CashSummary
export	frontend/src/lib/personalReport.ts:369	function getCashMovements
export	frontend/src/lib/personalReport.ts:377	function setTradeTimeOperative
export	frontend/src/lib/personalReport.ts:387	function getPersonalReport
export	frontend/src/lib/personalReport.ts:402	function resetPersonalReport
export	frontend/src/lib/personalReport.ts:409	function getPersonalTrades
export	frontend/src/lib/posizioniChiuse.ts:45	type Esito
export	frontend/src/lib/posizioniChiuse.ts:48	interface RigaChiusa
export	frontend/src/lib/posizioniChiuse.ts:84	type Legame
export	frontend/src/lib/posizioniChiuse.ts:94	type GiornoDa
export	frontend/src/lib/posizioniChiuse.ts:96	interface PosizioneChiusa
export	frontend/src/lib/posizioniChiuse.ts:163	function giornataDi
export	frontend/src/lib/posizioniChiuse.ts:181	interface TradeChiudibile
export	frontend/src/lib/posizioniChiuse.ts:232	const SOGLIA_PARI
export	frontend/src/lib/posizioniChiuse.ts:243	function esitoDi
export	frontend/src/lib/posizioniChiuse.ts:251	function statoDaNetto
export	frontend/src/lib/posizioniChiuse.ts:279	function regolataAlle
export	frontend/src/lib/posizioniChiuse.ts:321	function chiaveRiga
export	frontend/src/lib/posizioniChiuse.ts:359	function giornoDalDatabase
export	frontend/src/lib/posizioniChiuse.ts:377	function haGiornoDb
export	frontend/src/lib/posizioniChiuse.ts:503	function posizioniChiuse
export	frontend/src/lib/posizioniChiuse.ts:582	function nettoOrdineTennis
export	frontend/src/lib/posizioniChiuse.ts:606	function rigaDaOrdineTennis
export	frontend/src/lib/posizioniChiuse.ts:661	function unisciRighe
export	frontend/src/lib/posizioniChiuse.ts:696	interface FiltroChiuse
export	frontend/src/lib/posizioniChiuse.ts:711	function filtraChiuse
export	frontend/src/lib/posizioniChiuse.ts:742	function pnlChiuseDelGiorno
export	frontend/src/lib/posizioniChiuse.ts:755	function chiuseDelBot
export	frontend/src/lib/posizioniChiuse.ts:779	interface ControprovaRegolato
export	frontend/src/lib/posizioniChiuse.ts:794	function regolatoNelGiorno
export	frontend/src/lib/posizioniChiuse.ts:810	interface ACavallo
export	frontend/src/lib/posizioniChiuse.ts:821	function aCavalloDellaMezzanotte
export	frontend/src/lib/posizioniChiuse.ts:837	function fuoriGiornata
export	frontend/src/lib/posizioniChiuse.ts:848	interface RiepilogoChiuse
export	frontend/src/lib/posizioniChiuse.ts:868	function riepilogoChiuse
export	frontend/src/lib/posizioniChiuse.ts:902	interface GruppoPartita
export	frontend/src/lib/posizioniChiuse.ts:911	interface GruppoBot
export	frontend/src/lib/posizioniChiuse.ts:920	interface GiornataChiuse
export	frontend/src/lib/posizioniChiuse.ts:931	function chiaveGruppoBot
export	frontend/src/lib/posizioniChiuse.ts:939	function raggruppaGiornata
export	frontend/src/lib/posizioniChiuse.ts:994	function certezzaDiPosizione
export	frontend/src/lib/posizioniChiuse.ts:1008	function gambeAnnullate
export	frontend/src/lib/posizioniChiuse.ts:1013	interface SintesiPosizione
export	frontend/src/lib/posizioniChiuse.ts:1025	function sintesiPosizione
export	frontend/src/lib/preGoal.ts:25	const PREGOAL_AMBER
export	frontend/src/lib/preGoal.ts:26	const PREGOAL_RED
export	frontend/src/lib/preGoal.ts:28	type PreGoalLevel
export	frontend/src/lib/preGoal.ts:30	interface PreGoalWarning
export	frontend/src/lib/preGoal.ts:41	function preGoalWarning
export	frontend/src/lib/priceAxis.ts:48	const TOTAL_TICKS
export	frontend/src/lib/priceAxis.ts:49	const MIN_PRICE
export	frontend/src/lib/priceAxis.ts:50	const MAX_PRICE
export	frontend/src/lib/priceAxis.ts:54	function priceToIndex
export	frontend/src/lib/priceAxis.ts:68	function indexToPrice
export	frontend/src/lib/priceAxis.ts:85	function tickWindow
export	frontend/src/lib/priceAxis.ts:96	function moneyProfile
export	frontend/src/lib/proposteUscite.ts:18	interface PropostaFlusso
export	frontend/src/lib/proposteUscite.ts:41	const MOTIVO_TESTO
export	frontend/src/lib/proposteUscite.ts:59	function leggiProposteFlusso
export	frontend/src/lib/proposteUscite.ts:86	function approvaPropostaFlusso
export	frontend/src/lib/provaGiornata.ts:31	interface RigaTradeProva
export	frontend/src/lib/provaGiornata.ts:41	type OrigineGiorno
export	frontend/src/lib/provaGiornata.ts:44	interface RigaProva
export	frontend/src/lib/provaGiornata.ts:52	interface OpzioniProva
export	frontend/src/lib/provaGiornata.ts:62	function provaPerGiornoPartita
export	frontend/src/lib/provaGiornata.ts:91	interface RiassuntoProva
export	frontend/src/lib/provaGiornata.ts:101	interface GruppoArretrati
export	frontend/src/lib/provaGiornata.ts:109	function riassumiProva
export	frontend/src/lib/provaGiornata.ts:125	function gruppiArretrati
export	frontend/src/lib/provaGiornata.ts:146	function provaDellaRiga
export	frontend/src/lib/provaGiornata.ts:158	function fondiGruppi
export	frontend/src/lib/provaGiornata.ts:174	function etichettaArretrati
export	frontend/src/lib/provaGiornata.ts:190	function leggiArretratiProva
export	frontend/src/lib/provaGiornata.ts:218	type ChiaveProva
export	frontend/src/lib/provaGiornata.ts:219	type SportProva
export	frontend/src/lib/provaGiornata.ts:221	interface VoceProva
export	frontend/src/lib/provaGiornata.ts:235	interface ProvaGiornata
export	frontend/src/lib/provaGiornata.ts:248	interface TennisProvaGiorno
export	frontend/src/lib/provaGiornata.ts:256	function breakdownProva
export	frontend/src/lib/provaGiornata.ts:283	function provaGiornata
export	frontend/src/lib/replay-pnl.ts:26	type BetSide
export	frontend/src/lib/replay-pnl.ts:28	interface SimBet
export	frontend/src/lib/replay-pnl.ts:50	function backPnl
export	frontend/src/lib/replay-pnl.ts:58	function layPnl
export	frontend/src/lib/replay-pnl.ts:63	function betPayoff
export	frontend/src/lib/replay-pnl.ts:71	function positionIfWins
export	frontend/src/lib/replay-pnl.ts:79	function bestBack
export	frontend/src/lib/replay-pnl.ts:84	function bestLay
export	frontend/src/lib/replay-pnl.ts:89	function ltp
export	frontend/src/lib/replay-pnl.ts:95	function winPercent
export	frontend/src/lib/replay-pnl.ts:102	function impliedProbsFromLadder
export	frontend/src/lib/replay-pnl.ts:120	function marketCashOut
export	frontend/src/lib/replay-pnl.ts:129	interface MarketEval
export	frontend/src/lib/replay-pnl.ts:134	function overallPosition
export	frontend/src/lib/replay-pnl.ts:145	interface SelectionMeta
export	frontend/src/lib/replay-pnl.ts:150	interface MarketMeta
export	frontend/src/lib/replay-pnl.ts:154	interface SettleCtx
export	frontend/src/lib/replay-pnl.ts:175	function decideWinner
export	frontend/src/lib/replay-pnl.ts:211	interface MarketSettleEval
export	frontend/src/lib/replay-pnl.ts:214	function settleOrCashOut
export	frontend/src/lib/replay-pnl.ts:226	function overallSettled
export	frontend/src/lib/replay-pnl.ts:237	function formatGbp
export	frontend/src/lib/replayBot.ts:23	type SportBot
export	frontend/src/lib/replayBot.ts:24	type TipoParametro
export	frontend/src/lib/replayBot.ts:25	type ValoreParametro
export	frontend/src/lib/replayBot.ts:26	type ModalitaScenario
export	frontend/src/lib/replayBot.ts:29	interface VoceParametro
export	frontend/src/lib/replayBot.ts:43	interface ScenarioBot
export	frontend/src/lib/replayBot.ts:55	interface CatalogoBot
export	frontend/src/lib/replayBot.ts:82	type RigaBot
export	frontend/src/lib/replayBot.ts:92	interface EsitoMercato
export	frontend/src/lib/replayBot.ts:106	interface ContoBanco
export	frontend/src/lib/replayBot.ts:114	interface ContoDichiarato
export	frontend/src/lib/replayBot.ts:127	interface ConfermeBanco
export	frontend/src/lib/replayBot.ts:133	interface EsitoBot
export	frontend/src/lib/replayBot.ts:171	interface CicloDichiarato
export	frontend/src/lib/replayBot.ts:189	interface ClicDichiarato
export	frontend/src/lib/replayBot.ts:199	interface StatoRichiestaBot
export	frontend/src/lib/replayBot.ts:206	interface OpzioniApplica
export	frontend/src/lib/replayBot.ts:217	function payloadApplicaBot
export	frontend/src/lib/replayBot.ts:226	function richiediApplicaBot
export	frontend/src/lib/replayBot.ts:235	function leggiEsitoBot
export	frontend/src/lib/replayBot.ts:249	function noteUtili
export	frontend/src/lib/replayBot.ts:262	function ordiniBotAlMs
export	frontend/src/lib/replayBot.ts:283	function conOrdiniDelBot
export	frontend/src/lib/replayBotCatalogo.ts:12	const CATALOGO_BOT
export	frontend/src/lib/replayOperazioni.ts:30	type Lato
export	frontend/src/lib/replayOperazioni.ts:36	interface OrdineBot
export	frontend/src/lib/replayOperazioni.ts:72	function righeOrdinate
export	frontend/src/lib/replayOperazioni.ts:80	const FINESTRA_SOSTITUZIONE_MS
export	frontend/src/lib/replayOperazioni.ts:85	function ordiniDaRighe
export	frontend/src/lib/replayOperazioni.ts:175	interface Abbinamento
export	frontend/src/lib/replayOperazioni.ts:185	function pnlSeVince
export	frontend/src/lib/replayOperazioni.ts:197	function runnerDelMercato
export	frontend/src/lib/replayOperazioni.ts:210	function esitiPossibili
export	frontend/src/lib/replayOperazioni.ts:243	function vivo
export	frontend/src/lib/replayOperazioni.ts:251	interface OrdineAlMs
export	frontend/src/lib/replayOperazioni.ts:264	function statoOrdiniAl
export	frontend/src/lib/replayOperazioni.ts:281	interface LivelloBot
export	frontend/src/lib/replayOperazioni.ts:293	interface SelezioneBotAlMs
export	frontend/src/lib/replayOperazioni.ts:306	function ladderBotAl
export	frontend/src/lib/replayOperazioni.ts:358	type TipoEvento
export	frontend/src/lib/replayOperazioni.ts:363	interface EventoOperazione
export	frontend/src/lib/replayOperazioni.ts:403	interface CicloOperativo
export	frontend/src/lib/replayOperazioni.ts:439	function eventiDellOrdine
export	frontend/src/lib/replayOperazioni.ts:511	function round2
export	frontend/src/lib/replayOperazioni.ts:528	function statoOrdineTesto
export	frontend/src/lib/replayOperazioni.ts:552	function coperto
export	frontend/src/lib/replayOperazioni.ts:568	function cicliOperativi
export	frontend/src/lib/replayOperazioni.ts:667	function analizza
export	frontend/src/lib/replayOperazioni.ts:693	interface Conto
export	frontend/src/lib/replayOperazioni.ts:703	function profittoOrdine
export	frontend/src/lib/replayOperazioni.ts:715	function contoRegolato
export	frontend/src/lib/replayOperazioni.ts:746	function contoCicli
export	frontend/src/lib/replayOperazioni.ts:760	function riepilogoAl
export	frontend/src/lib/replayOperazioni.ts:788	function indiceTimelineAl
export	frontend/src/lib/replayOperazioni.ts:800	function istanteCursore
export	frontend/src/lib/replayOperazioni.ts:811	function eur
export	frontend/src/lib/replayOperazioni.ts:816	function pnl
export	frontend/src/lib/replayOperazioni.ts:821	const nomeLato
export	frontend/src/lib/replayOperazioni.ts:824	function testoEvento
export	frontend/src/lib/replayOperazioni.ts:883	function motivoSostituzione
export	frontend/src/lib/replayOperazioni.ts:905	interface ClicRegistro
export	frontend/src/lib/replayOperazioni.ts:918	interface ClicIn
export	frontend/src/lib/replayOperazioni.ts:928	function cicloApertoAl
export	frontend/src/lib/replayOperazioni.ts:936	function clicNelRegistro
export	frontend/src/lib/replayTimelineEvents.ts:41	interface TimelineMarker
export	frontend/src/lib/replayTimelineEvents.ts:60	function kindDiTipo
export	frontend/src/lib/replayTimelineEvents.ts:76	function punteggioAlTs
export	frontend/src/lib/replayTimelineEvents.ts:104	function timelineEventMarkers
export	frontend/src/lib/replayVerificaBarra.ts:44	type GravitaRilievo
export	frontend/src/lib/replayVerificaBarra.ts:45	type AmbitoRilievo
export	frontend/src/lib/replayVerificaBarra.ts:47	type CodiceRilievo
export	frontend/src/lib/replayVerificaBarra.ts:64	interface Rilievo
export	frontend/src/lib/replayVerificaBarra.ts:80	interface EsitoVerificaBarra
export	frontend/src/lib/replayVerificaBarra.ts:96	interface PassoBarra
export	frontend/src/lib/replayVerificaBarra.ts:97	interface SimboloBarra
export	frontend/src/lib/replayVerificaBarra.ts:105	type FrameBarra
export	frontend/src/lib/replayVerificaBarra.ts:107	interface EstremiRegistrazione
export	frontend/src/lib/replayVerificaBarra.ts:113	interface BarraDaVerificare
export	frontend/src/lib/replayVerificaBarra.ts:132	const BUCKET_BARRA_MS
export	frontend/src/lib/replayVerificaBarra.ts:155	function oraUtc
export	frontend/src/lib/replayVerificaBarra.ts:167	function creaRilievo
export	frontend/src/lib/replayVerificaBarra.ts:188	function passiBarra
export	frontend/src/lib/replayVerificaBarra.ts:205	function kickoffTsDaFrame
export	frontend/src/lib/replayVerificaBarra.ts:213	function kickoffIndexSuPassi
export	frontend/src/lib/replayVerificaBarra.ts:226	function sospesiPerPasso
export	frontend/src/lib/replayVerificaBarra.ts:256	function idMercatiSospensione
export	frontend/src/lib/replayVerificaBarra.ts:267	function passoVisibile
export	frontend/src/lib/replayVerificaBarra.ts:272	function verificaBarraGenerica
export	frontend/src/lib/replayVerificaBarra.ts:528	function contaBuchi
export	frontend/src/lib/replayVerificaBarra.ts:533	function ordinaRilievi
export	frontend/src/lib/replayVerificaBarra.ts:543	function esitoDaRilievi
export	frontend/src/lib/replayVerificaBarraCalcio.ts:35	interface FunzioniPagina
export	frontend/src/lib/replayVerificaBarraCalcio.ts:40	const FUNZIONI_PAGINA
export	frontend/src/lib/replayVerificaBarraCalcio.ts:42	interface OpzioniVerificaCalcio
export	frontend/src/lib/replayVerificaBarraCalcio.ts:90	function verificaBarraReplayCalcio
export	frontend/src/lib/replayVerificaBarraDb.ts:25	const RPC_PERMESSE
export	frontend/src/lib/replayVerificaBarraDb.ts:30	function blindaSolaLettura
export	frontend/src/lib/replayVerificaBarraDb.ts:40	interface DatiPartita
export	frontend/src/lib/replayVerificaBarraDb.ts:46	interface FontePartite
export	frontend/src/lib/replayVerificaBarraDb.ts:53	const fonteSupabase
export	frontend/src/lib/replayVerificaBarraDb.ts:64	interface RisultatoPartita
export	frontend/src/lib/replayVerificaBarraDb.ts:73	interface OpzioniVerificaPartite
export	frontend/src/lib/replayVerificaBarraDb.ts:87	function verificaPartite
export	frontend/src/lib/replayVerificaBarraDb.ts:111	interface Riepilogo
export	frontend/src/lib/replayVerificaBarraDb.ts:121	function riepilogo
export	frontend/src/lib/replayVerificaBarraDb.ts:136	function refertoPartita
export	frontend/src/lib/replayVerificaBarraDb.ts:149	function accediConUtente
export	frontend/src/lib/replayVerificaBarraTesto.ts:11	function rigaRilievo
export	frontend/src/lib/replayVerificaBarraTesto.ts:21	function esitoInUnaRiga
export	frontend/src/lib/replayVerificaBarraTesto.ts:28	function formattaReferto
export	frontend/src/lib/reportistiche.ts:12	interface DirReportKpi
export	frontend/src/lib/reportistiche.ts:30	interface DirDaily
export	frontend/src/lib/reportistiche.ts:40	interface DirByMarket
export	frontend/src/lib/reportistiche.ts:51	interface DirByMarketDay
export	frontend/src/lib/reportistiche.ts:55	interface DirByLeague
export	frontend/src/lib/reportistiche.ts:67	interface DirByConcordance
export	frontend/src/lib/reportistiche.ts:75	interface DirByOddsBand
export	frontend/src/lib/reportistiche.ts:82	interface DirLeagueOpt
export	frontend/src/lib/reportistiche.ts:83	interface DirReportMeta
export	frontend/src/lib/reportistiche.ts:93	interface DirReport
export	frontend/src/lib/reportistiche.ts:103	interface DirMatchRow
export	frontend/src/lib/reportistiche.ts:119	interface DirReportQuery
export	frontend/src/lib/reportistiche.ts:139	function fetchDirReport
export	frontend/src/lib/reportistiche.ts:145	interface DirMatchesPage
export	frontend/src/lib/reportistiche.ts:146	function fetchDirMatches
export	frontend/src/lib/reportistiche.ts:160	interface DirFixtureRow
export	frontend/src/lib/reportistiche.ts:169	interface DirFixtureDetail
export	frontend/src/lib/reportistiche.ts:179	function fetchDirFixture
export	frontend/src/lib/reportistiche.ts:188	const DIR_MARKET_LABEL
export	frontend/src/lib/reportistiche.ts:197	const DIR_MARKET_SHORT
export	frontend/src/lib/reportistiche.ts:201	const DIR_MARKETS
export	frontend/src/lib/reportistiche.ts:204	const REPORTS
export	frontend/src/lib/reportistiche.ts:207	type ReportId
export	frontend/src/lib/rese.ts:17	function golPrevisto
export	frontend/src/lib/rese.ts:24	function mediaPerPartita
export	frontend/src/lib/rese.ts:31	const FASCE_MINUTI
export	frontend/src/lib/rese.ts:33	interface PuntoMinuti
export	frontend/src/lib/rese.ts:36	function serieMinuti
export	frontend/src/lib/rese.ts:44	function minutiTuttiAssenti
export	frontend/src/lib/rese.ts:68	function fmtDataRoma
export	frontend/src/lib/rese.ts:75	function giornoRoma
export	frontend/src/lib/rese.ts:85	function orarioPartita
export	frontend/src/lib/rese.ts:146	function confiniGiornoRoma
export	frontend/src/lib/righeCanale.ts:44	const CHIAVI_BUSTA
export	frontend/src/lib/righeCanale.ts:47	type FonteRiga
export	frontend/src/lib/righeCanale.ts:50	interface MessaggioRiga
export	frontend/src/lib/righeCanale.ts:62	interface VoceRiga
export	frontend/src/lib/righeCanale.ts:76	interface MappaRighe
export	frontend/src/lib/righeCanale.ts:83	function mappaVuota
export	frontend/src/lib/righeCanale.ts:93	function chiaveRiga
export	frontend/src/lib/righeCanale.ts:105	function leggiMessaggioRiga
export	frontend/src/lib/righeCanale.ts:139	function applicaBloccoDb
export	frontend/src/lib/righeCanale.ts:172	function applicaMessaggioCanale
export	frontend/src/lib/righeCanale.ts:198	function vistaVoce
export	frontend/src/lib/righeCanale.ts:204	function righeDi
export	frontend/src/lib/righeCanale.ts:215	function etaRiga
export	frontend/src/lib/righeCanale.ts:232	function ultimeNotizie
export	frontend/src/lib/righeCanale.ts:268	function rigaTerminale
export	frontend/src/lib/righeCanale.ts:284	function serveRilettura
export	frontend/src/lib/rilettureMirate.ts:23	const MINIMO_RILETTURA_MS
export	frontend/src/lib/rilettureMirate.ts:25	interface OrologioRiletture
export	frontend/src/lib/rilettureMirate.ts:44	class RilettureMirate
export	frontend/src/lib/riskMath.ts:26	const MIN_PRICE
export	frontend/src/lib/riskMath.ts:27	const MAX_PRICE
export	frontend/src/lib/riskMath.ts:64	function nearestTick
export	frontend/src/lib/riskMath.ts:71	function ticksBetween
export	frontend/src/lib/riskMath.ts:83	function tickAFavore
export	frontend/src/lib/riskMath.ts:88	function ticksAway
export	frontend/src/lib/riskMath.ts:98	function offsetTargetPrice
export	frontend/src/lib/riskMath.ts:106	function stopTriggerPrice
export	frontend/src/lib/riskMath.ts:113	function bookPercentage
export	frontend/src/lib/ritorno.ts:33	interface PuntoDiRitorno
export	frontend/src/lib/ritorno.ts:56	const VALIDO_PER_MS
export	frontend/src/lib/ritorno.ts:68	function salvaRitorno
export	frontend/src/lib/ritorno.ts:78	function leggiRitorno
export	frontend/src/lib/ritorno.ts:108	function dimenticaRitorno
export	frontend/src/lib/ritorno.ts:124	function portaInVista
export	frontend/src/lib/runnerCanale.ts:56	const FLUSSO_VIVO_S
export	frontend/src/lib/runnerCanale.ts:58	const MODO_CANALE_VALIDO_S
export	frontend/src/lib/runnerCanale.ts:60	type FonteRunner
export	frontend/src/lib/runnerCanale.ts:63	interface BattitoRunner
export	frontend/src/lib/runnerCanale.ts:76	function leggiBattito
export	frontend/src/lib/runnerCanale.ts:87	interface NotizieRunner
export	frontend/src/lib/runnerCanale.ts:99	interface RunnerVista
export	frontend/src/lib/runnerCanale.ts:107	const NOTIZIE_VUOTE
export	frontend/src/lib/runnerCanale.ts:119	function runnerDalCanale
export	frontend/src/lib/runnerCanale.ts:159	interface ModoOrdiniCanale
export	frontend/src/lib/runnerCanale.ts:179	function leggiModoOrdiniCanale
export	frontend/src/lib/runnerCanale.ts:198	function leggiModoDalNow
export	frontend/src/lib/runnerCanale.ts:215	interface StatoOrdiniVista
export	frontend/src/lib/runnerCanale.ts:236	function sovrapponiModoOrdini
export	frontend/src/lib/runnerHealth.ts:8	type HeartbeatState
export	frontend/src/lib/runnerHealth.ts:16	function heartbeatAgeSec
export	frontend/src/lib/runnerHealth.ts:25	function heartbeatState
export	frontend/src/lib/safeBot.ts:25	type SafeBotStatus
export	frontend/src/lib/safeBot.ts:26	type SafeMode
export	frontend/src/lib/safeBot.ts:27	type SafeSport
export	frontend/src/lib/safeBot.ts:29	type SafeStrategyKind
export	frontend/src/lib/safeBot.ts:30	type SafeTradeStatus
export	frontend/src/lib/safeBot.ts:32	type SafeSide
export	frontend/src/lib/safeBot.ts:35	interface SafeStats
export	frontend/src/lib/safeBot.ts:58	interface SafeRiskStats
export	frontend/src/lib/safeBot.ts:90	interface SafeParamsEffective
export	frontend/src/lib/safeBot.ts:152	function liveStrategies
export	frontend/src/lib/safeBot.ts:181	function modalitaOrdineAMano
export	frontend/src/lib/safeBot.ts:190	type SafeOppCounts
export	frontend/src/lib/safeBot.ts:192	interface SafeStatsFull
export	frontend/src/lib/safeBot.ts:199	interface SafeControl
export	frontend/src/lib/safeBot.ts:212	interface SafeTrade
export	frontend/src/lib/safeBot.ts:247	interface SafeAggregates
export	frontend/src/lib/safeBot.ts:276	interface SafeAggregatesByMode
export	frontend/src/lib/safeBot.ts:289	function aggregatesHaveDay
export	frontend/src/lib/safeBot.ts:297	interface SafeActivityRow
export	frontend/src/lib/safeBot.ts:304	interface SafeState
export	frontend/src/lib/safeBot.ts:336	function aggregatiDellaModalita
export	frontend/src/lib/safeBot.ts:360	function modalitaConAttivita
export	frontend/src/lib/safeBot.ts:368	function fetchSafeAggregates
export	frontend/src/lib/safeBot.ts:383	type SafeRequestKind
export	frontend/src/lib/safeBot.ts:390	type SafeRequestStatus
export	frontend/src/lib/safeBot.ts:392	interface SafeRequest
export	frontend/src/lib/safeBot.ts:402	interface SafePlacePayload
export	frontend/src/lib/safeBot.ts:420	type SafeOppKind
export	frontend/src/lib/safeBot.ts:421	const SAFE_OPP_KINDS
export	frontend/src/lib/safeBot.ts:422	type SafeAnomalyRule
export	frontend/src/lib/safeBot.ts:423	type SafeComboType
export	frontend/src/lib/safeBot.ts:425	interface SafeOppCalibration
export	frontend/src/lib/safeBot.ts:432	interface SafeComboLeg
export	frontend/src/lib/safeBot.ts:445	interface SafeAnomalyRef
export	frontend/src/lib/safeBot.ts:454	interface SafeTennisExtra
export	frontend/src/lib/safeBot.ts:467	interface SafeOpportunity
export	frontend/src/lib/safeBot.ts:522	interface SafeOpportunityPayload
export	frontend/src/lib/safeBot.ts:538	function oppKind
export	frontend/src/lib/safeBot.ts:544	function oppKindCounts
export	frontend/src/lib/safeBot.ts:555	function comboLegStakes
export	frontend/src/lib/safeBot.ts:572	function comboLock
export	frontend/src/lib/safeBot.ts:589	function anomalyRefLabel
export	frontend/src/lib/safeBot.ts:601	function comboIdempotencyPrefix
export	frontend/src/lib/safeBot.ts:606	interface SafeOpportunityRow
export	frontend/src/lib/safeBot.ts:614	function oppScore
export	frontend/src/lib/safeBot.ts:624	interface SafeBotParams
export	frontend/src/lib/safeBot.ts:671	interface SafeRiskParams
export	frontend/src/lib/safeBot.ts:688	const SAFE_RISK_DEFAULTS
export	frontend/src/lib/safeBot.ts:701	const SAFE_BOT_DEFAULTS
export	frontend/src/lib/safeBot.ts:751	function mergeRiskParams
export	frontend/src/lib/safeBot.ts:760	function mergeBotParams
export	frontend/src/lib/safeBot.ts:805	function strategyParamsOf
export	frontend/src/lib/safeBot.ts:811	function sameStrategyParams
export	frontend/src/lib/safeBot.ts:827	function cashoutInFlight
export	frontend/src/lib/safeBot.ts:857	interface HedgeState
export	frontend/src/lib/safeBot.ts:875	function hedgeState
export	frontend/src/lib/safeBot.ts:913	function comboIncomplete
export	frontend/src/lib/safeBot.ts:920	function comboLasciataAlTrader
export	frontend/src/lib/safeBot.ts:928	function normalizeLossStop
export	frontend/src/lib/safeBot.ts:940	function tradeExposureNow
export	frontend/src/lib/safeBot.ts:957	interface ExitRunState
export	frontend/src/lib/safeBot.ts:968	function exitRunState
export	frontend/src/lib/safeBot.ts:993	function isReconciling
export	frontend/src/lib/safeBot.ts:1000	function errorFinal
export	frontend/src/lib/safeBot.ts:1013	function blindSince
export	frontend/src/lib/safeBot.ts:1021	interface PositionOutcome
export	frontend/src/lib/safeBot.ts:1027	function positionOutcome
export	frontend/src/lib/safeBot.ts:1040	interface PlaceState
export	frontend/src/lib/safeBot.ts:1048	function placeState
export	frontend/src/lib/safeBot.ts:1063	function tradeCommission
export	frontend/src/lib/safeBot.ts:1074	function isLivePosition
export	frontend/src/lib/safeBot.ts:1094	const FEED_ROW_STALE_MS
export	frontend/src/lib/safeBot.ts:1098	const FEED_HARD_MAX_MS
export	frontend/src/lib/safeBot.ts:1102	const SCANNER_STALE_MS
export	frontend/src/lib/safeBot.ts:1104	interface FeedFreshness
export	frontend/src/lib/safeBot.ts:1117	function feedFreshness
export	frontend/src/lib/safeBot.ts:1135	function staleReason
export	frontend/src/lib/safeBot.ts:1146	function activateSafe
export	frontend/src/lib/safeBot.ts:1154	function stopSafe
export	frontend/src/lib/safeBot.ts:1160	function updateSafeParams
export	frontend/src/lib/safeBot.ts:1173	function fetchSafeState
export	frontend/src/lib/safeBot.ts:1200	function fetchSafeActivity
export	frontend/src/lib/safeBot.ts:1214	function fetchSafeTrades
export	frontend/src/lib/safeBot.ts:1221	function requestSafe
export	frontend/src/lib/safeBot.ts:1241	function cashOutEvento
export	frontend/src/lib/safeBot.ts:1247	function riprendiEventoSafe
export	frontend/src/lib/safeBot.ts:1266	interface PropostaOpportunitaLeg
export	frontend/src/lib/safeBot.ts:1277	interface PropostaOpportunitaPayload
export	frontend/src/lib/safeBot.ts:1318	interface PropostaOpportunita
export	frontend/src/lib/safeBot.ts:1328	function isPropostaOpportunita
export	frontend/src/lib/safeBot.ts:1346	type PrezziViviGambe
export	frontend/src/lib/safeBot.ts:1363	function approvaPropostaOpportunita
export	frontend/src/lib/safeBot.ts:1416	function fetchSafeRequests
export	frontend/src/lib/safeBot.ts:1435	type StatoEsitoApprovazione
export	frontend/src/lib/safeBot.ts:1437	interface EsitoApprovazione
export	frontend/src/lib/safeBot.ts:1443	function esitoApprovazione
export	frontend/src/lib/safeBot.ts:1464	function fetchEsitiApprovazioni
export	frontend/src/lib/safeBot.ts:1482	function fetchRichiestaSafe
export	frontend/src/lib/safeBot.ts:1497	function subscribeSafeBot
export	frontend/src/lib/safeBot.ts:1515	function normalizeOppRow
export	frontend/src/lib/safeBot.ts:1531	const OPP_ROW_MAX_AGE_MS
export	frontend/src/lib/safeBot.ts:1532	function isCurrentOppRow
export	frontend/src/lib/safeBot.ts:1543	function fetchOpportunities
export	frontend/src/lib/safeBot.ts:1549	type SafeOppEvent
export	frontend/src/lib/safeBot.ts:1553	function subscribeOpportunities
export	frontend/src/lib/safeBot.ts:1576	function buildEquitySeries
export	frontend/src/lib/safeBot.ts:1595	function detectSettlements
export	frontend/src/lib/safeBot.ts:1616	type RequestTone
export	frontend/src/lib/safeBot.ts:1618	interface RequestOutcome
export	frontend/src/lib/safeBot.ts:1640	function requestOutcome
export	frontend/src/lib/safeBot.ts:1670	function lastRequestFor
export	frontend/src/lib/safeBot.ts:1682	interface TradeExposure
export	frontend/src/lib/safeBot.ts:1693	function tradeExposure
export	frontend/src/lib/safeBot.ts:1709	interface TradeHold
export	frontend/src/lib/safeBot.ts:1721	function tradeHold
export	frontend/src/lib/safeBot.ts:1750	function holdReasonLabel
export	frontend/src/lib/safeBot.ts:1756	function holdReasonHasP
export	frontend/src/lib/safeBot.ts:1761	function pLoseEntry
export	frontend/src/lib/safeBot.ts:1767	function tradeOppKind
export	frontend/src/lib/safeBot.ts:1773	interface TradeGroup
export	frontend/src/lib/safeBot.ts:1783	function groupClosingLegs
export	frontend/src/lib/safeBot.ts:1807	function fmtEurIt
export	frontend/src/lib/safeBot.ts:1811	const fmtOddsIt
export	frontend/src/lib/safeBot.ts:1814	function hedgeTooltip
export	frontend/src/lib/safeBot.ts:1828	function cappedFrom
export	frontend/src/lib/safeBot.ts:1837	function partialHedge
export	frontend/src/lib/safeBot.ts:1900	interface TradeBook
export	frontend/src/lib/safeBot.ts:1961	function safeTradeBook
export	frontend/src/lib/safeBot.ts:2035	function marketBlocked
export	frontend/src/lib/safeBot.ts:2047	interface SignalPlacement
export	frontend/src/lib/safeBot.ts:2066	function resolveSignalPlacement
export	frontend/src/lib/safeBot.ts:2121	const RUNNER_HB_MAX_AGE_S
export	frontend/src/lib/safeBot.ts:2123	interface RunnerState
export	frontend/src/lib/safeBot.ts:2153	type RunnerPhase
export	frontend/src/lib/safeBot.ts:2155	function runnerPhase
export	frontend/src/lib/safeBot.ts:2162	function runnerStateFrom
export	frontend/src/lib/safeBot.ts:2181	function fetchRunnerState
export	frontend/src/lib/safeBot.ts:2208	interface ExecutionRoute
export	frontend/src/lib/safeBot.ts:2225	function executionRoute
export	frontend/src/lib/safeExitStatus.ts:24	type SafeExitStatusTone
export	frontend/src/lib/safeExitStatus.ts:26	interface SafeExitStatusInfo
export	frontend/src/lib/safeExitStatus.ts:35	interface ExitActivityRow
export	frontend/src/lib/safeExitStatus.ts:109	function safeActivityExitStatus
export	frontend/src/lib/safeExitStatus.ts:185	function latestExitActivityFor
export	frontend/src/lib/safeStrategy.ts:31	type Sport
export	frontend/src/lib/safeStrategy.ts:32	type VariantId
export	frontend/src/lib/safeStrategy.ts:33	type SideId
export	frontend/src/lib/safeStrategy.ts:35	interface OddsPair
export	frontend/src/lib/safeStrategy.ts:45	interface ConditionCheck
export	frontend/src/lib/safeStrategy.ts:53	type VariantState
export	frontend/src/lib/safeStrategy.ts:58	interface VariantEvaluation
export	frontend/src/lib/safeStrategy.ts:80	interface BaseParams
export	frontend/src/lib/safeStrategy.ts:110	interface EsattoParams
export	frontend/src/lib/safeStrategy.ts:151	interface PuntaParams
export	frontend/src/lib/safeStrategy.ts:171	interface TennisParams
export	frontend/src/lib/safeStrategy.ts:211	interface SafeStrategyParams
export	frontend/src/lib/safeStrategy.ts:218	const DEFAULT_PARAMS
export	frontend/src/lib/safeStrategy.ts:281	const VARIANT_META
export	frontend/src/lib/safeStrategy.ts:312	function mergeParams
export	frontend/src/lib/safeStrategy.ts:379	function parseScoreline
export	frontend/src/lib/safeStrategy.ts:386	function scoreInListOriented
export	frontend/src/lib/safeStrategy.ts:394	function scoreInListAnyOrder
export	frontend/src/lib/safeStrategy.ts:413	function fmtEur
export	frontend/src/lib/safeStrategy.ts:433	function stateFromChecks
export	frontend/src/lib/safeStrategy.ts:440	interface FootballMatchCtx
export	frontend/src/lib/safeStrategy.ts:513	interface SelectionHint
export	frontend/src/lib/safeStrategy.ts:528	function parsePreMatch1x2
export	frontend/src/lib/safeStrategy.ts:555	function buildFootballCtx
export	frontend/src/lib/safeStrategy.ts:648	function buildFootballCtxFromScan
export	frontend/src/lib/safeStrategy.ts:708	function buildTennisCtxFromScan
export	frontend/src/lib/safeStrategy.ts:749	function favoriteSide
export	frontend/src/lib/safeStrategy.ts:764	function detectBestOf
export	frontend/src/lib/safeStrategy.ts:817	function controlCheck
export	frontend/src/lib/safeStrategy.ts:842	function campionatoCheck
export	frontend/src/lib/safeStrategy.ts:877	function preBandsChecks
export	frontend/src/lib/safeStrategy.ts:898	function evaluateBase
export	frontend/src/lib/safeStrategy.ts:1007	function selectionCheck
export	frontend/src/lib/safeStrategy.ts:1071	const SELEZIONE_DATO_ASSENTE
export	frontend/src/lib/safeStrategy.ts:1072	const SELEZIONE_H2H_ASSENTE
export	frontend/src/lib/safeStrategy.ts:1073	const SELEZIONE_H2H_NESSUNO
export	frontend/src/lib/safeStrategy.ts:1074	const SELEZIONE_H2H_POCHI
export	frontend/src/lib/safeStrategy.ts:1075	const SELEZIONE_DIFESA_ASSENTE
export	frontend/src/lib/safeStrategy.ts:1076	const TENNIS_PRE_ASSENTE
export	frontend/src/lib/safeStrategy.ts:1080	function tennisSfavoritoEstremoCheck
export	frontend/src/lib/safeStrategy.ts:1100	const SECONDO_TEMPO_STATO_ASSENTE
export	frontend/src/lib/safeStrategy.ts:1109	function secondoTempoCheck
export	frontend/src/lib/safeStrategy.ts:1129	function evaluateEsatto
export	frontend/src/lib/safeStrategy.ts:1214	function evaluatePunta
export	frontend/src/lib/safeStrategy.ts:1317	function evaluateFootballAll
export	frontend/src/lib/safeStrategy.ts:1327	interface TennisMatchCtx
export	frontend/src/lib/safeStrategy.ts:1353	function tennisScoreKey
export	frontend/src/lib/safeStrategy.ts:1361	interface TennisScoreStability
export	frontend/src/lib/safeStrategy.ts:1367	function trackTennisScoreStability
export	frontend/src/lib/safeStrategy.ts:1381	function buildTennisCtx
export	frontend/src/lib/safeStrategy.ts:1413	function evaluateTennis
export	frontend/src/lib/safeStrategy.ts:1558	interface ScoreStability
export	frontend/src/lib/safeStrategy.ts:1573	function trackScoreStability
export	frontend/src/lib/safeStrategy.ts:1590	interface ActiveSignal
export	frontend/src/lib/safeStrategy.ts:1611	interface SignalCandidate
export	frontend/src/lib/safeStrategy.ts:1628	function signalKey
export	frontend/src/lib/safeStrategy.ts:1646	function reconcileSignals
export	frontend/src/lib/safeStrategy.ts:1686	function footballCandidates
export	frontend/src/lib/safeStrategy.ts:1713	function tennisCandidates
export	frontend/src/lib/safeStrategyScan.ts:12	interface ScanOddsPair
export	frontend/src/lib/safeStrategyScan.ts:29	interface ScanMediaFlags
export	frontend/src/lib/safeStrategyScan.ts:40	interface ScanMarketBlock
export	frontend/src/lib/safeStrategyScan.ts:64	interface CalcioScanPayload
export	frontend/src/lib/safeStrategyScan.ts:164	interface ScanCsSelection
export	frontend/src/lib/safeStrategyScan.ts:171	function csSelection
export	frontend/src/lib/safeStrategyScan.ts:178	function htSelection
export	frontend/src/lib/safeStrategyScan.ts:188	function scanMarketBlocks
export	frontend/src/lib/safeStrategyScan.ts:212	function isUsableBlock
export	frontend/src/lib/safeStrategyScan.ts:219	function usableMarketBlocks
export	frontend/src/lib/safeStrategyScan.ts:226	function scanBlockByMarketId
export	frontend/src/lib/safeStrategyScan.ts:236	function blockSelection
export	frontend/src/lib/safeStrategyScan.ts:254	interface TennisScanPayload
export	frontend/src/lib/safeStrategyScan.ts:276	interface ScanRow
export	frontend/src/lib/safeStrategyScan.ts:286	type ScanRowLocaleMsg
export	frontend/src/lib/safeStrategyScan.ts:294	function istanteScanMsg
export	frontend/src/lib/safeStrategyScan.ts:308	function scanLocaleAccettabile
export	frontend/src/lib/safeStrategyScan.ts:321	interface ScanStatusPayload
export	frontend/src/lib/safeStrategyScan.ts:336	interface ScanStatusRow
export	frontend/src/lib/safeStrategyScan.ts:342	function fetchScanRows
export	frontend/src/lib/safeStrategyScan.ts:348	function fetchScanStatus
export	frontend/src/lib/safeStrategyScan.ts:358	type ScanEvent
export	frontend/src/lib/safeStrategyScan.ts:363	function subscribeScanRows
export	frontend/src/lib/safeStrategyScan.ts:385	function subscribeScanStatus
export	frontend/src/lib/saldoBetfair.ts:30	const CANALI_SALDO
export	frontend/src/lib/saldoBetfair.ts:32	type StatoSaldo
export	frontend/src/lib/saldoBetfair.ts:34	interface StatoSaldoBetfair
export	frontend/src/lib/saldoBetfair.ts:45	const SALDO_HEARTBEAT_STALE_S
export	frontend/src/lib/saldoBetfair.ts:47	function statoSaldoBetfair
export	frontend/src/lib/saldoBetfair.ts:133	interface SaldoDalCanale
export	frontend/src/lib/saldoBetfair.ts:142	function leggiSaldoDalCanale
export	frontend/src/lib/saldoBetfair.ts:154	function saldoPiuRecente
export	frontend/src/lib/saldoBetfair.ts:160	interface SaldoMostrato
export	frontend/src/lib/saldoBetfair.ts:169	function saldoDaMostrare
export	frontend/src/lib/saldoBetfair.ts:208	function testoUltimaVerifica
export	frontend/src/lib/scalper.ts:10	type ScalperMode
export	frontend/src/lib/scalper.ts:11	type ScalperStatus
export	frontend/src/lib/scalper.ts:15	interface ScalperControl
export	frontend/src/lib/scalper.ts:61	interface ScalperActivityRow
export	frontend/src/lib/scalper.ts:69	interface ScalperState
export	frontend/src/lib/scalper.ts:76	interface ScalperParams
export	frontend/src/lib/scalper.ts:106	const SCALPER_PARAM_DEFAULTS
export	frontend/src/lib/scalper.ts:124	type ScalperNumericParamKey
export	frontend/src/lib/scalper.ts:128	const SCALPER_PARAM_FIELDS
export	frontend/src/lib/scalper.ts:144	function activateScalper
export	frontend/src/lib/scalper.ts:159	function stopScalper
export	frontend/src/lib/scalper.ts:165	function fetchScalperState
export	frontend/src/lib/scalperCanale.ts:28	const TOPIC_SCALPER_STATO
export	frontend/src/lib/scalperCanale.ts:29	const TOPIC_SCALPER_SESSIONI
export	frontend/src/lib/scalperCanale.ts:31	interface VoceCanaleScalper
export	frontend/src/lib/scalperCanale.ts:39	interface OverlayScalper
export	frontend/src/lib/scalperCanale.ts:44	function overlayScalperVuoto
export	frontend/src/lib/scalperCanale.ts:57	function applicaSessioneCanale
export	frontend/src/lib/scalperCanale.ts:76	function applicaServizioCanale
export	frontend/src/lib/scalperCanale.ts:90	function vistaScalper
export	frontend/src/lib/scalperCanale.ts:113	function etaCanaleSessione
export	frontend/src/lib/scalperCanale.ts:122	function ultimoCanaleScalper
export	frontend/src/lib/scalperControlRoom.ts:36	type ModalitaScalper
export	frontend/src/lib/scalperControlRoom.ts:39	type StatoSessioneScalper
export	frontend/src/lib/scalperControlRoom.ts:44	const STATI_ATTIVI_SCALPER
export	frontend/src/lib/scalperControlRoom.ts:46	const STATI_VIVI_SCALPER
export	frontend/src/lib/scalperControlRoom.ts:49	interface SessioneScalper
export	frontend/src/lib/scalperControlRoom.ts:82	interface ServizioScalper
export	frontend/src/lib/scalperControlRoom.ts:96	interface OrdineScalper
export	frontend/src/lib/scalperControlRoom.ts:124	interface ScalperControlRoom
export	frontend/src/lib/scalperControlRoom.ts:139	function fetchScalperControlRoom
export	frontend/src/lib/scalperControlRoom.ts:165	function attivaScalperAuto
export	frontend/src/lib/scalperControlRoom.ts:176	function fermaScalperAuto
export	frontend/src/lib/scalperControlRoom.ts:185	function aggiornaScalperAuto
export	frontend/src/lib/scalperControlRoom.ts:196	function rpcAssente
export	frontend/src/lib/scalperControlRoom.ts:202	interface AutoScalper
export	frontend/src/lib/scalperControlRoom.ts:224	function leggiAutoScalper
export	frontend/src/lib/scalperControlRoom.ts:256	function notaAutoScalper
export	frontend/src/lib/scalperControlRoom.ts:295	function stopScalperSessione
export	frontend/src/lib/scalperControlRoom.ts:312	function impostaUsciteScalper
export	frontend/src/lib/scalperControlRoom.ts:338	function modalitaSessione
export	frontend/src/lib/scalperControlRoom.ts:344	function sessioneViva
export	frontend/src/lib/scalperControlRoom.ts:348	function sessioneAttiva
export	frontend/src/lib/scalperControlRoom.ts:362	function statoBotScalper
export	frontend/src/lib/scalperControlRoom.ts:408	function ordiniDellaSessione
export	frontend/src/lib/scalperControlRoom.ts:423	interface EsposizioneSelezione
export	frontend/src/lib/scalperControlRoom.ts:434	interface EsposizioneScalper
export	frontend/src/lib/scalperControlRoom.ts:456	function esposizioneScalper
export	frontend/src/lib/scalperControlRoom.ts:500	interface ChiusuraScalper
export	frontend/src/lib/scalperControlRoom.ts:522	function chiusuraScalper
export	frontend/src/lib/scalperControlRoom.ts:565	function pnlRealeOrdini
export	frontend/src/lib/scalperControlRoom.ts:590	function pnlLordoBot
export	frontend/src/lib/scalperControlRoom.ts:605	function flussoSessioneScalper
export	frontend/src/lib/scalperControlRoom.ts:627	function notaSessioneScalper
export	frontend/src/lib/scalperControlRoom.ts:658	function idSessione
export	frontend/src/lib/scanEventBuffer.ts:14	interface ScanRowLike
export	frontend/src/lib/scanEventBuffer.ts:15	type ScanRowEvent
export	frontend/src/lib/scanEventBuffer.ts:21	function applicaEventoScan
export	frontend/src/lib/scanEventBuffer.ts:35	function applicaLottoScan
export	frontend/src/lib/schedaAlMs.ts:30	type FontePrezzo
export	frontend/src/lib/schedaAlMs.ts:32	interface PrezzoScheda
export	frontend/src/lib/schedaAlMs.ts:44	const PREZZO_VUOTO
export	frontend/src/lib/schedaAlMs.ts:56	function prezzoDaLadder
export	frontend/src/lib/schedaAlMs.ts:75	function scegliPrezzo
export	frontend/src/lib/schedaAlMs.ts:84	const prezzoDelLato
export	frontend/src/lib/schedaAlMs.ts:86	const sizeDelLato
export	frontend/src/lib/schedaAlMs.ts:89	type Semaforo
export	frontend/src/lib/schedaAlMs.ts:93	interface ValutazioneServizio
export	frontend/src/lib/schedaAlMs.ts:101	interface GiudizioScheda
export	frontend/src/lib/schedaAlMs.ts:118	function giudica
export	frontend/src/lib/schedaAlMs.ts:145	function scarto
export	frontend/src/lib/schedaAlMs.ts:152	interface ContestoPrezzoVisto
export	frontend/src/lib/schedaAlMs.ts:170	function prezzoSegnaleDi
export	frontend/src/lib/schedaAlMs.ts:180	function prezzoVistoAlClic
export	frontend/src/lib/schedaAlMs.ts:200	function etaEFonte
export	frontend/src/lib/servants.ts:9	type ServantStep
export	frontend/src/lib/servants.ts:22	interface Servant
export	frontend/src/lib/servants.ts:28	const MAX_SERVANTS
export	frontend/src/lib/servants.ts:29	const MAX_STEPS
export	frontend/src/lib/servants.ts:63	function normalizeServants
export	frontend/src/lib/servants.ts:95	function loadServants
export	frontend/src/lib/servants.ts:105	function saveServants
export	frontend/src/lib/servants.ts:116	function upsertServant
export	frontend/src/lib/servants.ts:120	function removeServant
export	frontend/src/lib/servants.ts:127	function resolveStepPrice
export	frontend/src/lib/servants.ts:143	function servantLabel
export	frontend/src/lib/signalContext.ts:47	function delayMap
export	frontend/src/lib/signalContext.ts:68	interface SignalDelay
export	frontend/src/lib/signalContext.ts:77	interface SignalContext
export	frontend/src/lib/signalContext.ts:84	const NOTA_REGOLA_HT_MANCANTE
export	frontend/src/lib/signalContext.ts:90	function delayFromResult
export	frontend/src/lib/signalContext.ts:107	function fetchSignalContext
export	frontend/src/lib/sportsLogos.ts:9	function leagueLogo
export	frontend/src/lib/sportsLogos.ts:13	function teamLogo
export	frontend/src/lib/statoBotCanale.ts:50	type BotConStato
export	frontend/src/lib/statoBotCanale.ts:53	interface PushStato
export	frontend/src/lib/statoBotCanale.ts:82	function leggiPushStato
export	frontend/src/lib/statoBotCanale.ts:108	interface VistaControl
export	frontend/src/lib/statoBotCanale.ts:120	function sovrapponiControl
export	frontend/src/lib/statoBotCanale.ts:172	function statoScannerDalCanale
export	frontend/src/lib/statoIpsVero.testkit.ts:45	function statoIpsRecupero1T
export	frontend/src/lib/statoIpsVero.testkit.ts:54	function statoIpsIntervallo
export	frontend/src/lib/statoIpsVero.testkit.ts:63	function statoIps2T
export	frontend/src/lib/statoOrdine.ts:40	type FonteValore
export	frontend/src/lib/statoOrdine.ts:43	interface ValoreOrdine
export	frontend/src/lib/statoOrdine.ts:55	type EsitoOrdine
export	frontend/src/lib/statoOrdine.ts:59	interface StatoOrdine
export	frontend/src/lib/statoOrdine.ts:85	interface RigaOrdine
export	frontend/src/lib/statoOrdine.ts:194	function statoOrdine
export	frontend/src/lib/statoOrdine.ts:291	function ordineAppoggiato
export	frontend/src/lib/statoOrdine.ts:296	function etaBetfairSec
export	frontend/src/lib/statoOrdine.ts:304	function valoreMoney
export	frontend/src/lib/statoOrdine.ts:309	function valoreOdds
export	frontend/src/lib/statoOrdine.ts:314	function valoreTicks
export	frontend/src/lib/statoOrdine.ts:322	function statoOrdineTesto
export	frontend/src/lib/statoOrdine.ts:336	function statoOrdineTitolo
export	frontend/src/lib/storicoSport.ts:33	type SportStorico
export	frontend/src/lib/storicoSport.ts:34	type ModoStorico
export	frontend/src/lib/storicoSport.ts:36	type BotStorico
export	frontend/src/lib/storicoSport.ts:39	function eBotTennisStorico
export	frontend/src/lib/storicoSport.ts:43	const SPORT_LABEL
export	frontend/src/lib/storicoSport.ts:47	const SPORT_ICONA
export	frontend/src/lib/storicoSport.ts:50	const MODO_LABEL
export	frontend/src/lib/storicoSport.ts:55	interface FonteStorico
export	frontend/src/lib/storicoSport.ts:68	interface FonteAssente
export	frontend/src/lib/storicoSport.ts:74	const FONTI_STORICO
export	frontend/src/lib/storicoSport.ts:91	const FONTI_ASSENTI
export	frontend/src/lib/storicoSport.ts:110	function rottaStorico
export	frontend/src/lib/storicoSport.ts:116	type IntervalloKind
export	frontend/src/lib/storicoSport.ts:124	const INTERVALLO_LABEL
export	frontend/src/lib/storicoSport.ts:134	function intervalloRange
export	frontend/src/lib/storicoSport.ts:152	interface SerieBot
export	frontend/src/lib/storicoSport.ts:182	function rigaGiornalieraTennisBot
export	frontend/src/lib/storicoSport.ts:205	function caricaSerieBot
export	frontend/src/lib/storicoSport.ts:255	function caricaStoricoSport
export	frontend/src/lib/storicoSport.ts:271	interface AggregatoBot
export	frontend/src/lib/storicoSport.ts:306	function aggregaBot
export	frontend/src/lib/storicoSport.ts:359	interface TotaleStorico
export	frontend/src/lib/storicoSport.ts:389	function totaleModo
export	frontend/src/lib/storicoSport.ts:442	function unisciGiornate
export	frontend/src/lib/storicoSport.ts:507	function curvaCumulata
export	frontend/src/lib/storicoSport.ts:511	interface BarraGiorno
export	frontend/src/lib/storicoSport.ts:524	function barrePerGiorno
export	frontend/src/lib/storicoSport.ts:540	function oggiOperativo
export	frontend/src/lib/storicoSport.ts:546	interface TradeGiornoBot
export	frontend/src/lib/storicoSport.ts:559	function caricaTradeGiorno
export	frontend/src/lib/tacticalEngine.ts:12	interface TEStrength
export	frontend/src/lib/tacticalEngine.ts:17	interface TEMarkets
export	frontend/src/lib/tacticalEngine.ts:25	interface TEFixture
export	frontend/src/lib/tacticalEngine.ts:58	function fetchTacticalEngine
export	frontend/src/lib/tacticalEngine.ts:70	function buildAdvice
export	frontend/src/lib/tennis.ts:28	interface TennisOddLevel
export	frontend/src/lib/tennis.ts:34	interface TennisMoneylineRunner
export	frontend/src/lib/tennis.ts:44	interface TennisEventMarket
export	frontend/src/lib/tennis.ts:55	interface TennisFixtureRow
export	frontend/src/lib/tennis.ts:81	function fetchTennisFixtures
export	frontend/src/lib/tennis.ts:90	interface TennisFullRunner
export	frontend/src/lib/tennis.ts:98	interface TennisFullMarket
export	frontend/src/lib/tennis.ts:107	function fetchTennisFullOdds
export	frontend/src/lib/tennis.ts:117	interface TennisRefreshResult
export	frontend/src/lib/tennis.ts:122	function refreshTennisOdds
export	frontend/src/lib/tennis.ts:146	type TennisFollowStatus
export	frontend/src/lib/tennis.ts:148	interface TennisFollow
export	frontend/src/lib/tennis.ts:167	function fetchTennisFollows
export	frontend/src/lib/tennis.ts:179	function followTennisEvent
export	frontend/src/lib/tennis.ts:194	function setTennisFollowRecord
export	frontend/src/lib/tennis.ts:207	function fetchTennisNow
export	frontend/src/lib/tennis.ts:220	function subscribeTennisMarkets
export	frontend/src/lib/tennis.ts:238	function subscribeTennisNow
export	frontend/src/lib/tennis.ts:261	function fetchTennisLadder
export	frontend/src/lib/tennis.ts:271	function subscribeTennisLadder
export	frontend/src/lib/tennis.ts:298	interface TennisPressure
export	frontend/src/lib/tennis.ts:309	function partitaTennisFinita
export	frontend/src/lib/tennis.ts:317	interface TennisScoreState
export	frontend/src/lib/tennis.ts:350	interface TennisPointEvent
export	frontend/src/lib/tennis.ts:365	interface TennisNowSelection
export	frontend/src/lib/tennis.ts:372	interface TennisNowMarket
export	frontend/src/lib/tennis.ts:379	interface TennisLiveNowState
export	frontend/src/lib/tennis.ts:384	interface TennisLiveNowRow
export	frontend/src/lib/tennis.ts:410	function sendTennisOrderCommand
export	frontend/src/lib/tennis.ts:469	interface TennisChiudiBotPayload
export	frontend/src/lib/tennis.ts:478	function requestTennisChiudiBot
export	frontend/src/lib/tennis.ts:492	interface TennisOrderRequest
export	frontend/src/lib/tennis.ts:497	function fetchTennisOrderRequest
export	frontend/src/lib/tennis.ts:505	function fetchTennisOrders
export	frontend/src/lib/tennis.ts:516	function fetchTennisPositions
export	frontend/src/lib/tennis.ts:533	function subscribeTennisOrders
export	frontend/src/lib/tennis.ts:551	function subscribeTennisPositions
export	frontend/src/lib/tennis.ts:570	function fetchTennisPositionsAll
export	frontend/src/lib/tennis.ts:586	type TennisBotKey
export	frontend/src/lib/tennis.ts:588	type TennisBotStatus
export	frontend/src/lib/tennis.ts:599	interface TennisBotStats
export	frontend/src/lib/tennis.ts:620	interface TennisBotControl
export	frontend/src/lib/tennis.ts:635	interface TennisBotActivityRow
export	frontend/src/lib/tennis.ts:644	interface TennisBotsState
export	frontend/src/lib/tennis.ts:650	interface TennisBotParamField
input	frontend/src/lib/tennis.ts:657	select
export	frontend/src/lib/tennis.ts:666	interface TennisBotDescriptor
export	frontend/src/lib/tennis.ts:681	const HINT_ACCESO_DI_DEFAULT
export	frontend/src/lib/tennis.ts:685	const NOME_SUPERFICIE
export	frontend/src/lib/tennis.ts:689	interface SuperficieVista
export	frontend/src/lib/tennis.ts:703	function superficieDaParams
export	frontend/src/lib/tennis.ts:719	const TENNIS_BOT_REGISTRY
export	frontend/src/lib/tennis.ts:836	function fetchTennisBotsState
export	frontend/src/lib/tennis.ts:849	function subscribeTennisBots
export	frontend/src/lib/tennis.ts:869	function armTennisBot
export	frontend/src/lib/tennis.ts:888	function disarmTennisBot
export	frontend/src/lib/tennis.ts:898	const TENNIS_FOLLOW_STATUS_LABEL
export	frontend/src/lib/tennis.ts:906	const TENNIS_BOT_STATUS_LABEL
export	frontend/src/lib/tennis.ts:936	type TennisBotServiceStatus
export	frontend/src/lib/tennis.ts:937	type TennisBotMode
export	frontend/src/lib/tennis.ts:940	interface TennisBotServiceRow
export	frontend/src/lib/tennis.ts:963	function setTennisBotUscite
export	frontend/src/lib/tennis.ts:980	function fetchTennisBotServices
export	frontend/src/lib/tennis.ts:993	function activateTennisBotService
export	frontend/src/lib/tennis.ts:1007	function stopTennisBotService
export	frontend/src/lib/tennis.ts:1018	function updateTennisBotService
export	frontend/src/lib/tennis.ts:1043	interface TennisBotDailyRow
export	frontend/src/lib/tennis.ts:1077	function fetchTennisBotDaily
export	frontend/src/lib/tennis.ts:1104	interface TennisBotOrderRow
export	frontend/src/lib/tennis.ts:1121	function fetchTennisBotOrdersToday
export	frontend/src/lib/tennisReplay.ts:33	interface TennisReplayItem
export	frontend/src/lib/tennisReplay.ts:53	interface TennisReplaySelection
export	frontend/src/lib/tennisReplay.ts:58	interface TennisReplayMarket
export	frontend/src/lib/tennisReplay.ts:66	type TennisEventoGioco
export	frontend/src/lib/tennisReplay.ts:68	interface TennisScoreRow
export	frontend/src/lib/tennisReplay.ts:76	interface TennisReplayEvent
export	frontend/src/lib/tennisReplay.ts:85	interface TennisReplayData
export	frontend/src/lib/tennisReplay.ts:102	function migrazioneMancante
export	frontend/src/lib/tennisReplay.ts:106	const MSG_MIGRAZIONE
export	frontend/src/lib/tennisReplay.ts:113	function fetchTennisReplayList
export	frontend/src/lib/tennisReplay.ts:120	function fetchTennisReplay
export	frontend/src/lib/tennisReplay.ts:147	interface PassoTimeline
export	frontend/src/lib/tennisReplay.ts:153	function costruisciTimeline
export	frontend/src/lib/tennisReplay.ts:164	function indiceDiPasso
export	frontend/src/lib/tennisReplay.ts:174	function ultimoAl
export	frontend/src/lib/tennisReplay.ts:185	function framesPerMercato
export	frontend/src/lib/tennisReplay.ts:197	function inizioInGioco
export	frontend/src/lib/tennisReplay.ts:208	function minutiDiGioco
export	frontend/src/lib/tennisReplay.ts:216	function ordinaPunteggio
export	frontend/src/lib/tennisReplay.ts:221	function punteggioAl
export	frontend/src/lib/tennisReplay.ts:226	function puntiFinoA
export	frontend/src/lib/tennisReplay.ts:236	function etichettaPunteggio
export	frontend/src/lib/tennisReplay.ts:245	type TipoSimbolo
export	frontend/src/lib/tennisReplay.ts:247	interface SimboloTennis
export	frontend/src/lib/tennisReplay.ts:263	const NOME_SIMBOLO
export	frontend/src/lib/tennisReplay.ts:304	function simboliTennis
export	frontend/src/lib/tennisReplay.ts:344	function sospesoPerPasso
export	frontend/src/lib/tennisReplay.ts:360	type CatTennis
export	frontend/src/lib/tennisReplay.ts:362	const CATEGORIE_TENNIS
export	frontend/src/lib/tennisReplay.ts:372	function categoriaTennis
export	frontend/src/lib/tennisReplay.ts:384	function raggruppaMercatiTennis
export	frontend/src/lib/tennisReplay.ts:405	function vincitoreRegolato
export	frontend/src/lib/tennisReplay.ts:414	function valutaMercatoTennis
export	frontend/src/lib/tennisReplay.ts:431	function delayMercatoMs
export	frontend/src/lib/tennisReplay.ts:441	function perMotoreOpportunita
export	frontend/src/lib/tennisReplay.ts:456	function faseTennis
export	frontend/src/lib/tennisReplay.ts:465	function conFaseTennis
export	frontend/src/lib/tennisReplay.ts:472	function raggruppaPerTorneo
export	frontend/src/lib/tennisReplay.ts:500	function motivoNessunBotTennis
export	frontend/src/lib/tennisReplayVerificaBarra.ts:47	interface OpzioniVerificaTennis
export	frontend/src/lib/tennisReplayVerificaBarra.ts:73	function verificaBarraTennis
export	frontend/src/lib/toasts.ts:15	interface SettlementToast
export	frontend/src/lib/toasts.ts:29	function settlementToastText
export	frontend/src/lib/toasts.ts:44	function toastSettlement
export	frontend/src/lib/tradeStatus.ts:20	type TradeStatus
export	frontend/src/lib/tradeStatus.ts:23	interface Meta
export	frontend/src/lib/tradeStatus.ts:38	type RowMode
export	frontend/src/lib/tradeStatus.ts:40	interface ModeMeta
export	frontend/src/lib/tradeStatus.ts:42	const MODE_META
export	frontend/src/lib/tradeStatus.ts:62	function modeMeta
export	frontend/src/lib/tradeStatus.ts:69	const STATUS_META
export	frontend/src/lib/tradeStatus.ts:90	const RECONCILING_META
export	frontend/src/lib/tradeStatus.ts:106	const RESTING_META
export	frontend/src/lib/tradeStatus.ts:114	function isRestingMeta
export	frontend/src/lib/tradeStatus.ts:125	const TERMINAL_ERROR_META
export	frontend/src/lib/tradeStatus.ts:142	function isReconcilingMeta
export	frontend/src/lib/tradeStatus.ts:156	function isTerminalErrorMeta
export	frontend/src/lib/tradeStatus.ts:166	function statusMetaOf
export	frontend/src/lib/tradeStatus.ts:182	function statusMeta
export	frontend/src/lib/tradeStatus.ts:205	function unknownStatusMeta
export	frontend/src/lib/tradeStatus.ts:239	interface EsitoOrdineMeta
export	frontend/src/lib/tradeStatus.ts:256	function esitoOrdineMeta
export	frontend/src/lib/tradeStatus.ts:407	function motivoErroreTesto
export	frontend/src/lib/tradeStatus.ts:439	type BotStatus
export	frontend/src/lib/tradeStatus.ts:442	const BOT_STATUS_META
export	frontend/src/lib/tradeStatus.ts:451	function botStatusMeta
export	frontend/src/lib/tradeStatus.ts:462	const SCALPER_STATUS_EXTRA
export	frontend/src/lib/tradeStatus.ts:469	function scalperStatusMeta
export	frontend/src/lib/tradeStatus.ts:475	type TradeSide
export	frontend/src/lib/tradeStatus.ts:477	const SIDE_META
export	frontend/src/lib/tradeStatus.ts:483	function sideMeta
export	frontend/src/lib/tradeStatus.ts:512	function pnlClass
export	frontend/src/lib/tradeStatus.ts:525	function pnlClassSoft
export	frontend/src/lib/tradeStatus.ts:539	const T
export	frontend/src/lib/tradeStatus.ts:599	const TIP
export	frontend/src/lib/tradeStatus.ts:635	interface ActivityMeta
export	frontend/src/lib/tradeStatus.ts:652	const ACTIVITY_BASE
export	frontend/src/lib/tradeStatus.ts:828	function activityMeta
export	frontend/src/lib/tradeStatus.ts:854	function activityLineGeneric
export	frontend/src/lib/trainingLadder.ts:30	const TRAINING_MIN_STAKE
export	frontend/src/lib/trainingLadder.ts:36	function womOf
export	frontend/src/lib/trainingLadder.ts:58	function frameToLadderRow
export	frontend/src/lib/trainingLadder.ts:100	interface TrainingOrder
export	frontend/src/lib/trainingLadder.ts:108	interface TrainingContext
export	frontend/src/lib/trainingLadder.ts:121	interface TrainingApi
export	frontend/src/lib/trainingLadder.ts:155	function selectionExposures
export	frontend/src/lib/trainingLadder.ts:186	function createTrainingApi
export	frontend/src/lib/uiShell.ts:19	type UiShell
export	frontend/src/lib/uiShell.ts:21	const CHIAVE_UI_SHELL
storage	frontend/src/lib/uiShell.ts:29	localStorage getItem CHIAVE_UI_SHELL
export	frontend/src/lib/uiShell.ts:44	function leggiUiShell
export	frontend/src/lib/uiShell.ts:49	function scriviUiShell
storage	frontend/src/lib/uiShell.ts:51	localStorage setItem CHIAVE_UI_SHELL
export	frontend/src/lib/uiShell.ts:62	function cambiaUiShell
export	frontend/src/lib/uiShell.ts:73	function rottaDopoAccesso
export	frontend/src/lib/useApplicaBot.ts:16	const ATTESA_BANCO_SPENTO_MS
export	frontend/src/lib/useApplicaBot.ts:18	const RILETTURA_ESITO_MS
export	frontend/src/lib/useApplicaBot.ts:20	interface RichiestaBot
export	frontend/src/lib/useApplicaBot.ts:30	interface ApplicaBot
export	frontend/src/lib/useApplicaBot.ts:44	function useApplicaBot
export	frontend/src/lib/useOperativitaBot.ts:13	interface OperativitaBot
export	frontend/src/lib/useOperativitaBot.ts:27	function analizzaEsito
export	frontend/src/lib/useOperativitaBot.ts:45	function useOperativitaBot
export	frontend/src/lib/useOrdiniCanale.ts:18	function useOrdiniCanale
export	frontend/src/lib/usePosizioniCanale.ts:22	function usePosizioniCanale
export	frontend/src/lib/useScanLiveFeed.ts:17	interface ScanLiveRow
export	frontend/src/lib/useScanLiveFeed.ts:24	function useScanLiveFeedRows
export	frontend/src/lib/useScanLiveFeed.ts:113	function useScanLiveFeed
export	frontend/src/lib/useScanLiveFeed.ts:123	function liveScoreLabel
export	frontend/src/lib/utils.ts:4	function cn
export	frontend/src/lib/valutaProposta.ts:25	interface MotivoValutazione
export	frontend/src/lib/valutaProposta.ts:32	interface ValutazioneAlPrezzo
export	frontend/src/lib/valutaProposta.ts:43	type CriteriProposta
export	frontend/src/lib/valutaProposta.ts:69	function valutaAlPrezzo
export	frontend/src/lib/valutaProposta.ts:161	function testoMotivo
export	frontend/src/lib/valutaProposta.ts:179	const CODICI_DI_PREZZO
export	frontend/src/lib/valutaProposta.ts:184	interface BandaStrategia
export	frontend/src/lib/valutaProposta.ts:216	function inBanda
export	frontend/src/lib/valutaProposta.ts:227	function bandaDellaStrategia
export	frontend/src/lib/valutaProposta.ts:240	function testoBanda
export	frontend/src/lib/vetoCampionati.ts:15	interface VoceVeto
export	frontend/src/lib/vetoCampionati.ts:26	const VOCI_VETO
export	frontend/src/lib/vetoCampionati.ts:81	function normalizzaCompetizione
export	frontend/src/lib/vetoCampionati.ts:97	function voceVietata
export	frontend/src/lib/vetoCampionati.ts:108	function motivoVeto
export	frontend/src/lib/vetoCampionati.ts:119	const FRASI_SQUADRA_FEMMINILE
export	frontend/src/lib/vetoCampionati.ts:122	const SUFFISSO_SQUADRA_FEMMINILE
export	frontend/src/lib/vetoCampionati.ts:124	function squadraFemminile
export	frontend/src/lib/vetoCampionati.ts:137	const ROUND_FINALE
export	frontend/src/lib/vetoCampionati.ts:141	function isRoundFinale
export	frontend/src/lib/vetoCampionati.ts:160	function nomeIndicaFinale
export	frontend/src/lib/vetoCampionati.ts:167	const MOTIVO_FINALE_ROUND
export	frontend/src/lib/vetoCampionati.ts:168	const MOTIVO_FINALE_NOME
export	frontend/src/lib/vetoCampionati.ts:169	const MOTIVO_SQUADRA_FEMMINILE
export	frontend/src/lib/watchlist.ts:13	type WatchlistStatus
export	frontend/src/lib/watchlist.ts:15	type RejectReason
export	frontend/src/lib/watchlist.ts:27	const REJECT_REASON_LABELS
export	frontend/src/lib/watchlist.ts:42	interface SnapshotEdge
export	frontend/src/lib/watchlist.ts:59	interface WatchlistSnapshot
export	frontend/src/lib/watchlist.ts:68	interface WatchlistRow
export	frontend/src/lib/watchlist.ts:96	interface WatchlistDecision
export	frontend/src/lib/watchlist.ts:109	function addToWatchlist
export	frontend/src/lib/watchlist.ts:116	function getWatchlist
export	frontend/src/lib/watchlist.ts:125	function deleteFromWatchlist
export	frontend/src/lib/watchlist.ts:133	function setWatchlistFollowLive
export	frontend/src/lib/watchlist.ts:143	function setWatchlistDecision
export	frontend/src/lib/workspace.ts:9	type PanelKey
export	frontend/src/lib/workspace.ts:21	interface PanelState
export	frontend/src/lib/workspace.ts:28	type CenterView
export	frontend/src/lib/workspace.ts:31	interface WorkspaceLayout
export	frontend/src/lib/workspace.ts:43	const DEFAULT_PANEL_ORDER
export	frontend/src/lib/workspace.ts:57	function defaultLayout
export	frontend/src/lib/workspace.ts:73	function normalizeLayout
export	frontend/src/lib/workspace.ts:111	function loadLayout
export	frontend/src/lib/workspace.ts:122	function saveLayout
export	frontend/src/lib/workspace.ts:135	function resetLayout
export	frontend/src/lib/workspace.ts:144	function togglePanel
export	frontend/src/lib/workspace.ts:156	function collapsePanel
export	frontend/src/lib/workspace.ts:166	function setActiveMarket
export	frontend/src/lib/workspace.ts:171	function setColumnsProfile
export	frontend/src/lib/workspace.ts:176	function setCenterView
export	frontend/src/lib/workspace.ts:182	type HotkeyAction
export	frontend/src/lib/workspace.ts:201	const DEFAULT_KEYBINDINGS
export	frontend/src/lib/workspace.ts:219	const HOTKEY_LABELS
export	frontend/src/lib/workspace.ts:239	function resolveHotkey
export	frontend/src/lib/xhedgeCanale.ts:28	const TOPIC_XHEDGE
export	frontend/src/lib/xhedgeCanale.ts:31	function chiaveXhedge
export	frontend/src/lib/xhedgeCanale.ts:36	interface XhedgeCanale
export	frontend/src/lib/xhedgeCanale.ts:41	type SovrapposizioniXhedge
export	frontend/src/lib/xhedgeCanale.ts:48	function leggiPushXhedge
export	frontend/src/lib/xhedgeCanale.ts:64	function applicaPushXhedge
export	frontend/src/lib/xhedgeCanale.ts:85	function potaXhedge
export	frontend/src/lib/xhedgeCanale.ts:103	function vistaXhedge
export	frontend/src/pages/Analytics.tsx:84	function Analytics
button	frontend/src/pages/Analytics.tsx:200	Button
button	frontend/src/pages/Analytics.tsx:217	Button
button	frontend/src/pages/Analytics.tsx:222	Button
button	frontend/src/pages/Analytics.tsx:227	Button
button	frontend/src/pages/Analytics.tsx:232	Button
button	frontend/src/pages/Analytics.tsx:237	Button
button	frontend/src/pages/Analytics.tsx:256	Button
input	frontend/src/pages/Analytics.tsx:264	select
input	frontend/src/pages/Analytics.tsx:271	select
input	frontend/src/pages/Analytics.tsx:278	select
input	frontend/src/pages/Analytics.tsx:285	select
input	frontend/src/pages/Analytics.tsx:292	select
input	frontend/src/pages/Analytics.tsx:300	input
input	frontend/src/pages/Analytics.tsx:304	input
input	frontend/src/pages/Analytics.tsx:311	select
input	frontend/src/pages/Analytics.tsx:320	select
input	frontend/src/pages/Analytics.tsx:328	input
input	frontend/src/pages/Analytics.tsx:335	input
input	frontend/src/pages/Analytics.tsx:340	select
input	frontend/src/pages/Analytics.tsx:347	Checkbox
testid	frontend/src/pages/Analytics.tsx:356	analytics-filtri-errore
testid	frontend/src/pages/Analytics.tsx:364	analytics-errore
testid	frontend/src/pages/Analytics.tsx:370	analytics-eta-riepilogo
button	frontend/src/pages/Analytics.tsx:395	Button
button	frontend/src/pages/Board.tsx:187	Button
export	frontend/src/pages/Board.tsx:222	function Board
button	frontend/src/pages/Board.tsx:244	Button
button	frontend/src/pages/Board.tsx:249	Button
button	frontend/src/pages/Board.tsx:254	Button
button	frontend/src/pages/Board.tsx:277	button
export	frontend/src/pages/CheckEmail.tsx:6	function CheckEmail
button	frontend/src/pages/CheckEmail.tsx:71	Button
button	frontend/src/pages/CheckEmail.tsx:79	Button
export	frontend/src/pages/ControlRoom.tsx:173	function ControlRoom
testid	frontend/src/pages/ControlRoom.tsx:541	cr-banner-modalita-non-lette
testid	frontend/src/pages/ControlRoom.tsx:563	cr-zona-obiettivo
testid	frontend/src/pages/ControlRoom.tsx:573	cr-giornata-realizzato-fonte
testid	frontend/src/pages/ControlRoom.tsx:579	cr-giornata-realizzato-fonte
testid	frontend/src/pages/ControlRoom.tsx:639	cr-riga-storico
testid	frontend/src/pages/ControlRoom.tsx:656	cr-discordanza
testid	frontend/src/pages/ControlRoom.tsx:706	cr-tennis-uscite
testid	frontend/src/pages/ControlRoom.tsx:715	cr-tennis-altre-live
testid	frontend/src/pages/ControlRoom.tsx:736	cr-errore-comando
testid	frontend/src/pages/ControlRoom.tsx:744	cr-mike-resting
testid	frontend/src/pages/ControlRoom.tsx:755	cr-mike-resting-modo
testid	frontend/src/pages/ControlRoom.tsx:770	cr-errore
testid	frontend/src/pages/ControlRoom.tsx:871	cr-catena-dettagli
testid	frontend/src/pages/ControlRoom.tsx:926	cr-catena
testid	frontend/src/pages/ControlRoom.tsx:932	cr-schermo
testid	frontend/src/pages/ControlRoom.tsx:942	cr-catena-operazione
testid	frontend/src/pages/ControlRoom.tsx:966	cr-collo
testid	frontend/src/pages/ControlRoom.tsx:1013	cr-testata
testid	frontend/src/pages/ControlRoom.tsx:1034	cr-impianto-stop
testid	frontend/src/pages/ControlRoom.tsx:1035	cr-impianto
testid	frontend/src/pages/ControlRoom.tsx:1045	cr-bots
testid	frontend/src/pages/ControlRoom.tsx:1049	cr-feed
testid	frontend/src/pages/ControlRoom.tsx:1055	cr-feed-sorgente
testid	frontend/src/pages/ControlRoom.tsx:1062	cr-dati-riassunto
testid	frontend/src/pages/ControlRoom.tsx:1065	cr-dati-dettaglio
testid	frontend/src/pages/ControlRoom.tsx:1071	cr-fonte-scan
testid	frontend/src/pages/ControlRoom.tsx:1077	cr-fonte-stato-scanner
testid	frontend/src/pages/ControlRoom.tsx:1084	cr-fonte-righe
testid	frontend/src/pages/ControlRoom.tsx:1091	cr-fonte-righe-${b}
testid	frontend/src/pages/ControlRoom.tsx:1101	cr-ricarica
button	frontend/src/pages/ControlRoom.tsx:1101	Button
testid	frontend/src/pages/ControlRoom.tsx:1125	cr-freni
testid	frontend/src/pages/ControlRoom.tsx:1149	cr-parametri-non-letti
testid	frontend/src/pages/ControlRoom.tsx:1180	cr-bot-${b.bot}
testid	frontend/src/pages/ControlRoom.tsx:1187	cr-bot-statoservizio-${b.bot}
testid	frontend/src/pages/ControlRoom.tsx:1189	cr-bot-modo-${b.bot}
testid	frontend/src/pages/ControlRoom.tsx:1191	cr-bot-uscite-${b.bot}
testid	frontend/src/pages/ControlRoom.tsx:1194	cr-bot-aggiornato-${b.bot}
testid	frontend/src/pages/ControlRoom.tsx:1199	cr-bot-fonte-${b.bot}
testid	frontend/src/pages/ControlRoom.tsx:1246	testId
testid	frontend/src/pages/ControlRoom.tsx:1302	stato === 'pre' ? 'cr-elenco-pre' : 'cr-elenco-live'
testid	frontend/src/pages/ControlRoom.tsx:1317	cr-copertura
testid	frontend/src/pages/ControlRoom.tsx:1431	cr-aperta-${e.eventId}
testid	frontend/src/pages/ControlRoom.tsx:1466	cr-posizioni
testid	frontend/src/pages/ControlRoom.tsx:1471	cr-aperte-conteggi
testid	frontend/src/pages/ControlRoom.tsx:1479	cr-aperte-banner-live
testid	frontend/src/pages/ControlRoom.tsx:1493	cr-aperte-live
testid	frontend/src/pages/ControlRoom.tsx:1496	cr-aperte-live-conta
testid	frontend/src/pages/ControlRoom.tsx:1503	cr-aperte-prova
testid	frontend/src/pages/ControlRoom.tsx:1506	cr-aperte-prova-conta
testid	frontend/src/pages/ControlRoom.tsx:1526	cr-tab-aperte-conta
testid	frontend/src/pages/ControlRoom.tsx:1574	testId
testid	frontend/src/pages/ControlRoom.tsx:1600	cr-scheda-fuori-programma
testid	frontend/src/pages/ControlRoom.tsx:1630	cr-posizione
testid	frontend/src/pages/ControlRoom.tsx:1663	cr-pos-dettaglio
testid	frontend/src/pages/ControlRoom.tsx:1679	cr-chiusura-viva
testid	frontend/src/pages/ControlRoom.tsx:1688	cr-chiusura-prezzo
testid	frontend/src/pages/ControlRoom.tsx:1690	cr-bloccabile
testid	frontend/src/pages/ControlRoom.tsx:1700	cr-chiusura-fonte
export	frontend/src/pages/Dashboard.tsx:18	function Dashboard
button	frontend/src/pages/Dashboard.tsx:110	Button
button	frontend/src/pages/Dashboard.tsx:120	Button
button	frontend/src/pages/Dashboard.tsx:131	Button
button	frontend/src/pages/Dashboard.tsx:142	Button
testid	frontend/src/pages/Dashboard.tsx:146	torna-control-room
button	frontend/src/pages/Dashboard.tsx:162	Button
testid	frontend/src/pages/Dashboard.tsx:166	nav-control-room
button	frontend/src/pages/Dashboard.tsx:172	Button
button	frontend/src/pages/Dashboard.tsx:177	Button
button	frontend/src/pages/Dashboard.tsx:182	Button
button	frontend/src/pages/Dashboard.tsx:187	Button
button	frontend/src/pages/Dashboard.tsx:192	Button
button	frontend/src/pages/Dashboard.tsx:197	Button
button	frontend/src/pages/Dashboard.tsx:205	Button
button	frontend/src/pages/Dashboard.tsx:228	Button
button	frontend/src/pages/Dashboard.tsx:238	Button
export	frontend/src/pages/LadderPopout.tsx:13	function LadderPopout
export	frontend/src/pages/LandingPage.tsx:15	function LandingPage
export	frontend/src/pages/LivePnl.tsx:197	function LivePnl
input	frontend/src/pages/LivePnl.tsx:334	input
input	frontend/src/pages/LivePnl.tsx:343	select
testid	frontend/src/pages/LivePnl.tsx:366	livepnl-realizzato-lordo
testid	frontend/src/pages/LivePnl.tsx:378	livepnl-posizioni
testid	frontend/src/pages/LivePnl.tsx:379	livepnl-fonte-posizioni
export	frontend/src/pages/MarketWatch.tsx:102	function MtmDueModi
testid	frontend/src/pages/MarketWatch.tsx:110	mw-mtm-modi
testid	frontend/src/pages/MarketWatch.tsx:112	mw-mtm-live
testid	frontend/src/pages/MarketWatch.tsx:116	mw-mtm-paper
export	frontend/src/pages/MarketWatch.tsx:123	function RischioDueModi
testid	frontend/src/pages/MarketWatch.tsx:126	mw-rischio-modi
testid	frontend/src/pages/MarketWatch.tsx:127	mw-rischio-live
testid	frontend/src/pages/MarketWatch.tsx:130	mw-rischio-paper
export	frontend/src/pages/MarketWatch.tsx:160	function MarketWatch
button	frontend/src/pages/MarketWatch.tsx:396	button
testid	frontend/src/pages/MarketWatch.tsx:459	mw-tennis-finita
testid	frontend/src/pages/MarketWatch.tsx:464	mw-tennis-live
export	frontend/src/pages/MatchReplay.tsx:105	function MatchReplay
button	frontend/src/pages/MatchReplay.tsx:856	Button
button	frontend/src/pages/MatchReplay.tsx:861	Button
button	frontend/src/pages/MatchReplay.tsx:982	Button
button	frontend/src/pages/MatchReplay.tsx:1024	button
button	frontend/src/pages/MatchReplay.tsx:1059	button
button	frontend/src/pages/MatchReplay.tsx:1075	button
button	frontend/src/pages/MatchReplay.tsx:1089	button
button	frontend/src/pages/MatchReplay.tsx:1100	button
input	frontend/src/pages/MatchReplay.tsx:1134	select
button	frontend/src/pages/MatchReplay.tsx:1154	Button
testid	frontend/src/pages/MatchReplay.tsx:1187	avviso-seek
testid	frontend/src/pages/MatchReplay.tsx:1190	cursore-esatto
export	frontend/src/pages/Mike.tsx:74	function Mike
testid	frontend/src/pages/Mike.tsx:257	mike-avvisi-righe
testid	frontend/src/pages/Mike.tsx:260	mike-righe-troncate
testid	frontend/src/pages/Mike.tsx:268	mike-righe-altra-modalita
testid	frontend/src/pages/Mike.tsx:346	mike-match-card
testid	frontend/src/pages/Mike.tsx:366	mike-card-${e.event_id}
testid	frontend/src/pages/Mike.tsx:425	mike-canale-locale
testid	frontend/src/pages/Mike.tsx:474	mike-allarme-modalita-mista
testid	frontend/src/pages/Mike.tsx:489	mike-live-non-abilitato
testid	frontend/src/pages/Mike.tsx:547	mike-daily-stop
testid	frontend/src/pages/Mike.tsx:548	mike-pnl-today-sub
testid	frontend/src/pages/Mike.tsx:551	mike-pnl-today-fonte
testid	frontend/src/pages/Mike.tsx:566	mike-liability-sub
testid	frontend/src/pages/Mike.tsx:588	mike-service-stale
testid	frontend/src/pages/Mike.tsx:620	mike-cards
testid	frontend/src/pages/Mike.tsx:638	mike-section-pre
testid	frontend/src/pages/Mike.tsx:645	mike-cards-pre
testid	frontend/src/pages/Mike.tsx:653	mike-section-live
testid	frontend/src/pages/Mike.tsx:660	mike-cards-live
testid	frontend/src/pages/Mike.tsx:668	mike-section-fix
testid	frontend/src/pages/Mike.tsx:673	mike-cards-fix
testid	frontend/src/pages/Mike.tsx:698	mike-operazioni-fonte
export	frontend/src/pages/MultiLadder.tsx:23	function MultiLadder
button	frontend/src/pages/MultiLadder.tsx:91	button
button	frontend/src/pages/MultiLadder.tsx:118	button
button	frontend/src/pages/MultiLadder.tsx:145	button
button	frontend/src/pages/MultiLadder.tsx:180	button
export	frontend/src/pages/NotFound.tsx:5	function NotFound
button	frontend/src/pages/NotFound.tsx:14	Button
export	frontend/src/pages/Omega.tsx:89	function Omega
testid	frontend/src/pages/Omega.tsx:570	omega-canale-locale
testid	frontend/src/pages/Omega.tsx:665	omega-liability-bot
testid	frontend/src/pages/Omega.tsx:721	omega-altra-modalita
button	frontend/src/pages/Omega.tsx:724	button
testid	frontend/src/pages/Omega.tsx:725	omega-altra-apri-storico
testid	frontend/src/pages/Omega.tsx:775	omega-matches-summary
testid	frontend/src/pages/Omega.tsx:779	omega-storico-partite
testid	frontend/src/pages/Omega.tsx:790	omega-matches-toggle
button	frontend/src/pages/Omega.tsx:790	Button
testid	frontend/src/pages/Omega.tsx:809	omega-aperto-parziale
button	frontend/src/pages/Omega.tsx:841	Button
testid	frontend/src/pages/Omega.tsx:845	omega-activity-more
input	frontend/src/pages/ReportPersonale.tsx:148	select
input	frontend/src/pages/ReportPersonale.tsx:157	Input
input	frontend/src/pages/ReportPersonale.tsx:162	Input
input	frontend/src/pages/ReportPersonale.tsx:167	Input
button	frontend/src/pages/ReportPersonale.tsx:172	Button
button	frontend/src/pages/ReportPersonale.tsx:174	Button
input	frontend/src/pages/ReportPersonale.tsx:213	input
button	frontend/src/pages/ReportPersonale.tsx:304	Button
button	frontend/src/pages/ReportPersonale.tsx:380	Button
input	frontend/src/pages/ReportPersonale.tsx:511	Input
button	frontend/src/pages/ReportPersonale.tsx:515	Button
button	frontend/src/pages/ReportPersonale.tsx:517	Button
export	frontend/src/pages/ReportPersonale.tsx:528	function ReportPersonale
button	frontend/src/pages/ReportPersonale.tsx:591	Button
button	frontend/src/pages/ReportPersonale.tsx:596	Button
button	frontend/src/pages/ReportPersonale.tsx:615	Button
button	frontend/src/pages/ReportPersonale.tsx:619	Button
button	frontend/src/pages/ReportPersonale.tsx:633	Button
input	frontend/src/pages/ReportPersonale.tsx:645	input
input	frontend/src/pages/ReportPersonale.tsx:650	select
export	frontend/src/pages/ResetPassword.tsx:28	function ResetPassword
button	frontend/src/pages/ResetPassword.tsx:112	Button
input	frontend/src/pages/ResetPassword.tsx:138	Input
input	frontend/src/pages/ResetPassword.tsx:151	Input
button	frontend/src/pages/ResetPassword.tsx:157	Button
export	frontend/src/pages/SafeStrategy.tsx:102	function SafeStrategy
testid	frontend/src/pages/SafeStrategy.tsx:900	opp-kind-filter
button	frontend/src/pages/SafeStrategy.tsx:902	button
button	frontend/src/pages/SafeStrategy.tsx:911	button
button	frontend/src/pages/SafeStrategy.tsx:929	button
button	frontend/src/pages/SafeStrategy.tsx:941	button
testid	frontend/src/pages/SafeStrategy.tsx:960	opp-filtered-empty
testid	frontend/src/pages/SafeStrategy.tsx:1049	safe-aperto-parziale
testid	frontend/src/pages/SafeStrategy.tsx:1056	safe-trades-summary
testid	frontend/src/pages/SafeStrategy.tsx:1062	safe-trades-toggle
button	frontend/src/pages/SafeStrategy.tsx:1062	Button
testid	frontend/src/pages/SafeStrategy.tsx:1183	safe-mode-mismatch
testid	frontend/src/pages/SafeStrategy.tsx:1210	safe-live-strategies
testid	frontend/src/pages/SafeStrategy.tsx:1261	safe-execution-route
testid	frontend/src/pages/SafeStrategy.tsx:1332	safe-open-sub
testid	frontend/src/pages/SafeStrategy.tsx:1350	safe-operating-day
testid	frontend/src/pages/SafeStrategy.tsx:1366	safe-liability-sub
testid	frontend/src/pages/SafeStrategy.tsx:1369	safe-liability-reconciling
testid	frontend/src/pages/SafeStrategy.tsx:1386	safe-monitored-sub
testid	frontend/src/pages/SafeStrategy.tsx:1398	safe-pre-ko-missing
testid	frontend/src/pages/SafeStrategy.tsx:1408	safe-controllo-non-applicato
testid	frontend/src/pages/SafeStrategy.tsx:1418	safe-controllo-dato-assente
testid	frontend/src/pages/SafeStrategy.tsx:1449	safe-altra-modalita
button	frontend/src/pages/SafeStrategy.tsx:1452	button
testid	frontend/src/pages/SafeStrategy.tsx:1453	safe-altra-apri-storico
testid	frontend/src/pages/SafeStrategy.tsx:1601	history-sport-filter
button	frontend/src/pages/SafeStrategy.tsx:1607	button
testid	frontend/src/pages/SafeStrategy.tsx:1645	safe-activity-note
button	frontend/src/pages/SafeStrategy.tsx:1654	Button
testid	frontend/src/pages/SafeStrategy.tsx:1658	safe-activity-critical-toggle
storage	frontend/src/pages/SeguiLive.tsx:101	localStorage getItem toolStorageKey(eventId
storage	frontend/src/pages/SeguiLive.tsx:292	localStorage setItem toolStorageKey(eventId
button	frontend/src/pages/SeguiLive.tsx:601	Button
button	frontend/src/pages/SeguiLive.tsx:613	Button
button	frontend/src/pages/SeguiLive.tsx:624	Button
button	frontend/src/pages/SeguiLive.tsx:667	Button
button	frontend/src/pages/SeguiLive.tsx:689	button
button	frontend/src/pages/SeguiLive.tsx:735	button
button	frontend/src/pages/SeguiLive.tsx:789	button
export	frontend/src/pages/SeguiLive.tsx:872	function AttachProgress
testid	frontend/src/pages/SeguiLive.tsx:919	spia-runner
export	frontend/src/pages/SeguiLive.tsx:959	type AperturaPartita
export	frontend/src/pages/SeguiLive.tsx:961	function SeguiLive
button	frontend/src/pages/SeguiLive.tsx:1180	Button
button	frontend/src/pages/SeguiLive.tsx:1185	Button
button	frontend/src/pages/SeguiLive.tsx:1190	Button
button	frontend/src/pages/SeguiLive.tsx:1195	Button
button	frontend/src/pages/SeguiLive.tsx:1200	Button
button	frontend/src/pages/SeguiLive.tsx:1225	Button
button	frontend/src/pages/SeguiLive.tsx:1231	Button
testid	frontend/src/pages/SeguiLive.tsx:1232	torna-control-room
button	frontend/src/pages/SeguiLive.tsx:1239	Button
button	frontend/src/pages/SeguiLive.tsx:1256	Button
export	frontend/src/pages/SelectSport.tsx:82	function SelectSport
button	frontend/src/pages/SelectSport.tsx:111	Button
testid	frontend/src/pages/SelectSport.tsx:115	nav-control-room
button	frontend/src/pages/SelectSport.tsx:120	Button
export	frontend/src/pages/StoricoSport.tsx:64	interface StoricoSportProps
export	frontend/src/pages/StoricoSport.tsx:70	function StoricoSport
testid	frontend/src/pages/StoricoSport.tsx:230	storico-filtri
testid	frontend/src/pages/StoricoSport.tsx:251	storico-intervallo
testid	frontend/src/pages/StoricoSport.tsx:256	storico-copertura-tutto
testid	frontend/src/pages/StoricoSport.tsx:264	storico-errore
testid	frontend/src/pages/StoricoSport.tsx:271	storico-giornata-ripiego
testid	frontend/src/pages/StoricoSport.tsx:299	storico-kpi-pnl-fonte
testid	frontend/src/pages/StoricoSport.tsx:339	storico-manca-stake
testid	frontend/src/pages/StoricoSport.tsx:351	storico-modo-non-separabile
testid	frontend/src/pages/StoricoSport.tsx:368	storico-misto-${a.bot}
testid	frontend/src/pages/StoricoSport.tsx:380	storico-bot-in-errore
testid	frontend/src/pages/StoricoSport.tsx:390	storico-per-bot
testid	frontend/src/pages/StoricoSport.tsx:422	storico-riga-totale
testid	frontend/src/pages/StoricoSport.tsx:451	storico-senza-storico
testid	frontend/src/pages/StoricoSport.tsx:457	storico-assente-${f.id}
testid	frontend/src/pages/StoricoSport.tsx:470	storico-bot-scelto-misto
testid	frontend/src/pages/StoricoSport.tsx:487	storico-barre
testid	frontend/src/pages/StoricoSport.tsx:508	storico-calendario
testid	frontend/src/pages/StoricoSport.tsx:523	storico-calendario-nota
testid	frontend/src/pages/StoricoSport.tsx:533	storico-dettaglio-giorno
testid	frontend/src/pages/StoricoSport.tsx:562	storico-altro-sport
testid	frontend/src/pages/StoricoSport.tsx:579	storico-testata
testid	frontend/src/pages/StoricoSport.tsx:592	storico-testata-altro
testid	frontend/src/pages/StoricoSport.tsx:602	storico-testata-modo
button	frontend/src/pages/StoricoSport.tsx:606	button
testid	frontend/src/pages/StoricoSport.tsx:607	storico-testata-live
button	frontend/src/pages/StoricoSport.tsx:610	button
testid	frontend/src/pages/StoricoSport.tsx:611	storico-testata-paper
button	frontend/src/pages/StoricoSport.tsx:615	Button
testid	frontend/src/pages/StoricoSport.tsx:616	storico-ricarica
testid	frontend/src/pages/StoricoSport.tsx:629	storico-bot-riga-${a.bot}
testid	frontend/src/pages/StoricoSport.tsx:632	storico-bot-pnl-${a.bot}
testid	frontend/src/pages/StoricoSport.tsx:665	storico-dettaglio-${d.bot}
testid	frontend/src/pages/StoricoSport.tsx:675	storico-dettaglio-nota-${d.bot}
button	frontend/src/pages/StoricoSport.tsx:710	button
testid	frontend/src/pages/StoricoSport.tsx:711	testId
export	frontend/src/pages/StoricoSport.tsx:722	function StoricoCalcio
export	frontend/src/pages/StoricoSport.tsx:723	function StoricoTennis
export	frontend/src/pages/TennisDashboard.tsx:13	function TennisDashboard
export	frontend/src/pages/TennisReplay.tsx:96	const NOTA_OPPORTUNITA_TENNIS
export	frontend/src/pages/TennisReplay.tsx:111	function TennisReplay
testid	frontend/src/pages/TennisReplay.tsx:543	tennis-replay-errore
testid	frontend/src/pages/TennisReplay.tsx:573	tennis-replay-simulatore
button	frontend/src/pages/TennisReplay.tsx:578	Button
testid	frontend/src/pages/TennisReplay.tsx:584	tennis-replay-testata
testid	frontend/src/pages/TennisReplay.tsx:590	tennis-replay-set
testid	frontend/src/pages/TennisReplay.tsx:595	tennis-replay-stato
button	frontend/src/pages/TennisReplay.tsx:615	button
button	frontend/src/pages/TennisReplay.tsx:649	button
button	frontend/src/pages/TennisReplay.tsx:659	button
button	frontend/src/pages/TennisReplay.tsx:665	button
button	frontend/src/pages/TennisReplay.tsx:670	button
input	frontend/src/pages/TennisReplay.tsx:689	select
button	frontend/src/pages/TennisReplay.tsx:699	Button
testid	frontend/src/pages/TennisReplay.tsx:730	avviso-seek
testid	frontend/src/pages/TennisReplay.tsx:733	cursore-esatto
testid	frontend/src/pages/TennisReplay.tsx:751	tennis-replay-nota-opportunita
testid	frontend/src/pages/TennisReplay.tsx:789	tennis-replay-tabellone
export	frontend/src/pages/TennisTerminal.tsx:31	function TennisTerminal
button	frontend/src/pages/TennisTerminal.tsx:142	button
button	frontend/src/pages/TennisTerminal.tsx:208	button
button	frontend/src/pages/TennisTerminal.tsx:231	button
button	frontend/src/pages/TennisTerminal.tsx:288	button
export	frontend/src/pages/TradeJournal.tsx:82	function TradeJournal
input	frontend/src/pages/TradeJournal.tsx:173	select
input	frontend/src/pages/TradeJournal.tsx:179	select
input	frontend/src/pages/TradeJournal.tsx:184	select
input	frontend/src/pages/TradeJournal.tsx:190	input
input	frontend/src/pages/TradeJournal.tsx:197	input
input	frontend/src/pages/TradeJournal.tsx:277	input
input	frontend/src/pages/TradeJournal.tsx:285	input
button	frontend/src/pages/TradeJournal.tsx:293	button
export	frontend/src/pages/Watchlist.tsx:28	function Watchlist
button	frontend/src/pages/Watchlist.tsx:82	Button
button	frontend/src/pages/Watchlist.tsx:87	Button
export	frontend/src/test/forzaSupabaseFinto.ts:25	const SUPABASE_URL_FINTO
export	frontend/src/test/forzaSupabaseFinto.ts:26	const SUPABASE_ANON_KEY_FINTO
export	frontend/src/test/forzaSupabaseFinto.ts:28	function forzaSupabaseFinto
