modulo	file	righe	test	n_imp_non_test	n_imp_test	has_main	riferito_da_non_py
AGGIORNA_CAMPO_db_json_analisi	AGGIORNA_CAMPO_db_json_analisi.py	404	0	0	0	1	
ARCHITETTURA_2026-10.strumenti.sessione_sdk	ARCHITETTURA_2026-10/strumenti/sessione_sdk.py	211	0	0	0	1	
AUDIT_2026-09-25.e2e_fase1.strumenti.e2e	AUDIT_2026-09-25/e2e_fase1/strumenti/e2e.py	194	0	0	0	1	
AUDIT_2026-09-25.e2e_fase1.strumenti.p32_netto	AUDIT_2026-09-25/e2e_fase1/strumenti/p32_netto.py	44	0	0	0	0	
AUDIT_2026-09-25.e2e_fase1.strumenti.riassunto	AUDIT_2026-09-25/e2e_fase1/strumenti/riassunto.py	18	0	0	0	0	
AUDIT_2026-09-25.e2e_fase1.strumenti.sonda	AUDIT_2026-09-25/e2e_fase1/strumenti/sonda.py	89	0	0	0	1	
AUDIT_2026-09-25.e2e_fase2.agg_referto_2	AUDIT_2026-09-25/e2e_fase2/agg_referto_2.py	75	0	0	0	0	
AUDIT_2026-09-25.e2e_fase2.agg_referto_cieco	AUDIT_2026-09-25/e2e_fase2/agg_referto_cieco.py	70	0	0	0	0	
AUDIT_2026-09-25.e2e_fase2.agg_referto_cieco2	AUDIT_2026-09-25/e2e_fase2/agg_referto_cieco2.py	25	0	0	0	0	
AUDIT_2026-09-25.e2e_fase2.agg_referto_crash	AUDIT_2026-09-25/e2e_fase2/agg_referto_crash.py	71	0	0	0	0	
AUDIT_2026-09-25.e2e_fase2.agg_referto_finale	AUDIT_2026-09-25/e2e_fase2/agg_referto_finale.py	115	0	0	0	0	
AUDIT_2026-09-25.e2e_fase2.agg_referto_freno2	AUDIT_2026-09-25/e2e_fase2/agg_referto_freno2.py	32	0	0	0	0	
AUDIT_2026-09-25.e2e_fase2.agg_referto_r2	AUDIT_2026-09-25/e2e_fase2/agg_referto_r2.py	61	0	0	0	0	
AUDIT_2026-09-25.e2e_fase2.agg_referto_r3	AUDIT_2026-09-25/e2e_fase2/agg_referto_r3.py	47	0	0	0	0	
AUDIT_2026-09-25.e2e_fase2.ascolto_canali	AUDIT_2026-09-25/e2e_fase2/ascolto_canali.py	96	0	0	0	1	
AUDIT_2026-09-25.e2e_fase2.ascolto_leggero	AUDIT_2026-09-25/e2e_fase2/ascolto_leggero.py	79	0	0	0	1	
AUDIT_2026-09-25.e2e_fase2.ascolto_scanner	AUDIT_2026-09-25/e2e_fase2/ascolto_scanner.py	69	0	0	0	1	
AUDIT_2026-09-25.e2e_fase2.attesa_freno	AUDIT_2026-09-25/e2e_fase2/attesa_freno.py	48	0	0	0	0	
AUDIT_2026-09-25.e2e_fase2.confronto_d	AUDIT_2026-09-25/e2e_fase2/confronto_d.py	97	0	0	0	0	
AUDIT_2026-09-25.e2e_fase2.conta_freno	AUDIT_2026-09-25/e2e_fase2/conta_freno.py	55	0	0	0	0	
AUDIT_2026-09-25.e2e_fase2.diff_foto	AUDIT_2026-09-25/e2e_fase2/diff_foto.py	26	0	0	0	0	
AUDIT_2026-09-25.e2e_fase2.finestra_canali	AUDIT_2026-09-25/e2e_fase2/finestra_canali.py	30	0	0	0	0	
AUDIT_2026-09-25.e2e_fase2.isp_safe	AUDIT_2026-09-25/e2e_fase2/isp_safe.py	13	0	0	0	0	
AUDIT_2026-09-25.e2e_fase2.ladder_fasce	AUDIT_2026-09-25/e2e_fase2/ladder_fasce.py	41	0	0	0	0	
AUDIT_2026-09-25.e2e_fase2.raccolta_db	AUDIT_2026-09-25/e2e_fase2/raccolta_db.py	84	0	0	0	1	
AUDIT_2026-09-25.e2e_fase2.riassunto_canali	AUDIT_2026-09-25/e2e_fase2/riassunto_canali.py	27	0	0	0	0	
AUDIT_2026-09-25.e2e_fase2.sentinella	AUDIT_2026-09-25/e2e_fase2/sentinella.py	64	0	0	0	0	
AUDIT_2026-09-25.e2e_fase2.sintesi_b	AUDIT_2026-09-25/e2e_fase2/sintesi_b.py	12	0	0	0	0	
AUDIT_2026-09-25.e2e_fase2.sonda_automode_analisi	AUDIT_2026-09-25/e2e_fase2/sonda_automode_analisi.py	79	0	0	0	1	
AUDIT_2026-09-25.e2e_fase2.sonda_automode_armate	AUDIT_2026-09-25/e2e_fase2/sonda_automode_armate.py	189	0	0	0	1	
AUDIT_2026-09-25.e2e_fase2.sonda_automode_ascolto	AUDIT_2026-09-25/e2e_fase2/sonda_automode_ascolto.py	194	0	0	0	1	
AUDIT_2026-09-25.e2e_fase2.sonda_automode_db	AUDIT_2026-09-25/e2e_fase2/sonda_automode_db.py	37	0	3	0	1	
AUDIT_2026-09-25.e2e_fase2.sonda_automode_safe_checklist	AUDIT_2026-09-25/e2e_fase2/sonda_automode_safe_checklist.py	304	0	0	0	1	
AUDIT_2026-09-25.e2e_fase2.sonda_catchup_mapper	AUDIT_2026-09-25/e2e_fase2/sonda_catchup_mapper.py	14	0	0	0	0	
AUDIT_2026-09-25.e2e_fase2.sonda_catchup_quota	AUDIT_2026-09-25/e2e_fase2/sonda_catchup_quota.py	154	0	0	0	1	
AUDIT_2026-09-25.e2e_fase2.sonda_catchup_riserva	AUDIT_2026-09-25/e2e_fase2/sonda_catchup_riserva.py	34	0	0	0	0	
AUDIT_2026-09-25.e2e_fase2.sonda_catchup_stato	AUDIT_2026-09-25/e2e_fase2/sonda_catchup_stato.py	66	0	0	0	0	
AUDIT_2026-09-25.e2e_fase2.sonda_catchup_stato2	AUDIT_2026-09-25/e2e_fase2/sonda_catchup_stato2.py	30	0	0	0	0	
AUDIT_2026-09-25.e2e_fase2.sonda_fase3_canali	AUDIT_2026-09-25/e2e_fase2/sonda_fase3_canali.py	42	0	0	0	1	
AUDIT_2026-09-25.e2e_fase2.sonda_fase3_db	AUDIT_2026-09-25/e2e_fase2/sonda_fase3_db.py	27	0	0	0	1	
AUDIT_2026-09-25.e2e_fase2.sonda_feed_atlante_71_analisi	AUDIT_2026-09-25/e2e_fase2/sonda_feed_atlante_71_analisi.py	66	0	0	0	0	
AUDIT_2026-09-25.e2e_fase2.sonda_feed_atlante_71_monitor	AUDIT_2026-09-25/e2e_fase2/sonda_feed_atlante_71_monitor.py	94	0	0	0	1	
AUDIT_2026-09-25.e2e_fase2.sonda_feed_atlante_73_stato	AUDIT_2026-09-25/e2e_fase2/sonda_feed_atlante_73_stato.py	76	0	0	0	0	
AUDIT_2026-09-25.e2e_fase2.sonda_feed_atlante_791_feed	AUDIT_2026-09-25/e2e_fase2/sonda_feed_atlante_791_feed.py	211	0	0	0	0	
AUDIT_2026-09-25.e2e_fase2.sonda_feed_atlante_793_bot	AUDIT_2026-09-25/e2e_fase2/sonda_feed_atlante_793_bot.py	65	0	0	0	0	
AUDIT_2026-09-25.e2e_fase2.sonda_feed_atlante_793_confronto_bot	AUDIT_2026-09-25/e2e_fase2/sonda_feed_atlante_793_confronto_bot.py	87	0	0	0	0	
AUDIT_2026-09-25.e2e_fase2.sonda_feed_atlante_793_ips	AUDIT_2026-09-25/e2e_fase2/sonda_feed_atlante_793_ips.py	46	0	0	0	0	
AUDIT_2026-09-25.e2e_fase2.sonda_feed_atlante_793_ricalcolo	AUDIT_2026-09-25/e2e_fase2/sonda_feed_atlante_793_ricalcolo.py	435	0	1	0	1	
AUDIT_2026-09-25.e2e_fase2.sonda_feed_atlante_db	AUDIT_2026-09-25/e2e_fase2/sonda_feed_atlante_db.py	42	0	6	0	1	
AUDIT_2026-09-25.e2e_fase2.sonda_libro_a	AUDIT_2026-09-25/e2e_fase2/sonda_libro_a.py	122	0	0	0	0	
AUDIT_2026-09-25.e2e_fase2.sonda_ordini_ascolto	AUDIT_2026-09-25/e2e_fase2/sonda_ordini_ascolto.py	111	0	0	0	1	
AUDIT_2026-09-25.e2e_fase2.sonda_ordini_catena	AUDIT_2026-09-25/e2e_fase2/sonda_ordini_catena.py	218	0	2	0	1	
AUDIT_2026-09-25.e2e_fase2.sonda_ordini_db	AUDIT_2026-09-25/e2e_fase2/sonda_ordini_db.py	38	0	1	0	1	
AUDIT_2026-09-25.e2e_fase2.sonda_ordini_mike	AUDIT_2026-09-25/e2e_fase2/sonda_ordini_mike.py	29	0	0	0	0	
AUDIT_2026-09-25.e2e_fase2.sonda_ordini_riavvio2	AUDIT_2026-09-25/e2e_fase2/sonda_ordini_riavvio2.py	128	0	0	0	1	
AUDIT_2026-09-25.e2e_fase2.topic_canale	AUDIT_2026-09-25/e2e_fase2/topic_canale.py	20	0	0	0	0	
AUDIT_2026-09-25.e2e_fase2.verifica_mike_aperti	AUDIT_2026-09-25/e2e_fase2/verifica_mike_aperti.py	103	0	0	0	1	
AUDIT_2026-09-25.e2e_fase2.verifica_mike_b	AUDIT_2026-09-25/e2e_fase2/verifica_mike_b.py	32	0	0	0	0	
AUDIT_2026-09-25.e2e_fase2.verifica_mike_c	AUDIT_2026-09-25/e2e_fase2/verifica_mike_c.py	32	0	0	0	0	
AUDIT_2026-09-25.e2e_fase2.verifica_omega_b	AUDIT_2026-09-25/e2e_fase2/verifica_omega_b.py	160	0	0	0	1	
AUDIT_2026-09-25.e2e_fase2.verifica_pnl	AUDIT_2026-09-25/e2e_fase2/verifica_pnl.py	62	0	0	0	0	
AUDIT_2026-09-25.e2e_fase2.verifica_safe_c	AUDIT_2026-09-25/e2e_fase2/verifica_safe_c.py	98	0	0	0	0	
AUDIT_2026-09-25.e2e_fase2.vm_struttura	AUDIT_2026-09-25/e2e_fase2/vm_struttura.py	12	0	0	0	0	
AUDIT_2026-09-25.e2e_fase2_z0.analisi_canali	AUDIT_2026-09-25/e2e_fase2_z0/analisi_canali.py	26	0	0	0	0	
AUDIT_2026-09-25.e2e_fase2_z0.analisi_semantica_A	AUDIT_2026-09-25/e2e_fase2_z0/analisi_semantica_A.py	22	0	0	0	0	
AUDIT_2026-09-25.e2e_fase2_z0.estrai_inventario	AUDIT_2026-09-25/e2e_fase2_z0/estrai_inventario.py	17	0	0	0	0	
AUDIT_2026-09-25.e2e_fase2_z0.lettore_canali	AUDIT_2026-09-25/e2e_fase2_z0/lettore_canali.py	116	0	0	0	0	
AUDIT_2026-09-25.e2e_fase2_z0.semantica_A	AUDIT_2026-09-25/e2e_fase2_z0/semantica_A.py	114	0	0	0	0	
AUDIT_2026-09-25.e2e_fase3_sessB.estrai	AUDIT_2026-09-25/e2e_fase3_sessB/estrai.py	20	0	0	0	0	
AUDIT_2026-09-25.e2e_fase3_sessB.verifica_direzione	AUDIT_2026-09-25/e2e_fase3_sessB/verifica_direzione.py	156	0	0	0	1	
AUDIT_2026-09-25.e2e_fase3_sessB.verifica_modelli	AUDIT_2026-09-25/e2e_fase3_sessB/verifica_modelli.py	215	0	0	0	1	
AUDIT_2026-09-25.e2e_fase3_sessB.vlog	AUDIT_2026-09-25/e2e_fase3_sessB/vlog.py	10	0	0	0	0	
AUDIT_2026-09-25.f0_tempi.falsifica_f0	AUDIT_2026-09-25/f0_tempi/falsifica_f0.py	107	0	0	0	1	
AUDIT_2026-09-25.fix_b_pagine.ascii_migrazione	AUDIT_2026-09-25/fix_b_pagine/ascii_migrazione.py	12	0	0	0	0	
AUDIT_2026-09-25.fix_b_pagine.falsifica	AUDIT_2026-09-25/fix_b_pagine/falsifica.py	67	0	0	0	0	
AUDIT_2026-09-25.fix_b_pagine.genera_sonda_ritardi	AUDIT_2026-09-25/fix_b_pagine/genera_sonda_ritardi.py	56	0	0	0	1	
AUDIT_2026-09-25.fix_b_pagine.md5fn	AUDIT_2026-09-25/fix_b_pagine/md5fn.py	8	0	0	0	0	
AUDIT_2026-09-25.fix_b_pagine.sostituisci	AUDIT_2026-09-25/fix_b_pagine/sostituisci.py	18	0	0	0	0	
AUDIT_2026-09-25.genera_patch_o1_m1_o5	AUDIT_2026-09-25/genera_patch_o1_m1_o5.py	15	0	0	0	0	
AUDIT_2026-09-25.misure_action	AUDIT_2026-09-25/misure_action.py	57	0	0	0	0	
AUDIT_2026-09-25.mutazioni_audit5_tacticai	AUDIT_2026-09-25/mutazioni_audit5_tacticai.py	76	0	0	0	1	
AUDIT_2026-09-25.mutazioni_auto_follow	AUDIT_2026-09-25/mutazioni_auto_follow.py	148	0	0	0	1	
AUDIT_2026-09-25.mutazioni_backfill_automatico	AUDIT_2026-09-25/mutazioni_backfill_automatico.py	211	0	0	0	0	
AUDIT_2026-09-25.mutazioni_catchup_p4	AUDIT_2026-09-25/mutazioni_catchup_p4.py	216	0	0	0	0	
AUDIT_2026-09-25.mutazioni_default_acceso_2026-09-25	AUDIT_2026-09-25/mutazioni_default_acceso_2026-09-25.py	62	0	0	0	1	
AUDIT_2026-09-25.mutazioni_dryrun_esecuzione	AUDIT_2026-09-25/mutazioni_dryrun_esecuzione.py	200	0	0	0	1	
AUDIT_2026-09-25.mutazioni_o5_rossi_2026-09-25	AUDIT_2026-09-25/mutazioni_o5_rossi_2026-09-25.py	83	0	0	0	1	
AUDIT_2026-09-25.mutazioni_safe_lambda_2026-09-25	AUDIT_2026-09-25/mutazioni_safe_lambda_2026-09-25.py	60	0	0	0	1	
AUDIT_2026-09-25.mutazioni_scalper_auto_mode	AUDIT_2026-09-25/mutazioni_scalper_auto_mode.py	194	0	0	0	1	
AUDIT_2026-09-25.mutazioni_schede_abbinamento	AUDIT_2026-09-25/mutazioni_schede_abbinamento.py	153	0	0	0	1	
AUDIT_2026-09-25.mutazioni_schede_residui	AUDIT_2026-09-25/mutazioni_schede_residui.py	144	0	0	0	1	
AUDIT_2026-09-25.mutazioni_tennis_auto_mode	AUDIT_2026-09-25/mutazioni_tennis_auto_mode.py	113	0	0	0	1	
AUDIT_2026-09-25.mutazioni_tennis_iscrizione_a_caldo	AUDIT_2026-09-25/mutazioni_tennis_iscrizione_a_caldo.py	141	0	0	0	1	
AUDIT_2026-09-25.mutazioni_tennis_pro_superficie_2026-09-25	AUDIT_2026-09-25/mutazioni_tennis_pro_superficie_2026-09-25.py	123	0	0	0	1	
AUDIT_2026-09-25.oro_o5_griglia_v3_2026-09-25	AUDIT_2026-09-25/oro_o5_griglia_v3_2026-09-25.py	30	0	0	0	0	
AUDIT_2026-09-25.prova_preflight_atlante	AUDIT_2026-09-25/prova_preflight_atlante.py	57	0	0	0	0	
AUDIT_2026-09-25.sonde.confronto_lookup_head	AUDIT_2026-09-25/sonde/confronto_lookup_head.py	41	0	0	0	0	
AUDIT_2026-09-25.sonde.costo_forza_v4	AUDIT_2026-09-25/sonde/costo_forza_v4.py	128	0	0	0	1	
AUDIT_2026-09-25.sonde.costo_v4_collegato	AUDIT_2026-09-25/sonde/costo_v4_collegato.py	129	0	0	0	1	
AUDIT_2026-09-25.sonde.d5_copertura_sola_lettura	AUDIT_2026-09-25/sonde/d5_copertura_sola_lettura.py	30	0	0	0	0	
AUDIT_2026-09-25.sonde.d5_forma_quote_sola_lettura	AUDIT_2026-09-25/sonde/d5_forma_quote_sola_lettura.py	27	0	0	0	0	
AUDIT_2026-09-25.sonde.d5_misura_super_favorito	AUDIT_2026-09-25/sonde/d5_misura_super_favorito.py	184	0	0	0	1	
AUDIT_2026-09-25.sonde.d5_round_finali_sola_lettura	AUDIT_2026-09-25/sonde/d5_round_finali_sola_lettura.py	25	0	0	0	0	
AUDIT_2026-09-25.sonde.d5_schema_sola_lettura	AUDIT_2026-09-25/sonde/d5_schema_sola_lettura.py	35	0	0	0	0	
AUDIT_2026-09-25.sonde.esempi_note_forza	AUDIT_2026-09-25/sonde/esempi_note_forza.py	83	0	0	0	1	
AUDIT_2026-09-25.sonde.esempi_note_v4	AUDIT_2026-09-25/sonde/esempi_note_v4.py	29	0	0	0	0	
AUDIT_2026-09-25.sonde.falsificazioni	AUDIT_2026-09-25/sonde/falsificazioni.py	144	0	0	0	0	
AUDIT_2026-09-25.sonde.falsificazioni_forza_v4	AUDIT_2026-09-25/sonde/falsificazioni_forza_v4.py	142	0	0	0	1	
AUDIT_2026-09-25.sonde.falsificazioni_v4_collegato	AUDIT_2026-09-25/sonde/falsificazioni_v4_collegato.py	117	0	0	0	1	
AUDIT_2026-09-25.sonde.misura_leghe_giorno	AUDIT_2026-09-25/sonde/misura_leghe_giorno.py	76	0	0	0	0	
AUDIT_2026-09-25.sonde.mutazioni_safe_d5	AUDIT_2026-09-25/sonde/mutazioni_safe_d5.py	151	0	0	0	1	
AUDIT_2026-09-25.sonde.mutazioni_safe_d5_ts	AUDIT_2026-09-25/sonde/mutazioni_safe_d5_ts.py	86	0	0	0	1	
AUDIT_2026-09-25.sonde.mutazioni_safe_q1_q4_q5	AUDIT_2026-09-25/sonde/mutazioni_safe_q1_q4_q5.py	133	0	0	0	1	
AUDIT_2026-09-25.sonde.mutazioni_safe_q7_q12	AUDIT_2026-09-25/sonde/mutazioni_safe_q7_q12.py	141	0	0	0	1	
AUDIT_2026-09-25.sonde.mutazioni_safe_ts_25_09	AUDIT_2026-09-25/sonde/mutazioni_safe_ts_25_09.py	91	0	0	0	1	
AUDIT_2026-09-25.sonde.mutazioni_uscite_automatiche	AUDIT_2026-09-25/sonde/mutazioni_uscite_automatiche.py	127	0	0	0	0	
AUDIT_2026-09-25.sonde.mutazioni_uscite_frontend	AUDIT_2026-09-25/sonde/mutazioni_uscite_frontend.py	63	0	0	0	0	
AUDIT_2026-09-25.sonde.p4_conta_stagioni_mai_caricate	AUDIT_2026-09-25/sonde/p4_conta_stagioni_mai_caricate.py	83	0	0	0	0	
AUDIT_2026-09-25.sonde.p4_margine_medio_log	AUDIT_2026-09-25/sonde/p4_margine_medio_log.py	22	0	0	0	0	
AUDIT_2026-09-25.sonde.p4_sonda_get	AUDIT_2026-09-25/sonde/p4_sonda_get.py	25	0	0	0	0	
AUDIT_2026-09-25.sonde.sonda_db_colonna_extra	AUDIT_2026-09-25/sonde/sonda_db_colonna_extra.py	54	0	0	0	1	
AUDIT_2026-09-25.sonde.sonda_minuto_ips_recupero	AUDIT_2026-09-25/sonde/sonda_minuto_ips_recupero.py	38	0	0	0	0	
AUDIT_2026-09-25.strada_unica.falsifica	AUDIT_2026-09-25/strada_unica/falsifica.py	95	0	0	0	1	
AUDIT_2026-09-25.strada_unica.falsifica_rapidi	AUDIT_2026-09-25/strada_unica/falsifica_rapidi.py	53	0	0	0	1	
AUDIT_2026-09-25.tennis_unificazione.falsifica	AUDIT_2026-09-25/tennis_unificazione/falsifica.py	192	0	0	0	1	
AUDIT_2026-09-25.tennis_unificazione.strumenti.edit_iac	AUDIT_2026-09-25/tennis_unificazione/strumenti/edit_iac.py	56	0	0	0	0	
AUDIT_2026-09-25.tennis_unificazione.strumenti.edit_j4_c1	AUDIT_2026-09-25/tennis_unificazione/strumenti/edit_j4_c1.py	94	0	0	0	0	
AUDIT_2026-09-25.tennis_unificazione.strumenti.edit_j4_fix	AUDIT_2026-09-25/tennis_unificazione/strumenti/edit_j4_fix.py	17	0	0	0	0	
AUDIT_2026-09-25.tennis_unificazione.strumenti.edit_motore	AUDIT_2026-09-25/tennis_unificazione/strumenti/edit_motore.py	69	0	0	0	0	
AUDIT_2026-09-25.tennis_unificazione.strumenti.edit_porta_banco	AUDIT_2026-09-25/tennis_unificazione/strumenti/edit_porta_banco.py	322	0	0	0	0	
AUDIT_2026-09-25.tennis_unificazione.strumenti.edit_runner_tennis	AUDIT_2026-09-25/tennis_unificazione/strumenti/edit_runner_tennis.py	381	0	0	0	0	
AUDIT_2026-09-25.tennis_unificazione.strumenti.edit_runner_tennis_2	AUDIT_2026-09-25/tennis_unificazione/strumenti/edit_runner_tennis_2.py	86	0	0	0	0	
AUDIT_2026-09-25.tennis_unificazione.strumenti.edit_safe_annullo	AUDIT_2026-09-25/tennis_unificazione/strumenti/edit_safe_annullo.py	37	0	0	0	0	
AUDIT_2026-09-25.tennis_unificazione.strumenti.edit_trasporto	AUDIT_2026-09-25/tennis_unificazione/strumenti/edit_trasporto.py	68	0	0	0	0	
AUDIT_2026-09-25.tennis_unificazione.strumenti.edit_trasporto_rapido	AUDIT_2026-09-25/tennis_unificazione/strumenti/edit_trasporto_rapido.py	391	0	0	0	0	
AUDIT_2026-09-25.tennis_unificazione.strumenti.edit_worker_tennis	AUDIT_2026-09-25/tennis_unificazione/strumenti/edit_worker_tennis.py	290	0	0	0	0	
AUDIT_2026-09-25.validazione_hazard.falsificazioni	AUDIT_2026-09-25/validazione_hazard/falsificazioni.py	139	0	0	0	1	
AUDIT_2026-09-25.validazione_hazard.per_lega	AUDIT_2026-09-25/validazione_hazard/per_lega.py	47	0	0	0	0	
AUDIT_2026-09-25.validazione_hazard.rotture_v4	AUDIT_2026-09-25/validazione_hazard/rotture_v4.py	29	0	0	0	0	
AUDIT_2026-09-25.validazione_hazard.scrivi_patch	AUDIT_2026-09-25/validazione_hazard/scrivi_patch.py	20	0	0	0	0	
AUDIT_2026-09-25.validazione_hazard.sonde.costo_modulo	AUDIT_2026-09-25/validazione_hazard/sonde/costo_modulo.py	32	0	0	0	0	
AUDIT_2026-09-25.validazione_hazard.sonde.diagnosi_85_90	AUDIT_2026-09-25/validazione_hazard/sonde/diagnosi_85_90.py	38	0	0	0	0	
AUDIT_2026-09-25.validazione_hazard.sonde.diagnosi_extra_2025	AUDIT_2026-09-25/validazione_hazard/sonde/diagnosi_extra_2025.py	25	0	0	0	0	
AUDIT_2026-09-25.validazione_hazard.sonde.diagnosi_extra_2025b	AUDIT_2026-09-25/validazione_hazard/sonde/diagnosi_extra_2025b.py	24	0	0	0	0	
AUDIT_2026-09-25.validazione_hazard.sonde.esplora_cache	AUDIT_2026-09-25/validazione_hazard/sonde/esplora_cache.py	72	0	0	0	0	
AUDIT_2026-09-25.validazione_hazard.sonde.prova_parita	AUDIT_2026-09-25/validazione_hazard/sonde/prova_parita.py	21	0	0	0	0	
AUDIT_2026-09-25.validazione_hazard.sonde.prova_stati	AUDIT_2026-09-25/validazione_hazard/sonde/prova_stati.py	33	0	0	0	0	
AUDIT_2026-09-25.validazione_hazard.sonde.sonda1_colonne	AUDIT_2026-09-25/validazione_hazard/sonde/sonda1_colonne.py	44	0	0	0	0	
AUDIT_2026-09-25.validazione_hazard.sonde.sonda2_copertura	AUDIT_2026-09-25/validazione_hazard/sonde/sonda2_copertura.py	59	0	0	0	0	
AUDIT_2026-09-25.validazione_hazard.sonde.sonda3_leghe_piccole	AUDIT_2026-09-25/validazione_hazard/sonde/sonda3_leghe_piccole.py	33	0	0	0	0	
AUDIT_2026-09-25.validazione_hazard.sonde.sonda4_conta_piccole	AUDIT_2026-09-25/validazione_hazard/sonde/sonda4_conta_piccole.py	47	0	0	0	0	
AUDIT_2026-09-25.validazione_hazard.sonde.sonda5_filtri	AUDIT_2026-09-25/validazione_hazard/sonde/sonda5_filtri.py	22	0	0	0	0	
AUDIT_2026-09-25.validazione_hazard.sonde.sonda6_minute_extra	AUDIT_2026-09-25/validazione_hazard/sonde/sonda6_minute_extra.py	24	0	0	0	0	
AUDIT_2026-09-25.validazione_hazard.tabelle_test	AUDIT_2026-09-25/validazione_hazard/tabelle_test.py	114	1	0	0	0	
AUDIT_2026-09-25.verifica_patch_su_master	AUDIT_2026-09-25/verifica_patch_su_master.py	22	0	0	0	0	
AUDIT_2026-09-26.falsifica_fix_dati_action_atlante	AUDIT_2026-09-26/falsifica_fix_dati_action_atlante.py	92	0	0	0	1	
AUDIT_2026-09-26.falsifica_fix_scalper_paper_fill	AUDIT_2026-09-26/falsifica_fix_scalper_paper_fill.py	104	0	0	0	1	
AUDIT_2026-09-26.falsifica_fix_ui_pagine	AUDIT_2026-09-26/falsifica_fix_ui_pagine.py	140	0	0	0	1	
AUDIT_2026-09-26.falsifica_k1	AUDIT_2026-09-26/falsifica_k1.py	137	0	0	0	1	
AUDIT_2026-09-26.falsifica_log_figli	AUDIT_2026-09-26/falsifica_log_figli.py	75	0	0	0	1	
AUDIT_2026-09-26.falsifica_motore_canale	AUDIT_2026-09-26/falsifica_motore_canale.py	72	0	0	0	0	
AUDIT_2026-09-26.falsifica_stallo	AUDIT_2026-09-26/falsifica_stallo.py	144	0	0	0	1	
AUDIT_2026-09-26.falsifica_tennis_chiusura	AUDIT_2026-09-26/falsifica_tennis_chiusura.py	95	0	0	0	1	
AUDIT_2026-09-26.falsifica_terminal_f11	AUDIT_2026-09-26/falsifica_terminal_f11.py	62	0	0	0	1	
AUDIT_2026-09-28.cantiere_c.controllo_consegna	AUDIT_2026-09-28/cantiere_c/controllo_consegna.py	36	0	0	0	0	
AUDIT_2026-09-28.cantiere_c.falsifica_c	AUDIT_2026-09-28/cantiere_c/falsifica_c.py	181	0	0	0	1	
AUDIT_2026-09-28.cantiere_d2.falsifica_d2	AUDIT_2026-09-28/cantiere_d2/falsifica_d2.py	240	0	0	0	1	
AUDIT_2026-09-28.cantiere_d2.mutazioni_avanza	AUDIT_2026-09-28/cantiere_d2/mutazioni_avanza.py	126	0	0	0	1	
AUDIT_2026-09-28.cantiere_d2.mutazioni_coordinatore_d2	AUDIT_2026-09-28/cantiere_d2/mutazioni_coordinatore_d2.py	195	0	0	0	1	
AUDIT_2026-09-28.cantiere_j2.falsifica_j2	AUDIT_2026-09-28/cantiere_j2/falsifica_j2.py	401	0	0	0	1	
AUDIT_2026-09-28.cantiere_n.ascii_righe_nuove	AUDIT_2026-09-28/cantiere_n/ascii_righe_nuove.py	62	0	0	0	1	
AUDIT_2026-09-28.cantiere_n.dividi_patch	AUDIT_2026-09-28/cantiere_n/dividi_patch.py	160	0	0	0	1	
AUDIT_2026-09-28.cantiere_n.falsifica_n	AUDIT_2026-09-28/cantiere_n/falsifica_n.py	272	0	0	0	1	
AUDIT_2026-09-28.cantiere_n.falsifica_n3	AUDIT_2026-09-28/cantiere_n/falsifica_n3.py	234	0	0	0	1	
AUDIT_2026-09-28.cantiere_n.inserisci_b7	AUDIT_2026-09-28/cantiere_n/inserisci_b7.py	19	0	0	0	0	
AUDIT_2026-09-28.cantiere_n.inserisci_sezioni	AUDIT_2026-09-28/cantiere_n/inserisci_sezioni.py	19	0	0	0	0	
AUDIT_2026-09-28.cantiere_n.patch_sniper	AUDIT_2026-09-28/cantiere_n/patch_sniper.py	147	0	0	0	1	
AUDIT_2026-09-28.cantiere_n.patch_tennis_scalper	AUDIT_2026-09-28/cantiere_n/patch_tennis_scalper.py	197	0	0	0	1	
AUDIT_2026-09-28.cantiere_n.risolvi_conflitto_sessione	AUDIT_2026-09-28/cantiere_n/risolvi_conflitto_sessione.py	16	0	0	0	0	
AUDIT_2026-09-28.cantiere_n.sonda_uf2	AUDIT_2026-09-28/cantiere_n/sonda_uf2.py	75	0	0	0	1	
AUDIT_2026-09-28.cantiere_n.sostituisci_classe	AUDIT_2026-09-28/cantiere_n/sostituisci_classe.py	20	0	0	0	0	
AUDIT_2026-09-28.cantiere_p.falsifica_p	AUDIT_2026-09-28/cantiere_p/falsifica_p.py	208	0	0	0	1	
AUDIT_2026-09-28.cantiere_t.falsifica_t	AUDIT_2026-09-28/cantiere_t/falsifica_t.py	112	0	0	0	1	
AUDIT_2026-09-28.d1.falsifica	AUDIT_2026-09-28/d1/falsifica.py	49	0	0	0	1	
AUDIT_2026-09-28.d1ter.falsifica	AUDIT_2026-09-28/d1ter/falsifica.py	168	0	0	0	1	
AUDIT_2026-09-28.falsifica_cantiere_b	AUDIT_2026-09-28/falsifica_cantiere_b.py	211	0	0	0	1	
AUDIT_2026-09-28.falsifica_fine_evento	AUDIT_2026-09-28/falsifica_fine_evento.py	290	0	0	0	1	
AUDIT_2026-09-28.genera_fixture_auto_follow	AUDIT_2026-09-28/genera_fixture_auto_follow.py	47	0	0	0	1	
AUDIT_2026-09-28.mutazioni_coordinatore.mutazioni_coordinatore_d1ter	AUDIT_2026-09-28/mutazioni_coordinatore/mutazioni_coordinatore_d1ter.py	128	0	0	0	1	
AUDIT_2026-09-28.mutazioni_coordinatore.mutazioni_coordinatore_j2_p	AUDIT_2026-09-28/mutazioni_coordinatore/mutazioni_coordinatore_j2_p.py	143	0	0	0	1	
AUDIT_2026-09-28.mutazioni_coordinatore.mutazioni_coordinatore_n	AUDIT_2026-09-28/mutazioni_coordinatore/mutazioni_coordinatore_n.py	172	0	0	0	1	
AUDIT_2026-09-28.mutazioni_coordinatore.mutazioni_coordinatore_s	AUDIT_2026-09-28/mutazioni_coordinatore/mutazioni_coordinatore_s.py	110	0	0	0	1	
AUDIT_2026-09-28.mutazioni_coordinatore.mutazioni_coordinatore_s3	AUDIT_2026-09-28/mutazioni_coordinatore/mutazioni_coordinatore_s3.py	96	0	0	0	1	
AUDIT_2026-09-28.mutazioni_coordinatore.mutazioni_coordinatore_s4	AUDIT_2026-09-28/mutazioni_coordinatore/mutazioni_coordinatore_s4.py	79	0	0	0	1	
AUDIT_2026-09-28.mutazioni_coordinatore.mutazioni_coordinatore_sbis	AUDIT_2026-09-28/mutazioni_coordinatore/mutazioni_coordinatore_sbis.py	98	0	0	0	1	
AUDIT_2026-09-28.mutazioni_coordinatore.mutazioni_coordinatore_u	AUDIT_2026-09-28/mutazioni_coordinatore/mutazioni_coordinatore_u.py	96	0	0	0	1	
AUDIT_2026-09-28.mutazioni_coordinatore_d1bis	AUDIT_2026-09-28/mutazioni_coordinatore_d1bis.py	113	0	0	0	1	
AUDIT_2026-09-28.mutazioni_coordinatore_k2	AUDIT_2026-09-28/mutazioni_coordinatore_k2.py	140	0	0	0	1	
AUDIT_2026-09-28.replay.cantiere_v.sonda_tempo_replay	AUDIT_2026-09-28/replay/cantiere_v/sonda_tempo_replay.py	46	0	0	0	1	
AUDIT_2026-09-28.sonda_stream_runner	AUDIT_2026-09-28/sonda_stream_runner.py	46	0	0	0	0	
AUDIT_2026-09-29.mutazioni_coordinatore.mutazioni_coordinatore_mike_p1	AUDIT_2026-09-29/mutazioni_coordinatore/mutazioni_coordinatore_mike_p1.py	93	0	0	0	1	
AUDIT_2026-09-29.mutazioni_coordinatore.mutazioni_coordinatore_mike_p2_p4_2	AUDIT_2026-09-29/mutazioni_coordinatore/mutazioni_coordinatore_mike_p2_p4_2.py	189	0	0	0	1	
AUDIT_2026-09-29.mutazioni_coordinatore.mutazioni_coordinatore_mike_p2bis_p5_2	AUDIT_2026-09-29/mutazioni_coordinatore/mutazioni_coordinatore_mike_p2bis_p5_2.py	171	0	0	0	1	
AUDIT_2026-09-29.mutazioni_coordinatore.mutazioni_coordinatore_mike_p3_p4_3	AUDIT_2026-09-29/mutazioni_coordinatore/mutazioni_coordinatore_mike_p3_p4_3.py	117	0	0	0	1	
AUDIT_2026-09-29.mutazioni_coordinatore.mutazioni_coordinatore_mike_p4_1	AUDIT_2026-09-29/mutazioni_coordinatore/mutazioni_coordinatore_mike_p4_1.py	93	0	0	0	1	
AUDIT_2026-09-29.mutazioni_coordinatore.mutazioni_coordinatore_mike_p5_1	AUDIT_2026-09-29/mutazioni_coordinatore/mutazioni_coordinatore_mike_p5_1.py	144	0	0	0	1	
AUDIT_2026-09-29.mutazioni_coordinatore.mutazioni_coordinatore_mike_p5_4	AUDIT_2026-09-29/mutazioni_coordinatore/mutazioni_coordinatore_mike_p5_4.py	113	0	0	0	1	
AUDIT_2026-09-29.mutazioni_coordinatore.sonda_forma_banca	AUDIT_2026-09-29/mutazioni_coordinatore/sonda_forma_banca.py	40	0	0	0	1	
AUDIT_2026-09-30.app_tabellone.falsifica_board	AUDIT_2026-09-30/app_tabellone/falsifica_board.py	28	0	0	0	0	
AUDIT_2026-09-30.app_tabellone.falsifica_mike_ondata2	AUDIT_2026-09-30/app_tabellone/falsifica_mike_ondata2.py	121	0	0	0	1	
AUDIT_2026-09-30.app_tabellone.falsifica_riga_tennis	AUDIT_2026-09-30/app_tabellone/falsifica_riga_tennis.py	20	0	0	0	0	
AUDIT_2026-09-30.app_tabellone.falsifica_riga_tennis_inversa	AUDIT_2026-09-30/app_tabellone/falsifica_riga_tennis_inversa.py	21	0	0	0	0	
AUDIT_2026-09-30.app_tabellone.sonda_board_canale	AUDIT_2026-09-30/app_tabellone/sonda_board_canale.py	27	0	0	0	0	
AUDIT_2026-09-30.app_tabellone.sonda_board_confronto	AUDIT_2026-09-30/app_tabellone/sonda_board_confronto.py	37	0	0	0	0	
AUDIT_2026-09-30.app_tabellone.sonda_board_feed	AUDIT_2026-09-30/app_tabellone/sonda_board_feed.py	34	0	0	0	0	
AUDIT_2026-09-30.app_tabellone.sonda_board_flumine	AUDIT_2026-09-30/app_tabellone/sonda_board_flumine.py	22	0	0	0	0	
AUDIT_2026-09-30.app_tabellone.sonda_board_intero	AUDIT_2026-09-30/app_tabellone/sonda_board_intero.py	23	0	0	0	0	
AUDIT_2026-09-30.app_tabellone.sonda_board_rest	AUDIT_2026-09-30/app_tabellone/sonda_board_rest.py	30	0	0	0	0	
AUDIT_2026-09-30.app_tabellone.sonda_conteggio_migrazione	AUDIT_2026-09-30/app_tabellone/sonda_conteggio_migrazione.py	17	0	0	0	0	
AUDIT_2026-09-30.app_tabellone.sonda_riga_tennis	AUDIT_2026-09-30/app_tabellone/sonda_riga_tennis.py	25	0	0	0	0	
AUDIT_2026-09-30.ereditato_29_09.mike_p5_delegato.confronta_referti	AUDIT_2026-09-30/ereditato_29_09/mike_p5_delegato/confronta_referti.py	48	0	0	0	1	
AUDIT_2026-09-30.ereditato_29_09.mike_p5_delegato.fai_patch	AUDIT_2026-09-30/ereditato_29_09/mike_p5_delegato/fai_patch.py	14	0	0	0	0	
AUDIT_2026-09-30.ereditato_29_09.mike_p5_delegato.falsifica_mike_p5_1	AUDIT_2026-09-30/ereditato_29_09/mike_p5_delegato/falsifica_mike_p5_1.py	100	0	0	0	1	
AUDIT_2026-09-30.ereditato_29_09.mike_p5_delegato.falsifica_mike_p5_2	AUDIT_2026-09-30/ereditato_29_09/mike_p5_delegato/falsifica_mike_p5_2.py	113	0	6	0	1	
AUDIT_2026-09-30.ereditato_29_09.mike_p5_delegato.falsifica_mike_p5_2b	AUDIT_2026-09-30/ereditato_29_09/mike_p5_delegato/falsifica_mike_p5_2b.py	38	0	0	0	1	
AUDIT_2026-09-30.ereditato_29_09.mike_p5_delegato.falsifica_mike_p5_3	AUDIT_2026-09-30/ereditato_29_09/mike_p5_delegato/falsifica_mike_p5_3.py	37	0	0	0	1	
AUDIT_2026-09-30.ereditato_29_09.mike_p5_delegato.falsifica_mike_p5_4	AUDIT_2026-09-30/ereditato_29_09/mike_p5_delegato/falsifica_mike_p5_4.py	38	0	0	0	1	
AUDIT_2026-09-30.ereditato_29_09.mike_p5_delegato.falsifica_mike_p5_4b	AUDIT_2026-09-30/ereditato_29_09/mike_p5_delegato/falsifica_mike_p5_4b.py	39	0	0	0	1	
AUDIT_2026-09-30.ereditato_29_09.mike_p5_delegato.falsifica_mike_p5_4c	AUDIT_2026-09-30/ereditato_29_09/mike_p5_delegato/falsifica_mike_p5_4c.py	27	0	0	0	1	
AUDIT_2026-09-30.ereditato_29_09.mike_p5_delegato.falsifica_mike_p5_5	AUDIT_2026-09-30/ereditato_29_09/mike_p5_delegato/falsifica_mike_p5_5.py	28	0	0	0	1	
AUDIT_2026-09-30.ereditato_29_09.mike_p5_delegato.fissa_forma_di_prima	AUDIT_2026-09-30/ereditato_29_09/mike_p5_delegato/fissa_forma_di_prima.py	36	0	0	0	0	
AUDIT_2026-09-30.ereditato_29_09.mike_p5_delegato.mostra_test	AUDIT_2026-09-30/ereditato_29_09/mike_p5_delegato/mostra_test.py	16	1	0	0	0	
AUDIT_2026-09-30.ereditato_29_09.sonda_indagine.analizza	AUDIT_2026-09-30/ereditato_29_09/sonda_indagine/analizza.py	44	0	0	0	0	
AUDIT_2026-09-30.ereditato_29_09.sonda_indagine.attivita	AUDIT_2026-09-30/ereditato_29_09/sonda_indagine/attivita.py	18	0	0	0	0	
AUDIT_2026-09-30.ereditato_29_09.sonda_indagine.conta_flusso	AUDIT_2026-09-30/ereditato_29_09/sonda_indagine/conta_flusso.py	11	0	0	0	0	
AUDIT_2026-09-30.ereditato_29_09.sonda_indagine.episodi_flusso	AUDIT_2026-09-30/ereditato_29_09/sonda_indagine/episodi_flusso.py	20	0	0	0	0	
AUDIT_2026-09-30.ereditato_29_09.sonda_indagine.riassunto	AUDIT_2026-09-30/ereditato_29_09/sonda_indagine/riassunto.py	14	0	0	0	0	
AUDIT_2026-09-30.ereditato_29_09.sonda_indagine.riga_ou	AUDIT_2026-09-30/ereditato_29_09/sonda_indagine/riga_ou.py	17	0	0	0	0	
AUDIT_2026-09-30.ereditato_29_09.sonda_indagine.sonda_mercato_deciso	AUDIT_2026-09-30/ereditato_29_09/sonda_indagine/sonda_mercato_deciso.py	141	0	0	0	0	
AUDIT_2026-09-30.ereditato_29_09.sonda_indagine.stati_mercati_raw	AUDIT_2026-09-30/ereditato_29_09/sonda_indagine/stati_mercati_raw.py	49	0	0	0	0	
AUDIT_2026-09-30.ereditato_29_09.sonda_indagine.tabella	AUDIT_2026-09-30/ereditato_29_09/sonda_indagine/tabella.py	47	0	0	0	0	
AUDIT_2026-09-30.falsifica_mike_ondata2	AUDIT_2026-09-30/falsifica_mike_ondata2.py	121	0	0	0	1	
AUDIT_2026-09-30.falsifica_pnl_reale_conto	AUDIT_2026-09-30/falsifica_pnl_reale_conto.py	175	0	0	0	1	
AUDIT_2026-09-30.falsifica_pnl_reale_conto_replay	AUDIT_2026-09-30/falsifica_pnl_reale_conto_replay.py	50	0	0	0	1	
AUDIT_2026-09-30.ko_green_3_minuti.falsifica_ko_green_3_minuti	AUDIT_2026-09-30/ko_green_3_minuti/falsifica_ko_green_3_minuti.py	162	0	0	0	1	
AUDIT_2026-09-30.ko_green_3_minuti.sonda_fine_riga	AUDIT_2026-09-30/ko_green_3_minuti/sonda_fine_riga.py	21	0	0	0	0	
AUDIT_2026-09-30.ko_green_3_minuti.sonda_guasto_banca_fischio	AUDIT_2026-09-30/ko_green_3_minuti/sonda_guasto_banca_fischio.py	36	0	0	0	0	
AUDIT_2026-09-30.sonda_arretrati_prova	AUDIT_2026-09-30/sonda_arretrati_prova.py	79	0	0	0	0	
AUDIT_2026-10-01.MIKE_CHIUSURA_COPERTURA_falsifica	AUDIT_2026-10-01/MIKE_CHIUSURA_COPERTURA_falsifica.py	133	0	0	0	1	
AUDIT_2026-10-01.REDESIGN.confronto2.strumenti.affianca	AUDIT_2026-10-01/REDESIGN/confronto2/strumenti/affianca.py	18	0	0	0	0	
AUDIT_2026-10-01.REDESIGN.confronto2.strumenti.confronta_png	AUDIT_2026-10-01/REDESIGN/confronto2/strumenti/confronta_png.py	16	0	0	0	0	
AUDIT_2026-10-01.REDESIGN.confronto2.strumenti.solo_classi	AUDIT_2026-10-01/REDESIGN/confronto2/strumenti/solo_classi.py	22	0	0	0	0	
AUDIT_2026-10-01.confronta_referti	AUDIT_2026-10-01/confronta_referti.py	40	0	0	0	0	
AUDIT_2026-10-01.falsifica_bot_mai_ciechi	AUDIT_2026-10-01/falsifica_bot_mai_ciechi.py	58	0	0	0	0	
AUDIT_2026-10-01.falsifica_bot_mai_ciechi_extra	AUDIT_2026-10-01/falsifica_bot_mai_ciechi_extra.py	34	0	0	0	0	
AUDIT_2026-10-01.falsifica_runner_minimi	AUDIT_2026-10-01/falsifica_runner_minimi.py	61	0	0	0	0	
AUDIT_2026-10-01.sonda_motivi_mike	AUDIT_2026-10-01/sonda_motivi_mike.py	39	0	0	0	0	
AUDIT_2026-10-02.MIKE_CHIUSURA_INTEGRATA_falsifica	AUDIT_2026-10-02/MIKE_CHIUSURA_INTEGRATA_falsifica.py	177	0	0	0	1	
AUDIT_2026-10-02._fonti_betfair.estrai	AUDIT_2026-10-02/_fonti_betfair/estrai.py	20	0	0	0	0	
AUDIT_2026-10-02.ascii_escape	AUDIT_2026-10-02/ascii_escape.py	11	0	0	0	0	
AUDIT_2026-10-02.bisezione_inquinatore	AUDIT_2026-10-02/bisezione_inquinatore.py	67	0	0	0	1	
AUDIT_2026-10-02.bisezione_inquinatore_4	AUDIT_2026-10-02/bisezione_inquinatore_4.py	100	0	0	0	1	
AUDIT_2026-10-02.cerca_chiavi	AUDIT_2026-10-02/cerca_chiavi.py	14	0	0	0	0	
AUDIT_2026-10-02.cerca_delenv_env	AUDIT_2026-10-02/cerca_delenv_env.py	80	0	0	0	1	
AUDIT_2026-10-02.confronta_referti	AUDIT_2026-10-02/confronta_referti.py	48	0	0	0	0	
AUDIT_2026-10-02.confronta_referti_env	AUDIT_2026-10-02/confronta_referti_env.py	59	0	0	0	0	
AUDIT_2026-10-02.falsifica_arresto	AUDIT_2026-10-02/falsifica_arresto.py	69	0	0	0	1	
AUDIT_2026-10-02.falsifica_frontend_minori	AUDIT_2026-10-02/falsifica_frontend_minori.py	221	0	0	0	1	
AUDIT_2026-10-02.falsifica_mike_feed_stantio	AUDIT_2026-10-02/falsifica_mike_feed_stantio.py	85	0	0	0	0	
AUDIT_2026-10-02.falsifica_parita_env	AUDIT_2026-10-02/falsifica_parita_env.py	145	0	0	0	1	
AUDIT_2026-10-02.falsifica_reperto1	AUDIT_2026-10-02/falsifica_reperto1.py	75	0	0	0	1	
AUDIT_2026-10-02.falsifica_replay_veloce	AUDIT_2026-10-02/falsifica_replay_veloce.py	79	0	0	0	1	
AUDIT_2026-10-02.falsifica_revisore_runner_minimi	AUDIT_2026-10-02/falsifica_revisore_runner_minimi.py	106	0	0	0	0	
AUDIT_2026-10-02.falsifica_riconciliazione	AUDIT_2026-10-02/falsifica_riconciliazione.py	206	0	0	0	1	
AUDIT_2026-10-02.falsifica_runner_correzioni	AUDIT_2026-10-02/falsifica_runner_correzioni.py	230	0	0	0	0	
AUDIT_2026-10-02.falsifica_scanner	AUDIT_2026-10-02/falsifica_scanner.py	246	0	0	0	1	
AUDIT_2026-10-02.falsifica_test_isolamento	AUDIT_2026-10-02/falsifica_test_isolamento.py	139	0	0	0	1	
AUDIT_2026-10-02.falsifica_test_isolamento_2	AUDIT_2026-10-02/falsifica_test_isolamento_2.py	214	0	0	0	1	
AUDIT_2026-10-02.falsifica_test_isolamento_3	AUDIT_2026-10-02/falsifica_test_isolamento_3.py	86	0	0	0	1	
AUDIT_2026-10-02.falsifica_test_isolamento_4	AUDIT_2026-10-02/falsifica_test_isolamento_4.py	76	0	0	0	1	
AUDIT_2026-10-02.misura_ab	AUDIT_2026-10-02/misura_ab.py	51	0	0	0	1	
AUDIT_2026-10-02.ordine_test_plugin	AUDIT_2026-10-02/ordine_test_plugin.py	38	0	0	0	0	
AUDIT_2026-10-02.ripara_mojibake	AUDIT_2026-10-02/ripara_mojibake.py	59	0	0	0	1	
AUDIT_2026-10-02.sonda_azioni_mike_scenario	AUDIT_2026-10-02/sonda_azioni_mike_scenario.py	62	0	0	0	0	
AUDIT_2026-10-02.sonda_calcoli_runner_minimi	AUDIT_2026-10-02/sonda_calcoli_runner_minimi.py	69	0	0	0	0	
AUDIT_2026-10-02.sonda_diario_azioni	AUDIT_2026-10-02/sonda_diario_azioni.py	39	0	0	0	0	
AUDIT_2026-10-02.sonda_latenza_motore	AUDIT_2026-10-02/sonda_latenza_motore.py	16	0	0	0	0	
AUDIT_2026-10-02.sonda_leggi_tracce	AUDIT_2026-10-02/sonda_leggi_tracce.py	15	0	0	0	0	
AUDIT_2026-10-02.sonda_r9	AUDIT_2026-10-02/sonda_r9.py	152	0	0	0	1	
AUDIT_2026-10-02.tabella_predefiniti	AUDIT_2026-10-02/tabella_predefiniti.py	192	0	0	0	1	
AUDIT_2026-10-02.verifica_mojibake	AUDIT_2026-10-02/verifica_mojibake.py	60	0	0	0	0	
AUDIT_2026-10-04.strumenti.confronta_referti	AUDIT_2026-10-04/strumenti/confronta_referti.py	28	0	0	0	0	
AUDIT_2026-10-04.strumenti.falsifica	AUDIT_2026-10-04/strumenti/falsifica.py	324	0	0	0	1	
AUDIT_2026-10-04.strumenti.falsifica3_extra	AUDIT_2026-10-04/strumenti/falsifica3_extra.py	17	0	1	0	0	
AUDIT_2026-10-04.strumenti.falsifica_cert_pro_scalper	AUDIT_2026-10-04/strumenti/falsifica_cert_pro_scalper.py	42	0	0	0	0	
AUDIT_2026-10-04.strumenti.falsifica_decisione1_pro_scalper	AUDIT_2026-10-04/strumenti/falsifica_decisione1_pro_scalper.py	86	0	0	0	0	
AUDIT_2026-10-04.strumenti.falsifica_tetto_tennis	AUDIT_2026-10-04/strumenti/falsifica_tetto_tennis.py	264	0	0	0	1	
AUDIT_2026-10-04.strumenti.falsifica_worker_flb_swing	AUDIT_2026-10-04/strumenti/falsifica_worker_flb_swing.py	40	0	0	0	0	
AUDIT_2026-10-04.strumenti.misura_arrotondamenti_scalper_tennis	AUDIT_2026-10-04/strumenti/misura_arrotondamenti_scalper_tennis.py	42	0	0	0	0	
AUDIT_2026-10-04.strumenti.mutazioni_punte_050	AUDIT_2026-10-04/strumenti/mutazioni_punte_050.py	95	0	0	0	0	
AUDIT_2026-10-04.strumenti.mutazioni_safe_omega_punte_050	AUDIT_2026-10-04/strumenti/mutazioni_safe_omega_punte_050.py	96	0	0	0	0	
AUDIT_2026-10-04.strumenti.replay_con_tetto	AUDIT_2026-10-04/strumenti/replay_con_tetto.py	28	0	0	0	0	
AUDIT_2026-10-04.strumenti.riassunto_scenari	AUDIT_2026-10-04/strumenti/riassunto_scenari.py	38	0	0	0	0	
AUDIT_2026-10-04.strumenti.rinumera_tradotti_punte_050	AUDIT_2026-10-04/strumenti/rinumera_tradotti_punte_050.py	32	0	0	0	0	
AUDIT_2026-10-05.strumenti.confronta_non_regressione	AUDIT_2026-10-05/strumenti/confronta_non_regressione.py	47	0	0	0	1	
AUDIT_2026-10-05.strumenti.mutazioni_media_under	AUDIT_2026-10-05/strumenti/mutazioni_media_under.py	333	0	1	0	1	
AUDIT_2026-10-05.strumenti.mutazioni_media_under_giro2	AUDIT_2026-10-05/strumenti/mutazioni_media_under_giro2.py	236	0	0	0	1	
AUDIT_2026-10-06.strumenti.confronta_giro3	AUDIT_2026-10-06/strumenti/confronta_giro3.py	59	0	0	0	1	
AUDIT_2026-10-06.strumenti.confronta_giro4	AUDIT_2026-10-06/strumenti/confronta_giro4.py	61	0	0	0	1	
AUDIT_2026-10-06.strumenti.mutazioni_media_under_giro3	AUDIT_2026-10-06/strumenti/mutazioni_media_under_giro3.py	153	0	0	0	1	
AUDIT_2026-10-06.strumenti.mutazioni_media_under_giro4	AUDIT_2026-10-06/strumenti/mutazioni_media_under_giro4.py	190	0	0	0	1	
AUDIT_2026-10-07.conformita_calcio.strumenti.diag_safe2	AUDIT_2026-10-07/conformita_calcio/strumenti/diag_safe2.py	69	0	0	0	0	
AUDIT_2026-10-07.conformita_calcio.strumenti.diag_safe3	AUDIT_2026-10-07/conformita_calcio/strumenti/diag_safe3.py	77	0	0	0	0	
AUDIT_2026-10-07.conformita_calcio.strumenti.diag_scalper	AUDIT_2026-10-07/conformita_calcio/strumenti/diag_scalper.py	40	0	0	0	0	
AUDIT_2026-10-07.conformita_calcio.strumenti.habitat	AUDIT_2026-10-07/conformita_calcio/strumenti/habitat.py	69	0	0	0	0	
AUDIT_2026-10-07.conformita_calcio.strumenti.ladder	AUDIT_2026-10-07/conformita_calcio/strumenti/ladder.py	66	0	0	0	0	
AUDIT_2026-10-07.omega_any_other_strumenti.base_oggi	AUDIT_2026-10-07/omega_any_other_strumenti/base_oggi.py	49	0	0	0	0	
AUDIT_2026-10-07.omega_any_other_strumenti.estrai_book	AUDIT_2026-10-07/omega_any_other_strumenti/estrai_book.py	76	0	0	0	0	
AUDIT_2026-10-07.omega_any_other_strumenti.falsifica	AUDIT_2026-10-07/omega_any_other_strumenti/falsifica.py	76	0	0	0	0	
AUDIT_2026-10-07.omega_apertura_35760084.strumenti.ht_vuoto	AUDIT_2026-10-07/omega_apertura_35760084/strumenti/ht_vuoto.py	72	0	0	0	0	
AUDIT_2026-10-07.omega_apertura_35760084.strumenti.ibrido	AUDIT_2026-10-07/omega_apertura_35760084/strumenti/ibrido.py	39	0	0	0	0	
AUDIT_2026-10-07.omega_apertura_35760084.strumenti.muta	AUDIT_2026-10-07/omega_apertura_35760084/strumenti/muta.py	25	0	0	0	0	
AUDIT_2026-10-07.omega_apertura_35760084.strumenti.prova	AUDIT_2026-10-07/omega_apertura_35760084/strumenti/prova.py	25	0	0	0	0	
AUDIT_2026-10-07.omega_apertura_35760084.strumenti.sonda_flusso	AUDIT_2026-10-07/omega_apertura_35760084/strumenti/sonda_flusso.py	50	0	0	0	0	
AUDIT_2026-10-07.omega_apertura_35760084.strumenti.sonda_ht_book	AUDIT_2026-10-07/omega_apertura_35760084/strumenti/sonda_ht_book.py	45	0	0	0	0	
AUDIT_2026-10-07.omega_apertura_35760084.strumenti.sonda_modello	AUDIT_2026-10-07/omega_apertura_35760084/strumenti/sonda_modello.py	103	0	0	0	0	
AUDIT_2026-10-07.omega_apertura_35760084.strumenti.storia_mercato	AUDIT_2026-10-07/omega_apertura_35760084/strumenti/storia_mercato.py	35	0	0	0	0	
AUDIT_2026-10-07.omega_apertura_35760084.strumenti.trova_hash	AUDIT_2026-10-07/omega_apertura_35760084/strumenti/trova_hash.py	15	0	0	0	0	
AUDIT_2026-10-07.replay_conformita_tennis_pro.sonda	AUDIT_2026-10-07/replay_conformita_tennis_pro/sonda.py	67	0	0	0	0	
AUDIT_2026-10-07.replay_pro.strumenti.frames_dal_raw	AUDIT_2026-10-07/replay_pro/strumenti/frames_dal_raw.py	72	0	0	0	0	
AUDIT_2026-10-07.replay_pro.strumenti.mutazioni_py	AUDIT_2026-10-07/replay_pro/strumenti/mutazioni_py.py	43	0	0	0	0	
AUDIT_2026-10-07.replay_pro.strumenti.mutazioni_ts	AUDIT_2026-10-07/replay_pro/strumenti/mutazioni_ts.py	86	0	0	0	0	
AUDIT_2026-10-07.replay_pro.strumenti.mutazioni_ui	AUDIT_2026-10-07/replay_pro/strumenti/mutazioni_ui.py	64	0	0	0	0	
AUDIT_2026-10-07.replay_pro.strumenti.serie	AUDIT_2026-10-07/replay_pro/strumenti/serie.py	45	0	0	0	0	
AUDIT_2026-10-07.replay_scalper_chiusura_al_centesimo.diag_ordini	AUDIT_2026-10-07/replay_scalper_chiusura_al_centesimo/diag_ordini.py	68	0	0	0	0	
AUDIT_2026-10-07.replay_scalper_chiusura_al_centesimo.mutazioni	AUDIT_2026-10-07/replay_scalper_chiusura_al_centesimo/mutazioni.py	53	0	0	0	0	
AUDIT_2026-10-07.replay_tennis.curatore_calcio_prima_dopo	AUDIT_2026-10-07/replay_tennis/curatore_calcio_prima_dopo.py	108	0	0	0	1	
AUDIT_2026-10-07.replay_tennis.falsifica_frontend	AUDIT_2026-10-07/replay_tennis/falsifica_frontend.py	102	0	0	0	1	
AUDIT_2026-10-07.replay_tennis.falsifica_python	AUDIT_2026-10-07/replay_tennis/falsifica_python.py	163	0	0	0	1	
AUDIT_2026-10-07.replay_tennis.genera_fixture_frontend	AUDIT_2026-10-07/replay_tennis/genera_fixture_frontend.py	48	0	0	0	1	
AUDIT_2026-10-07.replay_tennis.verifica_migrazione_falsifica	AUDIT_2026-10-07/replay_tennis/verifica_migrazione_falsifica.py	70	0	0	0	1	
AUDIT_2026-10-07.replay_tennis.verifica_migrazione_pg	AUDIT_2026-10-07/replay_tennis/verifica_migrazione_pg.py	210	0	0	0	1	
Ai Engine.ai_engine	Ai Engine/ai_engine/__init__.py	2	0	24	1	0	
Ai Engine.ai_engine.advanced_validation	Ai Engine/ai_engine/advanced_validation.py	45	0	1	0	0	
Ai Engine.ai_engine.ai_config	Ai Engine/ai_engine/ai_config.py	27	0	2	0	0	
Ai Engine.ai_engine.analysis	Ai Engine/ai_engine/analysis/__init__.py	1	0	3	0	0	
Ai Engine.ai_engine.analysis.advanced	Ai Engine/ai_engine/analysis/advanced.py	90	0	0	0	0	
Ai Engine.ai_engine.analysis.summary	Ai Engine/ai_engine/analysis/summary.py	25	0	0	0	0	
Ai Engine.ai_engine.analysis.tools	Ai Engine/ai_engine/analysis/tools.py	41	0	0	0	0	
Ai Engine.ai_engine.audit_nulls	Ai Engine/ai_engine/audit_nulls.py	138	0	0	0	1	
Ai Engine.ai_engine.backtest	Ai Engine/ai_engine/backtest.py	490	0	0	0	1	
Ai Engine.ai_engine.bss_monitor	Ai Engine/ai_engine/bss_monitor.py	169	0	0	0	1	
Ai Engine.ai_engine.confidence_gate	Ai Engine/ai_engine/confidence_gate.py	283	0	0	0	0	
Ai Engine.ai_engine.coverage	Ai Engine/ai_engine/coverage.py	54	0	1	0	0	
Ai Engine.ai_engine.db_adapter	Ai Engine/ai_engine/db_adapter.py	442	0	3	0	0	
Ai Engine.ai_engine.elo_ratings	Ai Engine/ai_engine/elo_ratings.py	86	0	1	0	0	
Ai Engine.ai_engine.ensemble_trainer	Ai Engine/ai_engine/ensemble_trainer.py	1519	0	1	0	0	
Ai Engine.ai_engine.evaluate_holdout	Ai Engine/ai_engine/evaluate_holdout.py	265	0	0	0	1	
Ai Engine.ai_engine.feature_pipeline	Ai Engine/ai_engine/feature_pipeline.py	869	0	2	0	0	
Ai Engine.ai_engine.generate_fixture_report	Ai Engine/ai_engine/generate_fixture_report.py	192	0	0	0	1	
Ai Engine.ai_engine.market_ranking	Ai Engine/ai_engine/market_ranking.py	58	0	1	0	0	
Ai Engine.ai_engine.metrics	Ai Engine/ai_engine/metrics/__init__.py	1	0	1	0	0	
Ai Engine.ai_engine.metrics.balance	Ai Engine/ai_engine/metrics/balance.py	23	0	0	0	0	
Ai Engine.ai_engine.model_suite	Ai Engine/ai_engine/model_suite.py	189	0	1	0	0	
Ai Engine.ai_engine.models	Ai Engine/ai_engine/models/__init__.py	1	0	2	0	0	
Ai Engine.ai_engine.models.trainer	Ai Engine/ai_engine/models/trainer.py	154	0	0	0	0	
Ai Engine.ai_engine.models.voting	Ai Engine/ai_engine/models/voting.py	21	0	0	0	0	
Ai Engine.ai_engine.predict_fixture	Ai Engine/ai_engine/predict_fixture.py	1124	0	0	0	1	
Ai Engine.ai_engine.preprocessing	Ai Engine/ai_engine/preprocessing/__init__.py	1	0	4	0	0	
Ai Engine.ai_engine.preprocessing.dataset	Ai Engine/ai_engine/preprocessing/dataset.py	126	0	0	0	0	
Ai Engine.ai_engine.preprocessing.selection	Ai Engine/ai_engine/preprocessing/selection.py	148	0	0	0	0	
Ai Engine.ai_engine.preprocessing.statistics	Ai Engine/ai_engine/preprocessing/statistics.py	116	0	1	0	0	
Ai Engine.ai_engine.preprocessing.temporal_split	Ai Engine/ai_engine/preprocessing/temporal_split.py	178	0	1	0	0	
Ai Engine.ai_engine.report	Ai Engine/ai_engine/report.py	69	0	1	0	0	
Ai Engine.ai_engine.runner	Ai Engine/ai_engine/runner.py	68	0	0	0	1	
Ai Engine.ai_engine.seriea_model_export	Ai Engine/ai_engine/seriea_model_export.py	734	0	0	0	1	
Ai Engine.ai_engine.serving_batch	Ai Engine/ai_engine/serving_batch.py	109	0	0	0	1	
Ai Engine.ai_engine.targets	Ai Engine/ai_engine/targets.py	205	0	1	0	0	
Ai Engine.ai_engine.test_dataset_fixed	Ai Engine/ai_engine/test_dataset_fixed.py	19	1	0	0	0	
Ai Engine.ai_engine.tests	Ai Engine/ai_engine/tests/__init__.py	0	1	0	3	0	
Ai Engine.ai_engine.tests.test_core	Ai Engine/ai_engine/tests/test_core.py	362	1	0	0	1	
Ai Engine.ai_engine.tests.test_db_adapter_letture_2026_09_21	Ai Engine/ai_engine/tests/test_db_adapter_letture_2026_09_21.py	713	1	0	0	0	
Ai Engine.ai_engine.tests.test_standings_fanout	Ai Engine/ai_engine/tests/test_standings_fanout.py	463	1	0	0	0	
Ai Engine.ai_engine.training_dataset	Ai Engine/ai_engine/training_dataset.py	60	0	2	1	0	
Ai Engine.ai_engine.validation	Ai Engine/ai_engine/validation.py	63	0	1	0	0	
Ai Engine.ai_engine.value_betting	Ai Engine/ai_engine/value_betting.py	386	0	2	0	0	
Ai Engine.backtest_ml	Ai Engine/backtest_ml.py	273	0	0	0	1	
Betfair	Betfair/__init__.py	0	0	16	12	0	
Betfair.betfair_match	Betfair/betfair_match.py	250	0	8	1	0	
Betfair.betfair_report_manager	Betfair/betfair_report_manager.py	1737	0	0	0	1	
Betfair.cleanup_reset	Betfair/cleanup_reset.py	32	0	0	0	0	
Betfair.client	Betfair/client.py	426	0	6	1	0	
Betfair.conftest	Betfair/conftest.py	311	1	0	1	0	
Betfair.mike	Betfair/mike/__init__.py	0	0	22	117	0	
Betfair.mike.certificazione	Betfair/mike/certificazione.py	2084	0	1	19	0	
Betfair.mike.config	Betfair/mike/config.py	491	0	7	51	0	
Betfair.mike.db	Betfair/mike/db.py	693	0	5	13	0	
Betfair.mike.dossier	Betfair/mike/dossier.py	411	0	4	8	0	
Betfair.mike.engine	Betfair/mike/engine.py	5359	0	9	81	0	
Betfair.mike.feed	Betfair/mike/feed.py	583	0	2	18	0	
Betfair.mike.porta_ordini	Betfair/mike/porta_ordini.py	224	0	2	7	0	
Betfair.mike.regolato_conto	Betfair/mike/regolato_conto.py	359	0	1	1	0	
Betfair.mike.service	Betfair/mike/service.py	7551	0	3	74	1	
Betfair.mike.tests.conftest	Betfair/mike/tests/conftest.py	67	1	0	0	0	
Betfair.mike.tests.runner_finto	Betfair/mike/tests/runner_finto.py	170	1	0	4	0	
Betfair.mike.tests.test_coordinatore_firma_dopo_decadenza_2026_09_28	Betfair/mike/tests/test_coordinatore_firma_dopo_decadenza_2026_09_28.py	84	1	0	0	0	
Betfair.mike.tests.test_loss_exit_deciso_rate_limit_2026_09_26	Betfair/mike/tests/test_loss_exit_deciso_rate_limit_2026_09_26.py	29	1	0	0	0	
Betfair.mike.tests.test_mike_allineamento_ui_2026_09_15	Betfair/mike/tests/test_mike_allineamento_ui_2026_09_15.py	120	1	0	0	0	
Betfair.mike.tests.test_mike_aperture_ferme_d1quater_2026_09_29	Betfair/mike/tests/test_mike_aperture_ferme_d1quater_2026_09_29.py	152	1	0	1	0	
Betfair.mike.tests.test_mike_atlante_frame_dossier_2026_09_26	Betfair/mike/tests/test_mike_atlante_frame_dossier_2026_09_26.py	130	1	0	0	0	
Betfair.mike.tests.test_mike_audit_2026_09_11	Betfair/mike/tests/test_mike_audit_2026_09_11.py	1229	1	0	5	0	
Betfair.mike.tests.test_mike_audit_2026_09_12	Betfair/mike/tests/test_mike_audit_2026_09_12.py	880	1	0	0	0	
Betfair.mike.tests.test_mike_avvio_app_2026_09_16	Betfair/mike/tests/test_mike_avvio_app_2026_09_16.py	204	1	0	1	0	
Betfair.mike.tests.test_mike_banco_e2_2026_09_30	Betfair/mike/tests/test_mike_banco_e2_2026_09_30.py	69	1	0	0	0	
Betfair.mike.tests.test_mike_banco_memorie_processo_2026_09_30	Betfair/mike/tests/test_mike_banco_memorie_processo_2026_09_30.py	73	1	0	0	0	
Betfair.mike.tests.test_mike_banco_ondata2_2026_09_30	Betfair/mike/tests/test_mike_banco_ondata2_2026_09_30.py	501	1	0	0	0	
Betfair.mike.tests.test_mike_canale_f3_2026_09_18	Betfair/mike/tests/test_mike_canale_f3_2026_09_18.py	203	1	0	0	0	
Betfair.mike.tests.test_mike_canale_locale_2026_09_14	Betfair/mike/tests/test_mike_canale_locale_2026_09_14.py	176	1	0	0	0	
Betfair.mike.tests.test_mike_certificazione_2026_09_13	Betfair/mike/tests/test_mike_certificazione_2026_09_13.py	298	1	0	0	0	
Betfair.mike.tests.test_mike_certificazione_ui_2026_09_11	Betfair/mike/tests/test_mike_certificazione_ui_2026_09_11.py	719	1	0	0	0	
Betfair.mike.tests.test_mike_chiave_approvazione_b17_2026_09_25	Betfair/mike/tests/test_mike_chiave_approvazione_b17_2026_09_25.py	131	1	0	0	0	
Betfair.mike.tests.test_mike_chiudi_per_bot_2026_09_24	Betfair/mike/tests/test_mike_chiudi_per_bot_2026_09_24.py	152	1	0	0	0	
Betfair.mike.tests.test_mike_chiusura_copertura_2026_10_01	Betfair/mike/tests/test_mike_chiusura_copertura_2026_10_01.py	614	1	0	2	0	
Betfair.mike.tests.test_mike_chiusura_integrata_2026_10_02	Betfair/mike/tests/test_mike_chiusura_integrata_2026_10_02.py	341	1	0	0	0	
Betfair.mike.tests.test_mike_chiusura_profitto_senza_copertura_2026_10_04	Betfair/mike/tests/test_mike_chiusura_profitto_senza_copertura_2026_10_04.py	193	1	0	0	0	
Betfair.mike.tests.test_mike_config	Betfair/mike/tests/test_mike_config.py	102	1	0	0	0	
Betfair.mike.tests.test_mike_conto_dal_canale_2026_09_30	Betfair/mike/tests/test_mike_conto_dal_canale_2026_09_30.py	400	1	0	0	1	
Betfair.mike.tests.test_mike_conto_e_sovracopertura_2026_09_16	Betfair/mike/tests/test_mike_conto_e_sovracopertura_2026_09_16.py	814	1	0	1	0	
Betfair.mike.tests.test_mike_contratto_db_2026_09_14	Betfair/mike/tests/test_mike_contratto_db_2026_09_14.py	117	1	0	0	0	
Betfair.mike.tests.test_mike_contratto_ordini_2026_09_15	Betfair/mike/tests/test_mike_contratto_ordini_2026_09_15.py	249	1	0	0	0	
Betfair.mike.tests.test_mike_copertura_canale_2026_09_23	Betfair/mike/tests/test_mike_copertura_canale_2026_09_23.py	137	1	0	0	0	
Betfair.mike.tests.test_mike_copertura_prezzo_coerente_2026_10_04	Betfair/mike/tests/test_mike_copertura_prezzo_coerente_2026_10_04.py	338	1	0	0	0	
Betfair.mike.tests.test_mike_d1_aggregati_per_modalita_2026_09_28	Betfair/mike/tests/test_mike_d1_aggregati_per_modalita_2026_09_28.py	141	1	0	0	0	
Betfair.mike.tests.test_mike_d1_paper_sul_runner_2026_09_29	Betfair/mike/tests/test_mike_d1_paper_sul_runner_2026_09_29.py	272	1	0	1	0	
Betfair.mike.tests.test_mike_d1_regolazione_al_riavvio_2026_09_28	Betfair/mike/tests/test_mike_d1_regolazione_al_riavvio_2026_09_28.py	169	1	0	0	0	
Betfair.mike.tests.test_mike_d1_riserva_orfana_2026_09_28	Betfair/mike/tests/test_mike_d1_riserva_orfana_2026_09_28.py	346	1	0	0	0	
Betfair.mike.tests.test_mike_d1bis_freno_coperture_runner_2026_09_28	Betfair/mike/tests/test_mike_d1bis_freno_coperture_runner_2026_09_28.py	264	1	0	2	0	
Betfair.mike.tests.test_mike_d1ter_esito_ignoto_runner_2026_09_28	Betfair/mike/tests/test_mike_d1ter_esito_ignoto_runner_2026_09_28.py	177	1	0	0	0	
Betfair.mike.tests.test_mike_d1ter_submin_fok_parita_2026_09_28	Betfair/mike/tests/test_mike_d1ter_submin_fok_parita_2026_09_28.py	203	1	0	0	0	
Betfair.mike.tests.test_mike_dossier	Betfair/mike/tests/test_mike_dossier.py	138	1	0	0	0	
Betfair.mike.tests.test_mike_engine	Betfair/mike/tests/test_mike_engine.py	1111	1	0	17	0	
Betfair.mike.tests.test_mike_engine_cert_2026_09_12	Betfair/mike/tests/test_mike_engine_cert_2026_09_12.py	790	1	0	0	0	
Betfair.mike.tests.test_mike_esito_e_riconciliazione_2026_09_15	Betfair/mike/tests/test_mike_esito_e_riconciliazione_2026_09_15.py	351	1	0	0	0	
Betfair.mike.tests.test_mike_feed	Betfair/mike/tests/test_mike_feed.py	166	1	0	27	0	
Betfair.mike.tests.test_mike_feed_stantio_loop_2026_10_02	Betfair/mike/tests/test_mike_feed_stantio_loop_2026_10_02.py	256	1	0	0	0	
Betfair.mike.tests.test_mike_firma_stesso_motivo_2026_09_28	Betfair/mike/tests/test_mike_firma_stesso_motivo_2026_09_28.py	77	1	0	0	0	
Betfair.mike.tests.test_mike_flusso_cantiere_j2_2026_09_28	Betfair/mike/tests/test_mike_flusso_cantiere_j2_2026_09_28.py	204	1	0	2	0	
Betfair.mike.tests.test_mike_flusso_fischio_2026_09_13	Betfair/mike/tests/test_mike_flusso_fischio_2026_09_13.py	839	1	0	0	0	
Betfair.mike.tests.test_mike_flusso_testo_linea_2026_09_30	Betfair/mike/tests/test_mike_flusso_testo_linea_2026_09_30.py	158	1	0	0	0	
Betfair.mike.tests.test_mike_freno_copertura_2026_09_17	Betfair/mike/tests/test_mike_freno_copertura_2026_09_17.py	614	1	0	1	0	
Betfair.mike.tests.test_mike_indagine_mercato_deciso_2026_09_29	Betfair/mike/tests/test_mike_indagine_mercato_deciso_2026_09_29.py	184	1	0	3	0	
Betfair.mike.tests.test_mike_kill_switch_resting_o1_2026_09_24	Betfair/mike/tests/test_mike_kill_switch_resting_o1_2026_09_24.py	122	1	0	0	0	
Betfair.mike.tests.test_mike_ko_green_3_minuti_2026_09_30	Betfair/mike/tests/test_mike_ko_green_3_minuti_2026_09_30.py	353	1	0	0	0	
Betfair.mike.tests.test_mike_ko_green_appoggiata_2026_09_16	Betfair/mike/tests/test_mike_ko_green_appoggiata_2026_09_16.py	826	1	0	4	0	
Betfair.mike.tests.test_mike_legge_canale_2026_09_23	Betfair/mike/tests/test_mike_legge_canale_2026_09_23.py	489	1	0	0	0	
Betfair.mike.tests.test_mike_loop_chiusure_2026_09_15	Betfair/mike/tests/test_mike_loop_chiusure_2026_09_15.py	313	1	0	0	0	
Betfair.mike.tests.test_mike_loop_resting_2026_09_15	Betfair/mike/tests/test_mike_loop_resting_2026_09_15.py	266	1	0	0	0	
Betfair.mike.tests.test_mike_loop_taker_2026_09_16	Betfair/mike/tests/test_mike_loop_taker_2026_09_16.py	387	1	0	13	0	
Betfair.mike.tests.test_mike_market_selection_id_2026_09_23	Betfair/mike/tests/test_mike_market_selection_id_2026_09_23.py	154	1	0	0	0	
Betfair.mike.tests.test_mike_mercato_deciso_2026_09_30	Betfair/mike/tests/test_mike_mercato_deciso_2026_09_30.py	224	1	0	0	0	
Betfair.mike.tests.test_mike_mercato_sospeso_2026_09_15	Betfair/mike/tests/test_mike_mercato_sospeso_2026_09_15.py	206	1	0	0	0	
Betfair.mike.tests.test_mike_migrazione_arretrati_prova_2026_09_30	Betfair/mike/tests/test_mike_migrazione_arretrati_prova_2026_09_30.py	72	1	0	0	0	
Betfair.mike.tests.test_mike_motivo_blocco_catena_2026_10_04	Betfair/mike/tests/test_mike_motivo_blocco_catena_2026_10_04.py	69	1	0	0	0	
Betfair.mike.tests.test_mike_ondata2_2026_09_30	Betfair/mike/tests/test_mike_ondata2_2026_09_30.py	539	1	0	1	0	
Betfair.mike.tests.test_mike_p1_cancello_uscite_2026_09_29	Betfair/mike/tests/test_mike_p1_cancello_uscite_2026_09_29.py	422	1	0	0	0	
Betfair.mike.tests.test_mike_p2_prepartita_2026_09_29	Betfair/mike/tests/test_mike_p2_prepartita_2026_09_29.py	402	1	0	1	0	
Betfair.mike.tests.test_mike_p2bis_2026_09_29	Betfair/mike/tests/test_mike_p2bis_2026_09_29.py	139	1	0	0	0	
Betfair.mike.tests.test_mike_p3_rientro_2026_09_29	Betfair/mike/tests/test_mike_p3_rientro_2026_09_29.py	95	1	0	0	0	
Betfair.mike.tests.test_mike_p4_blocco4_2026_09_29	Betfair/mike/tests/test_mike_p4_blocco4_2026_09_29.py	154	1	0	0	0	
Betfair.mike.tests.test_mike_p4_blocco5_2026_09_29	Betfair/mike/tests/test_mike_p4_blocco5_2026_09_29.py	87	1	0	0	0	
Betfair.mike.tests.test_mike_p4_conti_dati_2026_09_29	Betfair/mike/tests/test_mike_p4_conti_dati_2026_09_29.py	363	1	0	2	0	
Betfair.mike.tests.test_mike_p4_dati_assenti_2026_09_29	Betfair/mike/tests/test_mike_p4_dati_assenti_2026_09_29.py	128	1	0	0	0	
Betfair.mike.tests.test_mike_p4_ordini_2026_09_29	Betfair/mike/tests/test_mike_p4_ordini_2026_09_29.py	451	1	0	4	0	
Betfair.mike.tests.test_mike_p5_2b_2026_09_29	Betfair/mike/tests/test_mike_p5_2b_2026_09_29.py	109	1	0	0	0	
Betfair.mike.tests.test_mike_p5_4b_2026_09_29	Betfair/mike/tests/test_mike_p5_4b_2026_09_29.py	213	1	0	0	0	
Betfair.mike.tests.test_mike_p5_4c_2026_09_29	Betfair/mike/tests/test_mike_p5_4c_2026_09_29.py	90	1	0	0	0	
Betfair.mike.tests.test_mike_p5_banco_2026_09_29	Betfair/mike/tests/test_mike_p5_banco_2026_09_29.py	201	1	0	2	0	
Betfair.mike.tests.test_mike_p5_compensazione_mercato_2026_09_29	Betfair/mike/tests/test_mike_p5_compensazione_mercato_2026_09_29.py	370	1	0	0	0	
Betfair.mike.tests.test_mike_p5_copertura_banca_2026_09_29	Betfair/mike/tests/test_mike_p5_copertura_banca_2026_09_29.py	352	1	0	1	0	
Betfair.mike.tests.test_mike_p5_gemelli_banca_2026_09_29	Betfair/mike/tests/test_mike_p5_gemelli_banca_2026_09_29.py	98	1	0	0	0	
Betfair.mike.tests.test_mike_p5_servizio_copertura_2026_09_29	Betfair/mike/tests/test_mike_p5_servizio_copertura_2026_09_29.py	102	1	0	0	0	
Betfair.mike.tests.test_mike_paper_fill_al_best_2026_09_26	Betfair/mike/tests/test_mike_paper_fill_al_best_2026_09_26.py	141	1	0	0	0	
Betfair.mike.tests.test_mike_paper_vs_live_2026_09_13	Betfair/mike/tests/test_mike_paper_vs_live_2026_09_13.py	252	1	0	0	0	
Betfair.mike.tests.test_mike_pnl_reale_del_conto_2026_09_30	Betfair/mike/tests/test_mike_pnl_reale_del_conto_2026_09_30.py	605	1	0	0	0	
Betfair.mike.tests.test_mike_prezzo_morto_2026_09_13	Betfair/mike/tests/test_mike_prezzo_morto_2026_09_13.py	187	1	0	0	0	
Betfair.mike.tests.test_mike_punte_multiplo_050_2026_10_04	Betfair/mike/tests/test_mike_punte_multiplo_050_2026_10_04.py	261	1	0	0	0	
Betfair.mike.tests.test_mike_punteggio_ingresso_2026_09_26	Betfair/mike/tests/test_mike_punteggio_ingresso_2026_09_26.py	37	1	0	0	0	
Betfair.mike.tests.test_mike_regolamento_centesimi_2026_09_30	Betfair/mike/tests/test_mike_regolamento_centesimi_2026_09_30.py	120	1	0	0	0	
Betfair.mike.tests.test_mike_respiro_db_2026_09_13	Betfair/mike/tests/test_mike_respiro_db_2026_09_13.py	279	1	0	0	0	
Betfair.mike.tests.test_mike_respiro_scritture_2026_09_13	Betfair/mike/tests/test_mike_respiro_scritture_2026_09_13.py	538	1	0	1	0	
Betfair.mike.tests.test_mike_resting_live_2026_09_14	Betfair/mike/tests/test_mike_resting_live_2026_09_14.py	368	1	0	0	0	
Betfair.mike.tests.test_mike_review_2026_09_11	Betfair/mike/tests/test_mike_review_2026_09_11.py	770	1	0	0	0	
Betfair.mike.tests.test_mike_riga_assente_e_arresto_2026_10_02	Betfair/mike/tests/test_mike_riga_assente_e_arresto_2026_10_02.py	245	1	0	0	0	
Betfair.mike.tests.test_mike_service	Betfair/mike/tests/test_mike_service.py	492	1	0	32	0	
Betfair.mike.tests.test_mike_stato_mercato_resting_2026_09_24	Betfair/mike/tests/test_mike_stato_mercato_resting_2026_09_24.py	77	1	0	0	0	
Betfair.mike.tests.test_mike_testi_veritieri_2026_09_30	Betfair/mike/tests/test_mike_testi_veritieri_2026_09_30.py	82	1	0	0	0	
Betfair.mike.tests.test_mike_tetto_partite_2026_09_13	Betfair/mike/tests/test_mike_tetto_partite_2026_09_13.py	119	1	0	0	0	
Betfair.mike.tests.test_mike_ultimo_ingresso_2026_09_30	Betfair/mike/tests/test_mike_ultimo_ingresso_2026_09_30.py	232	1	0	0	0	
Betfair.mike.tests.test_mike_uscite_automatiche_2026_09_25	Betfair/mike/tests/test_mike_uscite_automatiche_2026_09_25.py	469	1	0	1	0	
Betfair.mike.tests.test_mike_uscite_manuali_al_riavvio_2026_09_28	Betfair/mike/tests/test_mike_uscite_manuali_al_riavvio_2026_09_28.py	44	1	0	0	0	
Betfair.mike.tests.test_mike_veto_p_under35_2026_09_25	Betfair/mike/tests/test_mike_veto_p_under35_2026_09_25.py	339	1	0	0	0	
Betfair.mike.tools	Betfair/mike/tools/__init__.py	1	0	8	9	0	
Betfair.mike.tools.banco	Betfair/mike/tools/banco.py	48	0	0	0	0	
Betfair.mike.tools.replay_registrazioni	Betfair/mike/tools/replay_registrazioni.py	2370	0	5	8	1	
Betfair.mike.tools.synth_mike	Betfair/mike/tools/synth_mike.py	779	0	0	1	1	
Betfair.money_management	Betfair/money_management.py	3397	0	5	0	0	
Betfair.odds_refresh	Betfair/odds_refresh.py	263	0	5	2	0	
Betfair.omega	Betfair/omega/__init__.py	12	0	49	117	0	
Betfair.omega.certificazione	Betfair/omega/certificazione.py	2160	0	1	10	0	
Betfair.omega.conftest	Betfair/omega/conftest.py	89	1	0	0	0	
Betfair.omega.liquidity_probe	Betfair/omega/liquidity_probe.py	402	0	0	2	1	
Betfair.omega.omega_advisor	Betfair/omega/omega_advisor.py	400	0	1	3	0	
Betfair.omega.omega_config	Betfair/omega/omega_config.py	463	0	11	30	0	
Betfair.omega.omega_db	Betfair/omega/omega_db.py	1081	0	8	10	0	
Betfair.omega.omega_empirical	Betfair/omega/omega_empirical.py	249	0	3	6	0	
Betfair.omega.omega_engine	Betfair/omega/omega_engine.py	1331	0	18	30	0	
Betfair.omega.omega_market	Betfair/omega/omega_market.py	1794	0	7	69	0	
Betfair.omega.omega_model	Betfair/omega/omega_model.py	1182	0	13	19	0	
Betfair.omega.omega_proposte	Betfair/omega/omega_proposte.py	1235	0	10	10	0	
Betfair.omega.omega_service	Betfair/omega/omega_service.py	8936	0	11	68	1	
Betfair.omega.omega_v3	Betfair/omega/omega_v3.py	1248	0	14	13	0	
Betfair.omega.omega_validate	Betfair/omega/omega_validate.py	183	0	1	1	0	
Betfair.omega.porta_ordini	Betfair/omega/porta_ordini.py	237	0	3	10	0	
Betfair.omega.test_a9_solo_aperture_lay_2026_09_17	Betfair/omega/test_a9_solo_aperture_lay_2026_09_17.py	65	1	0	0	0	
Betfair.omega.test_gate_heartbeat_modalita_servite_2026_09_16	Betfair/omega/test_gate_heartbeat_modalita_servite_2026_09_16.py	63	1	0	0	0	
Betfair.omega.test_liquidity_probe_2026_09_10	Betfair/omega/test_liquidity_probe_2026_09_10.py	122	1	0	0	0	
Betfair.omega.test_m2_pesi_2026_09_17	Betfair/omega/test_m2_pesi_2026_09_17.py	412	1	0	0	0	
Betfair.omega.test_misure_m4m5m6_2026_09_17	Betfair/omega/test_misure_m4m5m6_2026_09_17.py	416	1	0	0	0	
Betfair.omega.test_omega_allineamento_ui_2026_09_15	Betfair/omega/test_omega_allineamento_ui_2026_09_15.py	44	1	0	0	0	
Betfair.omega.test_omega_audit_2026_09_11	Betfair/omega/test_omega_audit_2026_09_11.py	1298	1	0	0	0	
Betfair.omega.test_omega_avvio_app_2026_09_16	Betfair/omega/test_omega_avvio_app_2026_09_16.py	170	1	0	1	0	
Betfair.omega.test_omega_cache_pura_2026_09_16	Betfair/omega/test_omega_cache_pura_2026_09_16.py	211	1	0	0	0	
Betfair.omega.test_omega_cashout_feed_fermo_2026_09_11	Betfair/omega/test_omega_cashout_feed_fermo_2026_09_11.py	265	1	0	0	0	
Betfair.omega.test_omega_cashout_manuale_fallito_2026_09_23	Betfair/omega/test_omega_cashout_manuale_fallito_2026_09_23.py	118	1	0	2	0	
Betfair.omega.test_omega_certificazione_2026_09_11	Betfair/omega/test_omega_certificazione_2026_09_11.py	682	1	0	0	0	
Betfair.omega.test_omega_certificazione_2026_09_12	Betfair/omega/test_omega_certificazione_2026_09_12.py	341	1	0	0	0	
Betfair.omega.test_omega_chaos_2026_09_11	Betfair/omega/test_omega_chaos_2026_09_11.py	206	1	0	0	0	
Betfair.omega.test_omega_chiudi_per_bot_2026_09_24	Betfair/omega/test_omega_chiudi_per_bot_2026_09_24.py	148	1	0	0	0	
Betfair.omega.test_omega_chiuso_dall_utente_2026_09_16	Betfair/omega/test_omega_chiuso_dall_utente_2026_09_16.py	811	1	0	0	0	
Betfair.omega.test_omega_config	Betfair/omega/test_omega_config.py	52	1	0	0	0	
Betfair.omega.test_omega_consapevolezza_2026_09_16	Betfair/omega/test_omega_consapevolezza_2026_09_16.py	297	1	0	0	0	
Betfair.omega.test_omega_engine	Betfair/omega/test_omega_engine.py	442	1	0	0	0	
Betfair.omega.test_omega_feed_2026_09_09	Betfair/omega/test_omega_feed_2026_09_09.py	104	1	0	0	0	
Betfair.omega.test_omega_flumine_live	Betfair/omega/test_omega_flumine_live.py	662	1	0	0	0	
Betfair.omega.test_omega_flumine_paper	Betfair/omega/test_omega_flumine_paper.py	612	1	0	8	0	
Betfair.omega.test_omega_giornata_gambe_2026_09_11	Betfair/omega/test_omega_giornata_gambe_2026_09_11.py	614	1	0	2	0	
Betfair.omega.test_omega_greenup_2026_09_10	Betfair/omega/test_omega_greenup_2026_09_10.py	684	1	0	8	0	
Betfair.omega.test_omega_matematica_2026_09_12	Betfair/omega/test_omega_matematica_2026_09_12.py	485	1	0	0	0	
Betfair.omega.test_omega_missions	Betfair/omega/test_omega_missions.py	675	1	0	1	0	
Betfair.omega.test_omega_modello_definitivo_2026_09_11	Betfair/omega/test_omega_modello_definitivo_2026_09_11.py	304	1	0	0	0	
Betfair.omega.test_omega_pnl_netto_commissione_2026_09_30	Betfair/omega/test_omega_pnl_netto_commissione_2026_09_30.py	104	1	0	0	0	
Betfair.omega.test_omega_proposte_2026_09_17	Betfair/omega/test_omega_proposte_2026_09_17.py	722	1	0	4	0	
Betfair.omega.test_omega_replay_2026_09_16	Betfair/omega/test_omega_replay_2026_09_16.py	1080	1	0	1	0	
Betfair.omega.test_omega_respiro_db_2026_09_13	Betfair/omega/test_omega_respiro_db_2026_09_13.py	621	1	0	0	0	
Betfair.omega.test_omega_service	Betfair/omega/test_omega_service.py	1274	1	0	26	0	
Betfair.omega.test_omega_ui_contratto_2026_09_11	Betfair/omega/test_omega_ui_contratto_2026_09_11.py	476	1	0	0	0	
Betfair.omega.test_omega_uscite_manuali_al_riavvio_2026_09_28	Betfair/omega/test_omega_uscite_manuali_al_riavvio_2026_09_28.py	38	1	0	0	0	
Betfair.omega.test_omega_v2_2026_09_09	Betfair/omega/test_omega_v2_2026_09_09.py	315	1	0	1	0	
Betfair.omega.test_omega_v3_2026_09_16	Betfair/omega/test_omega_v3_2026_09_16.py	504	1	0	0	0	
Betfair.omega.test_omega_v3_certificazione_2026_09_16	Betfair/omega/test_omega_v3_certificazione_2026_09_16.py	304	1	0	0	0	
Betfair.omega.test_place_and_trim_2026_09_13	Betfair/omega/test_place_and_trim_2026_09_13.py	418	1	0	0	0	
Betfair.omega.test_t3_consapevolezza_2026_09_17	Betfair/omega/test_t3_consapevolezza_2026_09_17.py	339	1	0	0	0	
Betfair.omega.tests.runner_paper_finto	Betfair/omega/tests/runner_paper_finto.py	118	1	0	15	0	
Betfair.omega.tests.test_annullo_abbinato_ignoto_2026_09_23	Betfair/omega/tests/test_annullo_abbinato_ignoto_2026_09_23.py	66	1	0	0	0	
Betfair.omega.tests.test_cantiere_c_parita_paper_live_2026_09_28	Betfair/omega/tests/test_cantiere_c_parita_paper_live_2026_09_28.py	627	1	0	0	0	
Betfair.omega.tests.test_cert_a11_aggregati_2026_10_07	Betfair/omega/tests/test_cert_a11_aggregati_2026_10_07.py	66	1	0	0	0	
Betfair.omega.tests.test_consapevolezza_flumine_2026_09_17	Betfair/omega/tests/test_consapevolezza_flumine_2026_09_17.py	271	1	0	0	0	
Betfair.omega.tests.test_coordinatore_aggregati_modalita_2026_09_28	Betfair/omega/tests/test_coordinatore_aggregati_modalita_2026_09_28.py	78	1	0	0	0	
Betfair.omega.tests.test_esiti_ordini_canale_2026_09_23	Betfair/omega/tests/test_esiti_ordini_canale_2026_09_23.py	661	1	0	0	0	
Betfair.omega.tests.test_flusso_ht_secondo_tempo_2026_10_07	Betfair/omega/tests/test_flusso_ht_secondo_tempo_2026_10_07.py	282	1	0	0	0	
Betfair.omega.tests.test_ingresso_passivo_2026_09_17	Betfair/omega/tests/test_ingresso_passivo_2026_09_17.py	515	1	0	2	0	
Betfair.omega.tests.test_o1_quote_prima_2026_09_25	Betfair/omega/tests/test_o1_quote_prima_2026_09_25.py	246	1	0	1	0	
Betfair.omega.tests.test_o5_rossi_v3_2026_09_25	Betfair/omega/tests/test_o5_rossi_v3_2026_09_25.py	388	1	0	0	0	
Betfair.omega.tests.test_omega_approvazione_ricontrolla_2026_09_28	Betfair/omega/tests/test_omega_approvazione_ricontrolla_2026_09_28.py	120	1	0	0	0	
Betfair.omega.tests.test_omega_approve_contesto_b17_2026_09_25	Betfair/omega/tests/test_omega_approve_contesto_b17_2026_09_25.py	83	1	0	0	0	
Betfair.omega.tests.test_omega_canale_f3_2026_09_18	Betfair/omega/tests/test_omega_canale_f3_2026_09_18.py	235	1	0	0	0	
Betfair.omega.tests.test_omega_client_scan_condiviso_2026_09_24	Betfair/omega/tests/test_omega_client_scan_condiviso_2026_09_24.py	253	1	0	0	0	
Betfair.omega.tests.test_omega_freno_non_consuma_tentativi_2026_09_26	Betfair/omega/tests/test_omega_freno_non_consuma_tentativi_2026_09_26.py	198	1	0	0	0	
Betfair.omega.tests.test_omega_kill_switch_rest_o1_2026_09_24	Betfair/omega/tests/test_omega_kill_switch_rest_o1_2026_09_24.py	173	1	0	0	0	
Betfair.omega.tests.test_omega_legge_canale_2026_09_23	Betfair/omega/tests/test_omega_legge_canale_2026_09_23.py	754	1	0	0	0	
Betfair.omega.tests.test_omega_scheda_al_ms_2026_09_24	Betfair/omega/tests/test_omega_scheda_al_ms_2026_09_24.py	102	1	0	0	0	
Betfair.omega.tests.test_omega_soldi_veri_catena_2026_10_04	Betfair/omega/tests/test_omega_soldi_veri_catena_2026_10_04.py	162	1	0	0	0	
Betfair.omega.tests.test_omega_stato_mercato_2026_09_24	Betfair/omega/tests/test_omega_stato_mercato_2026_09_24.py	181	1	0	0	0	
Betfair.omega.tests.test_omega_sveglia_posizioni_vive_2026_09_23	Betfair/omega/tests/test_omega_sveglia_posizioni_vive_2026_09_23.py	234	1	0	0	0	
Betfair.omega.tests.test_omega_uscite_protezione_2026_09_24	Betfair/omega/tests/test_omega_uscite_protezione_2026_09_24.py	439	1	0	1	0	
Betfair.omega.tests.test_politica_v4_2026_09_17	Betfair/omega/tests/test_politica_v4_2026_09_17.py	455	1	0	1	0	
Betfair.omega.tests.test_porta_ordini_omega_f6_2026_09_24	Betfair/omega/tests/test_porta_ordini_omega_f6_2026_09_24.py	739	1	0	2	0	
Betfair.omega.tests.test_punte_multiple_050_omega_2026_10_04	Betfair/omega/tests/test_punte_multiple_050_omega_2026_10_04.py	125	1	0	0	0	
Betfair.omega.tests.test_quota_viva_bias_fascia_2026_09_17	Betfair/omega/tests/test_quota_viva_bias_fascia_2026_09_17.py	452	1	0	0	0	
Betfair.omega.tests.test_raccordo_v3_2026_09_17	Betfair/omega/tests/test_raccordo_v3_2026_09_17.py	618	1	0	0	0	
Betfair.omega.tests.test_ref_strategia_per_attore_r1_2026_09_24	Betfair/omega/tests/test_ref_strategia_per_attore_r1_2026_09_24.py	165	1	0	0	0	
Betfair.omega.tests.test_replay_nomi_aggregati_2026_10_07	Betfair/omega/tests/test_replay_nomi_aggregati_2026_10_07.py	24	1	0	0	0	
Betfair.omega.tests.test_riconciliazione_tradotti_omega_2026_10_02	Betfair/omega/tests/test_riconciliazione_tradotti_omega_2026_10_02.py	410	1	0	0	0	
Betfair.omega.tests.test_riserva_errore_non_duplicato_2026_09_23	Betfair/omega/tests/test_riserva_errore_non_duplicato_2026_09_23.py	130	1	0	0	0	
Betfair.omega.tests.test_stop_perdita_stats_2026_09_30	Betfair/omega/tests/test_stop_perdita_stats_2026_09_30.py	124	1	0	0	1	
Betfair.omega.tests.test_v3_any_other_2026_10_07	Betfair/omega/tests/test_v3_any_other_2026_10_07.py	749	1	0	0	0	
Betfair.omega.tests.traccia_canale_scan_2026_09_23	Betfair/omega/tests/traccia_canale_scan_2026_09_23.py	308	1	1	2	1	
Betfair.omega.tools	Betfair/omega/tools/__init__.py	0	0	20	12	0	
Betfair.omega.tools.banco_fusione	Betfair/omega/tools/banco_fusione.py	301	0	0	0	1	
Betfair.omega.tools.banco_modelli	Betfair/omega/tools/banco_modelli.py	432	0	0	0	1	
Betfair.omega.tools.deriva_margine	Betfair/omega/tools/deriva_margine.py	405	0	0	1	1	
Betfair.omega.tools.estrai_transizioni	Betfair/omega/tools/estrai_transizioni.py	109	0	0	0	1	
Betfair.omega.tools.ev_per_liability	Betfair/omega/tools/ev_per_liability.py	129	0	0	0	1	
Betfair.omega.tools.falsifica_canale_scan_2026_09_23	Betfair/omega/tools/falsifica_canale_scan_2026_09_23.py	137	0	0	0	1	
Betfair.omega.tools.falsifica_raccordo_v3_2026_09_17	Betfair/omega/tools/falsifica_raccordo_v3_2026_09_17.py	147	0	0	0	1	
Betfair.omega.tools.genera_oro_uscita	Betfair/omega/tools/genera_oro_uscita.py	82	0	0	1	1	
Betfair.omega.tools.k_in_gioco	Betfair/omega/tools/k_in_gioco.py	465	0	1	1	1	
Betfair.omega.tools.m2_pesi	Betfair/omega/tools/m2_pesi.py	1477	0	0	1	1	
Betfair.omega.tools.misura_ingresso_passivo	Betfair/omega/tools/misura_ingresso_passivo.py	2795	0	0	3	1	
Betfair.omega.tools.misura_k	Betfair/omega/tools/misura_k.py	499	0	5	3	1	
Betfair.omega.tools.misura_prezzo_appaiata	Betfair/omega/tools/misura_prezzo_appaiata.py	287	0	0	0	1	
Betfair.omega.tools.montecarlo_pl	Betfair/omega/tools/montecarlo_pl.py	349	0	0	1	1	
Betfair.omega.tools.replay_registrazioni	Betfair/omega/tools/replay_registrazioni.py	2593	0	3	7	1	
Betfair.omega.tools.superficie_liability	Betfair/omega/tools/superficie_liability.py	534	0	2	1	1	
Betfair.omega.tools.traccia_su_base_2026_09_23	Betfair/omega/tools/traccia_su_base_2026_09_23.py	42	0	0	0	1	
Betfair.omega.tools.verifica_transizioni_2026_09_25	Betfair/omega/tools/verifica_transizioni_2026_09_25.py	353	0	0	1	1	
Betfair.order_exec	Betfair/order_exec.py	390	0	2	2	0	
Betfair.order_worker	Betfair/order_worker.py	165	0	1	0	0	
Betfair.refresh_worker	Betfair/refresh_worker.py	99	0	1	0	0	
Betfair.reject_categories	Betfair/reject_categories.py	62	0	1	0	0	
Betfair.safe_strategy	Betfair/safe_strategy/__init__.py	6	0	53	153	0	
Betfair.safe_strategy.anomaly	Betfair/safe_strategy/anomaly.py	565	0	1	4	0	
Betfair.safe_strategy.arresto_bot	Betfair/safe_strategy/arresto_bot.py	198	0	2	1	0	
Betfair.safe_strategy.bot_db	Betfair/safe_strategy/bot_db.py	1044	0	6	15	0	
Betfair.safe_strategy.bot_service	Betfair/safe_strategy/bot_service.py	11136	0	13	69	1	
Betfair.safe_strategy.calibration	Betfair/safe_strategy/calibration.py	431	0	6	4	0	
Betfair.safe_strategy.canale_scan	Betfair/safe_strategy/canale_scan.py	529	0	4	8	0	
Betfair.safe_strategy.certificazione	Betfair/safe_strategy/certificazione.py	2036	0	1	7	0	
Betfair.safe_strategy.certificazione_k	Betfair/safe_strategy/certificazione_k.py	533	0	2	1	0	
Betfair.safe_strategy.certificazione_tennis	Betfair/safe_strategy/certificazione_tennis.py	1217	0	1	6	0	
Betfair.safe_strategy.combos	Betfair/safe_strategy/combos.py	620	0	1	2	0	
Betfair.safe_strategy.db	Betfair/safe_strategy/db.py	502	0	2	8	0	
Betfair.safe_strategy.engine	Betfair/safe_strategy/engine.py	2254	0	10	11	0	
Betfair.safe_strategy.execution	Betfair/safe_strategy/execution.py	3093	0	11	65	0	
Betfair.safe_strategy.exits	Betfair/safe_strategy/exits.py	1273	0	12	15	0	
Betfair.safe_strategy.opportunity	Betfair/safe_strategy/opportunity.py	1103	0	10	11	0	
Betfair.safe_strategy.porta_ordini	Betfair/safe_strategy/porta_ordini.py	784	0	6	20	0	
Betfair.safe_strategy.pressure	Betfair/safe_strategy/pressure.py	149	0	3	2	0	
Betfair.safe_strategy.proposte_opportunita	Betfair/safe_strategy/proposte_opportunita.py	742	0	4	7	0	
Betfair.safe_strategy.risk	Betfair/safe_strategy/risk.py	221	0	7	5	0	
Betfair.safe_strategy.scanner	Betfair/safe_strategy/scanner.py	909	0	5	18	0	
Betfair.safe_strategy.selezione	Betfair/safe_strategy/selezione.py	525	0	3	3	0	
Betfair.safe_strategy.service	Betfair/safe_strategy/service.py	3444	0	3	23	1	
Betfair.safe_strategy.stream	Betfair/safe_strategy/stream.py	567	0	2	7	0	
Betfair.safe_strategy.tennis_opportunity	Betfair/safe_strategy/tennis_opportunity.py	521	0	1	4	0	
Betfair.safe_strategy.tests.conftest	Betfair/safe_strategy/tests/conftest.py	93	1	0	0	0	
Betfair.safe_strategy.tests.runner_finto	Betfair/safe_strategy/tests/runner_finto.py	104	1	0	4	0	
Betfair.safe_strategy.tests.test_allineamento_ui_2026_09_15	Betfair/safe_strategy/tests/test_allineamento_ui_2026_09_15.py	46	1	0	0	0	
Betfair.safe_strategy.tests.test_anomaly	Betfair/safe_strategy/tests/test_anomaly.py	399	1	0	0	0	
Betfair.safe_strategy.tests.test_apertura_scrive_consapevolezza_2026_09_17	Betfair/safe_strategy/tests/test_apertura_scrive_consapevolezza_2026_09_17.py	117	1	0	0	0	
Betfair.safe_strategy.tests.test_arresto_bot_safe_omega_2026_10_02	Betfair/safe_strategy/tests/test_arresto_bot_safe_omega_2026_10_02.py	266	1	0	0	0	
Betfair.safe_strategy.tests.test_atlante_collegato_2026_09_24	Betfair/safe_strategy/tests/test_atlante_collegato_2026_09_24.py	317	1	0	0	0	
Betfair.safe_strategy.tests.test_atlante_note_livello_2026_09_25	Betfair/safe_strategy/tests/test_atlante_note_livello_2026_09_25.py	88	1	0	0	0	
Betfair.safe_strategy.tests.test_attesa_fischio_2026_10_01	Betfair/safe_strategy/tests/test_attesa_fischio_2026_10_01.py	254	1	0	0	0	
Betfair.safe_strategy.tests.test_audit_2026_09_11	Betfair/safe_strategy/tests/test_audit_2026_09_11.py	1685	1	0	2	0	
Betfair.safe_strategy.tests.test_avvio_app_2026_09_16	Betfair/safe_strategy/tests/test_avvio_app_2026_09_16.py	239	1	0	1	0	
Betfair.safe_strategy.tests.test_b25_lascia_e_avvisa_2026_09_24	Betfair/safe_strategy/tests/test_b25_lascia_e_avvisa_2026_09_24.py	494	1	0	1	0	
Betfair.safe_strategy.tests.test_b25_pulsanti_gamba_manuale_2026_09_24	Betfair/safe_strategy/tests/test_b25_pulsanti_gamba_manuale_2026_09_24.py	444	1	0	0	0	
Betfair.safe_strategy.tests.test_backtest_opportunity	Betfair/safe_strategy/tests/test_backtest_opportunity.py	318	1	0	0	0	
Betfair.safe_strategy.tests.test_base_secondo_tempo_2026_10_07	Betfair/safe_strategy/tests/test_base_secondo_tempo_2026_10_07.py	235	1	0	0	0	
Betfair.safe_strategy.tests.test_bot_mai_ciechi_2026_10_01	Betfair/safe_strategy/tests/test_bot_mai_ciechi_2026_10_01.py	249	1	0	0	0	
Betfair.safe_strategy.tests.test_bot_service	Betfair/safe_strategy/tests/test_bot_service.py	4025	1	0	30	0	
Betfair.safe_strategy.tests.test_calibration	Betfair/safe_strategy/tests/test_calibration.py	203	1	0	0	0	
Betfair.safe_strategy.tests.test_canale_scan_f4_2026_09_18	Betfair/safe_strategy/tests/test_canale_scan_f4_2026_09_18.py	478	1	0	0	0	
Betfair.safe_strategy.tests.test_canale_scanner_al_ms_2026_09_18	Betfair/safe_strategy/tests/test_canale_scanner_al_ms_2026_09_18.py	992	1	0	1	0	
Betfair.safe_strategy.tests.test_cashout_event_ids_b17_2026_09_25	Betfair/safe_strategy/tests/test_cashout_event_ids_b17_2026_09_25.py	101	1	0	0	0	
Betfair.safe_strategy.tests.test_cert_2026_09_13	Betfair/safe_strategy/tests/test_cert_2026_09_13.py	1254	1	0	0	0	
Betfair.safe_strategy.tests.test_cert_safe_2026_09_11	Betfair/safe_strategy/tests/test_cert_safe_2026_09_11.py	309	1	0	0	0	
Betfair.safe_strategy.tests.test_certificazione_c3_2026_09_16	Betfair/safe_strategy/tests/test_certificazione_c3_2026_09_16.py	1120	1	0	2	0	
Betfair.safe_strategy.tests.test_chiudi_per_bot_2026_09_24	Betfair/safe_strategy/tests/test_chiudi_per_bot_2026_09_24.py	171	1	0	0	0	
Betfair.safe_strategy.tests.test_chiusura_dell_utente_2026_09_16	Betfair/safe_strategy/tests/test_chiusura_dell_utente_2026_09_16.py	560	1	0	1	0	
Betfair.safe_strategy.tests.test_combos	Betfair/safe_strategy/tests/test_combos.py	374	1	0	0	0	
Betfair.safe_strategy.tests.test_combos_anomalie_proposte_2026_09_18	Betfair/safe_strategy/tests/test_combos_anomalie_proposte_2026_09_18.py	1146	1	0	1	0	
Betfair.safe_strategy.tests.test_consapevolezza_backfill_hedged_2026_09_17	Betfair/safe_strategy/tests/test_consapevolezza_backfill_hedged_2026_09_17.py	124	1	0	0	0	
Betfair.safe_strategy.tests.test_d1_enqueue_ignoto_paper_live_2026_09_28	Betfair/safe_strategy/tests/test_d1_enqueue_ignoto_paper_live_2026_09_28.py	243	1	0	0	0	
Betfair.safe_strategy.tests.test_d1_proposte_uscita_2026_09_28	Betfair/safe_strategy/tests/test_d1_proposte_uscita_2026_09_28.py	247	1	0	0	0	
Betfair.safe_strategy.tests.test_d1_regolazione_al_riavvio_2026_09_28	Betfair/safe_strategy/tests/test_d1_regolazione_al_riavvio_2026_09_28.py	126	1	0	0	0	
Betfair.safe_strategy.tests.test_d1_rischio_per_modalita_2026_09_28	Betfair/safe_strategy/tests/test_d1_rischio_per_modalita_2026_09_28.py	79	1	0	0	0	
Betfair.safe_strategy.tests.test_due_motori_tennis_2026_09_17	Betfair/safe_strategy/tests/test_due_motori_tennis_2026_09_17.py	336	1	0	0	0	
Betfair.safe_strategy.tests.test_engine	Betfair/safe_strategy/tests/test_engine.py	1209	1	0	7	0	
Betfair.safe_strategy.tests.test_esatto_secondo_tempo_2026_10_07	Betfair/safe_strategy/tests/test_esatto_secondo_tempo_2026_10_07.py	319	1	0	0	0	
Betfair.safe_strategy.tests.test_esecuzione_a_mercato_d7_2026_09_25	Betfair/safe_strategy/tests/test_esecuzione_a_mercato_d7_2026_09_25.py	232	1	0	0	0	
Betfair.safe_strategy.tests.test_eta_proposta_approvata_2026_09_23	Betfair/safe_strategy/tests/test_eta_proposta_approvata_2026_09_23.py	68	1	0	0	0	
Betfair.safe_strategy.tests.test_execution	Betfair/safe_strategy/tests/test_execution.py	1382	1	0	1	0	
Betfair.safe_strategy.tests.test_exit_hold_dedup_2026_09_17	Betfair/safe_strategy/tests/test_exit_hold_dedup_2026_09_17.py	228	1	0	0	0	
Betfair.safe_strategy.tests.test_exit_hold_dovuta_tentata_2026_09_23	Betfair/safe_strategy/tests/test_exit_hold_dovuta_tentata_2026_09_23.py	162	1	0	0	0	
Betfair.safe_strategy.tests.test_exits	Betfair/safe_strategy/tests/test_exits.py	799	1	0	0	0	
Betfair.safe_strategy.tests.test_finali_2026_09_11	Betfair/safe_strategy/tests/test_finali_2026_09_11.py	28	1	0	0	0	
Betfair.safe_strategy.tests.test_firma_stesso_motivo_2026_09_29	Betfair/safe_strategy/tests/test_firma_stesso_motivo_2026_09_29.py	47	1	0	0	0	
Betfair.safe_strategy.tests.test_flusso_interrotto_cantiere_j_2026_09_28	Betfair/safe_strategy/tests/test_flusso_interrotto_cantiere_j_2026_09_28.py	648	1	0	4	0	
Betfair.safe_strategy.tests.test_flusso_interrotto_cantiere_j_bis_2026_09_28	Betfair/safe_strategy/tests/test_flusso_interrotto_cantiere_j_bis_2026_09_28.py	434	1	0	1	0	
Betfair.safe_strategy.tests.test_flusso_su_master_cantiere_j2_2026_09_28	Betfair/safe_strategy/tests/test_flusso_su_master_cantiere_j2_2026_09_28.py	470	1	0	0	0	
Betfair.safe_strategy.tests.test_giro_veloce_c6a_2026_09_23	Betfair/safe_strategy/tests/test_giro_veloce_c6a_2026_09_23.py	503	1	0	0	0	
Betfair.safe_strategy.tests.test_hedge_sull_abbinato_2026_09_18	Betfair/safe_strategy/tests/test_hedge_sull_abbinato_2026_09_18.py	63	1	0	0	0	
Betfair.safe_strategy.tests.test_incidente_quote_2026_09_17	Betfair/safe_strategy/tests/test_incidente_quote_2026_09_17.py	1169	1	0	1	0	
Betfair.safe_strategy.tests.test_modalita_model_manual_2026_09_24	Betfair/safe_strategy/tests/test_modalita_model_manual_2026_09_24.py	235	1	0	0	0	
Betfair.safe_strategy.tests.test_opportunity	Betfair/safe_strategy/tests/test_opportunity.py	754	1	2	4	0	
Betfair.safe_strategy.tests.test_p_blocco3_2026_09_28	Betfair/safe_strategy/tests/test_p_blocco3_2026_09_28.py	408	1	0	0	0	
Betfair.safe_strategy.tests.test_p_nessun_fill_di_casa_2026_09_28	Betfair/safe_strategy/tests/test_p_nessun_fill_di_casa_2026_09_28.py	314	1	0	0	0	
Betfair.safe_strategy.tests.test_paper_fill_al_best_2026_09_26	Betfair/safe_strategy/tests/test_paper_fill_al_best_2026_09_26.py	80	1	0	0	0	
Betfair.safe_strategy.tests.test_pnl_netto_commissione_2026_09_30	Betfair/safe_strategy/tests/test_pnl_netto_commissione_2026_09_30.py	447	1	0	0	0	
Betfair.safe_strategy.tests.test_porta_ordini_f5_2026_09_24	Betfair/safe_strategy/tests/test_porta_ordini_f5_2026_09_24.py	1096	1	0	5	0	
Betfair.safe_strategy.tests.test_pre_ko_ou	Betfair/safe_strategy/tests/test_pre_ko_ou.py	184	1	0	0	0	
Betfair.safe_strategy.tests.test_pressure	Betfair/safe_strategy/tests/test_pressure.py	80	1	0	0	0	
Betfair.safe_strategy.tests.test_prezzo_fuori_tolleranza_2026_09_18	Betfair/safe_strategy/tests/test_prezzo_fuori_tolleranza_2026_09_18.py	165	1	0	0	0	
Betfair.safe_strategy.tests.test_prezzo_segnale_b17_2026_09_25	Betfair/safe_strategy/tests/test_prezzo_segnale_b17_2026_09_25.py	129	1	0	0	0	
Betfair.safe_strategy.tests.test_proposte_opportunita_2026_09_17	Betfair/safe_strategy/tests/test_proposte_opportunita_2026_09_17.py	451	1	0	4	0	
Betfair.safe_strategy.tests.test_proposte_scadute_2026_09_26	Betfair/safe_strategy/tests/test_proposte_scadute_2026_09_26.py	127	1	0	0	0	
Betfair.safe_strategy.tests.test_punte_multiple_050_2026_10_04	Betfair/safe_strategy/tests/test_punte_multiple_050_2026_10_04.py	359	1	0	0	0	
Betfair.safe_strategy.tests.test_reperto1_adozione_canale_safe_2026_10_02	Betfair/safe_strategy/tests/test_reperto1_adozione_canale_safe_2026_10_02.py	183	1	0	0	0	
Betfair.safe_strategy.tests.test_replay_tennis_2026_09_16	Betfair/safe_strategy/tests/test_replay_tennis_2026_09_16.py	955	1	0	2	0	
Betfair.safe_strategy.tests.test_resilienza_rete_fix_c_2026_09_26	Betfair/safe_strategy/tests/test_resilienza_rete_fix_c_2026_09_26.py	511	1	0	0	0	
Betfair.safe_strategy.tests.test_resilienza_rete_fix_c_insieme_2026_09_26	Betfair/safe_strategy/tests/test_resilienza_rete_fix_c_insieme_2026_09_26.py	289	1	0	0	0	
Betfair.safe_strategy.tests.test_riconciliazione_tradotti_safe_2026_10_02	Betfair/safe_strategy/tests/test_riconciliazione_tradotti_safe_2026_10_02.py	722	1	0	0	0	
Betfair.safe_strategy.tests.test_risk	Betfair/safe_strategy/tests/test_risk.py	164	1	0	0	0	
Betfair.safe_strategy.tests.test_safe_canale_f3_2026_09_18	Betfair/safe_strategy/tests/test_safe_canale_f3_2026_09_18.py	308	1	0	0	0	
Betfair.safe_strategy.tests.test_safe_d5_2026_09_25	Betfair/safe_strategy/tests/test_safe_d5_2026_09_25.py	609	1	0	0	0	
Betfair.safe_strategy.tests.test_safe_kill_switch_rest_o1_2026_09_24	Betfair/safe_strategy/tests/test_safe_kill_switch_rest_o1_2026_09_24.py	170	1	0	0	0	
Betfair.safe_strategy.tests.test_safe_lambda_quote_prima_2026_09_25	Betfair/safe_strategy/tests/test_safe_lambda_quote_prima_2026_09_25.py	87	1	0	0	0	
Betfair.safe_strategy.tests.test_safe_q1_q4_q5_2026_09_25	Betfair/safe_strategy/tests/test_safe_q1_q4_q5_2026_09_25.py	275	1	0	0	0	
Betfair.safe_strategy.tests.test_safe_q7_q12_2026_09_25	Betfair/safe_strategy/tests/test_safe_q7_q12_2026_09_25.py	387	1	0	0	0	
Betfair.safe_strategy.tests.test_safe_stato_mercato_2026_09_24	Betfair/safe_strategy/tests/test_safe_stato_mercato_2026_09_24.py	225	1	0	0	0	
Betfair.safe_strategy.tests.test_safe_tennis_canale_f8_2026_09_25	Betfair/safe_strategy/tests/test_safe_tennis_canale_f8_2026_09_25.py	124	1	0	0	0	
Betfair.safe_strategy.tests.test_scanner	Betfair/safe_strategy/tests/test_scanner.py	720	1	0	0	0	
Betfair.safe_strategy.tests.test_scanner_mai_cieco_2026_10_02	Betfair/safe_strategy/tests/test_scanner_mai_cieco_2026_10_02.py	636	1	0	0	0	
Betfair.safe_strategy.tests.test_scanner_mike_followed_c1	Betfair/safe_strategy/tests/test_scanner_mike_followed_c1.py	94	1	0	0	0	
Betfair.safe_strategy.tests.test_scheda_al_ms_2026_09_24	Betfair/safe_strategy/tests/test_scheda_al_ms_2026_09_24.py	537	1	0	2	0	
Betfair.safe_strategy.tests.test_selezione_esatto_2026_09_16	Betfair/safe_strategy/tests/test_selezione_esatto_2026_09_16.py	373	1	0	0	0	
Betfair.safe_strategy.tests.test_settlement_betfair_truth_2026_09_17	Betfair/safe_strategy/tests/test_settlement_betfair_truth_2026_09_17.py	212	1	0	0	0	
Betfair.safe_strategy.tests.test_soldi_veri_catena_2026_10_04	Betfair/safe_strategy/tests/test_soldi_veri_catena_2026_10_04.py	285	1	0	0	0	
Betfair.safe_strategy.tests.test_soldi_veri_catena_aggancio_2026_10_04	Betfair/safe_strategy/tests/test_soldi_veri_catena_aggancio_2026_10_04.py	294	1	0	0	0	
Betfair.safe_strategy.tests.test_svuota_le_cache_d2_2026_09_24	Betfair/safe_strategy/tests/test_svuota_le_cache_d2_2026_09_24.py	182	1	0	0	0	
Betfair.safe_strategy.tests.test_tennis_opportunity	Betfair/safe_strategy/tests/test_tennis_opportunity.py	351	1	0	0	0	
Betfair.safe_strategy.tests.test_uscite_automatiche_2026_09_25	Betfair/safe_strategy/tests/test_uscite_automatiche_2026_09_25.py	229	1	0	0	0	
Betfair.safe_strategy.tests.test_uscite_manuali_al_riavvio_2026_09_28	Betfair/safe_strategy/tests/test_uscite_manuali_al_riavvio_2026_09_28.py	51	1	0	0	0	
Betfair.safe_strategy.tests.test_velocita_feed_2026_09_30	Betfair/safe_strategy/tests/test_velocita_feed_2026_09_30.py	602	1	0	0	0	
Betfair.safe_strategy.tests.test_volume_mo_2026_09_26	Betfair/safe_strategy/tests/test_volume_mo_2026_09_26.py	50	1	0	0	0	
Betfair.safe_strategy.tools	Betfair/safe_strategy/tools/__init__.py	1	0	18	10	0	
Betfair.safe_strategy.tools.backtest_opportunity	Betfair/safe_strategy/tools/backtest_opportunity.py	447	0	0	1	1	
Betfair.safe_strategy.tools.conta_operazioni_live	Betfair/safe_strategy/tools/conta_operazioni_live.py	81	0	0	0	1	
Betfair.safe_strategy.tools.falsifica_c6a_2026_09_23	Betfair/safe_strategy/tools/falsifica_c6a_2026_09_23.py	160	0	0	0	1	
Betfair.safe_strategy.tools.falsifica_f0_f1_2026_09_18	Betfair/safe_strategy/tools/falsifica_f0_f1_2026_09_18.py	333	0	0	0	1	
Betfair.safe_strategy.tools.falsifica_f4_2026_09_18	Betfair/safe_strategy/tools/falsifica_f4_2026_09_18.py	144	0	0	0	1	
Betfair.safe_strategy.tools.genera_oro_banda_strategia	Betfair/safe_strategy/tools/genera_oro_banda_strategia.py	92	0	0	1	1	
Betfair.safe_strategy.tools.genera_oro_valuta_proposta	Betfair/safe_strategy/tools/genera_oro_valuta_proposta.py	119	0	1	2	1	
Betfair.safe_strategy.tools.replay_registrazioni	Betfair/safe_strategy/tools/replay_registrazioni.py	2092	0	4	4	1	
Betfair.safe_strategy.tools.replay_tennis	Betfair/safe_strategy/tools/replay_tennis.py	1577	0	0	4	1	
Betfair.safe_strategy.tools.sonda_canale_scan_2026_09_18	Betfair/safe_strategy/tools/sonda_canale_scan_2026_09_18.py	225	0	0	0	1	
Betfair.safe_strategy.tools.sonda_righe_scan_2026_09_18	Betfair/safe_strategy/tools/sonda_righe_scan_2026_09_18.py	67	0	0	0	0	
Betfair.safe_strategy.tools.storia_operazioni	Betfair/safe_strategy/tools/storia_operazioni.py	168	0	0	0	1	
Betfair.safe_strategy.tools.synth_safe	Betfair/safe_strategy/tools/synth_safe.py	973	0	0	0	1	
Betfair.safe_strategy.tools.validate_opportunity	Betfair/safe_strategy/tools/validate_opportunity.py	876	0	7	3	1	
Betfair.safe_strategy.veto_campionati	Betfair/safe_strategy/veto_campionati.py	233	0	2	2	0	
Betfair.stream	Betfair/stream/__init__.py	13	0	93	132	0	
Betfair.stream.arresto_ordinato	Betfair/stream/arresto_ordinato.py	77	0	9	5	0	
Betfair.stream.auth	Betfair/stream/auth.py	294	0	22	3	0	
Betfair.stream.auto_follow	Betfair/stream/auto_follow.py	1111	0	3	7	0	
Betfair.stream.avvio_app	Betfair/stream/avvio_app.py	336	0	10	14	0	
Betfair.stream.backtest	Betfair/stream/backtest/__init__.py	31	0	39	56	0	
Betfair.stream.backtest.applica_bot	Betfair/stream/backtest/applica_bot.py	892	0	2	4	1	
Betfair.stream.backtest.banco_comune	Betfair/stream/backtest/banco_comune.py	3046	0	13	32	0	
Betfair.stream.backtest.certifica	Betfair/stream/backtest/certifica.py	1084	0	17	20	1	
Betfair.stream.backtest.chiusura_parziale	Betfair/stream/backtest/chiusura_parziale.py	994	0	8	5	0	
Betfair.stream.backtest.minimi_banco	Betfair/stream/backtest/minimi_banco.py	282	0	4	11	0	
Betfair.stream.backtest.porta_banco	Betfair/stream/backtest/porta_banco.py	834	0	3	5	0	
Betfair.stream.backtest.proposte_modello	Betfair/stream/backtest/proposte_modello.py	1393	0	3	1	0	
Betfair.stream.backtest.registro_bot	Betfair/stream/backtest/registro_bot.py	440	0	3	15	0	
Betfair.stream.backtest.run_backtest	Betfair/stream/backtest/run_backtest.py	493	0	4	2	0	
Betfair.stream.backtest.sim_strategy	Betfair/stream/backtest/sim_strategy.py	360	0	6	0	0	
Betfair.stream.backtest.tools	Betfair/stream/backtest/tools/__init__.py	0	0	0	0	0	
Betfair.stream.backtest.tools.misura_punto8	Betfair/stream/backtest/tools/misura_punto8/__init__.py	0	0	11	2	0	
Betfair.stream.backtest.tools.misura_punto8.comune	Betfair/stream/backtest/tools/misura_punto8/comune.py	216	0	7	1	0	
Betfair.stream.backtest.tools.misura_punto8.estrai_db	Betfair/stream/backtest/tools/misura_punto8/estrai_db.py	396	0	0	1	1	
Betfair.stream.backtest.tools.misura_punto8.falsifica_misura_punto8	Betfair/stream/backtest/tools/misura_punto8/falsifica_misura_punto8.py	141	0	0	0	1	
Betfair.stream.backtest.tools.misura_punto8.m1_mike	Betfair/stream/backtest/tools/misura_punto8/m1_mike.py	263	0	0	1	1	
Betfair.stream.backtest.tools.misura_punto8.o1_catena_lambda	Betfair/stream/backtest/tools/misura_punto8/o1_catena_lambda.py	484	0	2	1	1	
Betfair.stream.backtest.tools.misura_punto8.o5_rossi	Betfair/stream/backtest/tools/misura_punto8/o5_rossi.py	318	0	0	2	1	
Betfair.stream.backtest.tools.misura_punto8.o6_coda	Betfair/stream/backtest/tools/misura_punto8/o6_coda.py	209	0	0	1	1	
Betfair.stream.backtest.tools.misura_punto8.percorsi	Betfair/stream/backtest/tools/misura_punto8/percorsi.py	63	0	6	1	0	
Betfair.stream.backtest.tools.misura_punto8.s2_calibrazione_uscita	Betfair/stream/backtest/tools/misura_punto8/s2_calibrazione_uscita.py	231	0	0	1	1	
Betfair.stream.backtest.tools.misura_punto8.t1_superficie	Betfair/stream/backtest/tools/misura_punto8/t1_superficie.py	197	0	0	1	1	
Betfair.stream.backtest.tools.misura_punto8.test_misura_punto8	Betfair/stream/backtest/tools/misura_punto8/test_misura_punto8.py	777	1	0	0	0	
Betfair.stream.backtest.tools.misura_punto8.x1_bias	Betfair/stream/backtest/tools/misura_punto8/x1_bias.py	345	0	0	1	1	
Betfair.stream.backtest.trasporto	Betfair/stream/backtest/trasporto.py	633	0	8	6	0	
Betfair.stream.backtest.trasporto_rapido	Betfair/stream/backtest/trasporto_rapido.py	1778	0	1	5	0	
Betfair.stream.backtest.uscite_manuali	Betfair/stream/backtest/uscite_manuali.py	568	0	4	6	0	
Betfair.stream.backtest.varianti_bot	Betfair/stream/backtest/varianti_bot.py	461	0	7	4	0	
Betfair.stream.backtest.worker	Betfair/stream/backtest/worker.py	102	0	0	1	1	
Betfair.stream.board_worker	Betfair/stream/board_worker.py	230	0	6	2	0	
Betfair.stream.canale_bot	Betfair/stream/canale_bot.py	426	0	16	13	0	
Betfair.stream.client_paper_affiancato	Betfair/stream/client_paper_affiancato.py	53	0	2	0	0	
Betfair.stream.config_stream	Betfair/stream/config_stream.py	339	0	20	7	0	
Betfair.stream.curator	Betfair/stream/curator.py	186	0	4	3	0	
Betfair.stream.daily_stop_worker	Betfair/stream/daily_stop_worker.py	508	0	1	1	0	
Betfair.stream.db	Betfair/stream/db.py	1189	0	23	37	0	
Betfair.stream.engine	Betfair/stream/engine/__init__.py	1	0	4	6	0	
Betfair.stream.engine.live_engine	Betfair/stream/engine/live_engine.py	386	0	5	3	0	
Betfair.stream.engine.live_engine_pro	Betfair/stream/engine/live_engine_pro.py	633	0	6	5	0	
Betfair.stream.engine.live_trading_strategy	Betfair/stream/engine/live_trading_strategy.py	424	0	7	15	0	
Betfair.stream.esiti_ordini_canale	Betfair/stream/esiti_ordini_canale.py	850	0	6	3	0	
Betfair.stream.flusso_prezzi	Betfair/stream/flusso_prezzi.py	345	0	8	8	0	
Betfair.stream.frammenti_mercato	Betfair/stream/frammenti_mercato.py	665	0	1	4	0	
Betfair.stream.ladder_canale	Betfair/stream/ladder_canale.py	169	0	3	2	0	
Betfair.stream.limits	Betfair/stream/limits.py	74	0	1	0	0	
Betfair.stream.live_order_build	Betfair/stream/live_order_build.py	942	0	17	11	0	
Betfair.stream.live_order_worker	Betfair/stream/live_order_worker.py	3997	0	10	33	0	
Betfair.stream.local_channel	Betfair/stream/local_channel.py	767	0	21	24	0	
Betfair.stream.modo_ordini	Betfair/stream/modo_ordini.py	406	0	12	19	0	
Betfair.stream.motore_ordini	Betfair/stream/motore_ordini.py	2434	0	4	23	0	
Betfair.stream.net_retry	Betfair/stream/net_retry.py	108	0	4	1	0	
Betfair.stream.odds_http	Betfair/stream/odds_http.py	234	0	1	0	0	
Betfair.stream.orologio	Betfair/stream/orologio.py	217	0	2	1	0	
Betfair.stream.raw_listener	Betfair/stream/raw_listener.py	325	0	5	7	0	
Betfair.stream.reconcile_worker	Betfair/stream/reconcile_worker.py	1355	0	3	9	0	
Betfair.stream.recorder	Betfair/stream/recorder.py	249	0	5	7	0	
Betfair.stream.riserva_prezzi	Betfair/stream/riserva_prezzi.py	190	0	3	1	0	
Betfair.stream.risk_engine_worker	Betfair/stream/risk_engine_worker.py	1237	0	1	3	0	
Betfair.stream.runner	Betfair/stream/runner.py	3171	0	0	32	1	
Betfair.stream.runner_lifecycle	Betfair/stream/runner_lifecycle.py	291	0	6	5	0	
Betfair.stream.saldo_evento	Betfair/stream/saldo_evento.py	252	0	3	1	0	
Betfair.stream.scalper	Betfair/stream/scalper/__init__.py	34	0	34	42	0	
Betfair.stream.scalper.atlante_a_domanda	Betfair/stream/scalper/atlante_a_domanda.py	532	0	1	3	0	
Betfair.stream.scalper.atlante_v4	Betfair/stream/scalper/atlante_v4.py	848	0	11	5	0	
Betfair.stream.scalper.auto_mode	Betfair/stream/scalper/auto_mode.py	440	0	5	5	0	
Betfair.stream.scalper.bias_resolver	Betfair/stream/scalper/bias_resolver.py	229	0	2	3	0	
Betfair.stream.scalper.certificazione	Betfair/stream/scalper/certificazione.py	2472	0	1	14	0	
Betfair.stream.scalper.genera_atlante	Betfair/stream/scalper/genera_atlante.py	1289	0	12	8	1	
Betfair.stream.scalper.habitat_scan	Betfair/stream/scalper/habitat_scan.py	196	0	1	0	1	
Betfair.stream.scalper.hazard_atlas	Betfair/stream/scalper/hazard_atlas.py	425	0	11	7	0	
Betfair.stream.scalper.hazard_atlas_sync	Betfair/stream/scalper/hazard_atlas_sync.py	213	0	1	1	0	
Betfair.stream.scalper.media_under_bot	Betfair/stream/scalper/media_under_bot.py	2637	0	3	8	0	
Betfair.stream.scalper.risk_semaphore	Betfair/stream/scalper/risk_semaphore.py	92	0	5	1	0	
Betfair.stream.scalper.run_scalper	Betfair/stream/scalper/run_scalper.py	152	0	0	1	0	
Betfair.stream.scalper.run_scalper_live	Betfair/stream/scalper/run_scalper_live.py	292	0	0	2	1	
Betfair.stream.scalper.run_theta	Betfair/stream/scalper/run_theta.py	289	0	0	1	1	
Betfair.stream.scalper.scalper_bot	Betfair/stream/scalper/scalper_bot.py	3315	0	14	16	0	
Betfair.stream.scalper.scalper_service	Betfair/stream/scalper/scalper_service.py	982	0	2	11	1	
Betfair.stream.scalper.scalper_session	Betfair/stream/scalper/scalper_session.py	2303	0	2	27	1	
Betfair.stream.scalper.sniper_bot	Betfair/stream/scalper/sniper_bot.py	1387	0	4	7	0	
Betfair.stream.scalper.theta_bot	Betfair/stream/scalper/theta_bot.py	1313	0	2	2	0	
Betfair.stream.scalper.tools	Betfair/stream/scalper/tools/__init__.py	1	0	5	14	0	
Betfair.stream.scalper.tools.atlas_report	Betfair/stream/scalper/tools/atlas_report.py	96	0	0	0	0	
Betfair.stream.scalper.tools.atlas_v0	Betfair/stream/scalper/tools/atlas_v0.py	275	0	0	0	1	
Betfair.stream.scalper.tools.mcm	Betfair/stream/scalper/tools/mcm.py	180	0	1	0	0	
Betfair.stream.scalper.tools.replay_registrazioni	Betfair/stream/scalper/tools/replay_registrazioni.py	3803	0	1	14	0	
Betfair.stream.scalper.validazione_hazard	Betfair/stream/scalper/validazione_hazard/__init__.py	11	0	18	4	0	
Betfair.stream.scalper.validazione_hazard.banco	Betfair/stream/scalper/validazione_hazard/banco.py	695	0	6	0	1	
Betfair.stream.scalper.validazione_hazard.candidati	Betfair/stream/scalper/validazione_hazard/candidati.py	437	0	4	4	0	
Betfair.stream.scalper.validazione_hazard.dati	Betfair/stream/scalper/validazione_hazard/dati.py	240	0	7	4	0	
Betfair.stream.scalper.validazione_hazard.forza	Betfair/stream/scalper/validazione_hazard/forza.py	50	0	3	2	0	
Betfair.stream.scalper.validazione_hazard.metriche	Betfair/stream/scalper/validazione_hazard/metriche.py	132	0	3	1	0	
Betfair.stream.scalper.validazione_hazard.modello_b1	Betfair/stream/scalper/validazione_hazard/modello_b1.py	105	0	2	0	0	
Betfair.stream.scalper.validazione_hazard.parita	Betfair/stream/scalper/validazione_hazard/parita.py	57	0	1	0	0	
Betfair.stream.scalper.validazione_hazard.produzione	Betfair/stream/scalper/validazione_hazard/produzione.py	123	0	2	1	0	
Betfair.stream.scalper.validazione_hazard.raccogli	Betfair/stream/scalper/validazione_hazard/raccogli.py	167	0	7	3	1	
Betfair.stream.scalper.validazione_hazard.stati	Betfair/stream/scalper/validazione_hazard/stati.py	97	0	3	4	0	
Betfair.stream.scalper.validazione_hazard.taratura_b1	Betfair/stream/scalper/validazione_hazard/taratura_b1.py	66	0	0	0	1	
Betfair.stream.scores	Betfair/stream/scores/__init__.py	1	0	9	7	0	
Betfair.stream.scores.api_football	Betfair/stream/scores/api_football.py	89	0	1	1	0	
Betfair.stream.scores.base	Betfair/stream/scores/base.py	57	0	4	2	0	
Betfair.stream.scores.betfair_inplay	Betfair/stream/scores/betfair_inplay.py	198	0	7	2	0	
Betfair.stream.scores.poller	Betfair/stream/scores/poller.py	104	0	1	1	0	
Betfair.stream.scores.scan_feed	Betfair/stream/scores/scan_feed.py	540	0	9	7	0	
Betfair.stream.single_instance	Betfair/stream/single_instance.py	36	0	9	2	0	
Betfair.stream.sottoscrizione_a_caldo	Betfair/stream/sottoscrizione_a_caldo.py	113	0	3	4	0	
Betfair.stream.stream_muto	Betfair/stream/stream_muto.py	292	0	4	3	0	
Betfair.stream.sveglia_canale	Betfair/stream/sveglia_canale.py	390	0	4	5	0	
Betfair.stream.tempi_ordine	Betfair/stream/tempi_ordine.py	455	0	4	1	0	
Betfair.stream.tennis_live	Betfair/stream/tennis_live/__init__.py	12	0	19	50	0	
Betfair.stream.tennis_live.auto_mode	Betfair/stream/tennis_live/auto_mode.py	270	0	4	3	0	
Betfair.stream.tennis_live.canale_bot_tennis	Betfair/stream/tennis_live/canale_bot_tennis.py	357	0	3	1	0	
Betfair.stream.tennis_live.certificazione_bot	Betfair/stream/tennis_live/certificazione_bot.py	1189	0	1	5	0	
Betfair.stream.tennis_live.chiusura_manuale	Betfair/stream/tennis_live/chiusura_manuale.py	425	0	5	2	0	
Betfair.stream.tennis_live.esecutore_tennis	Betfair/stream/tennis_live/esecutore_tennis.py	618	0	3	5	0	
Betfair.stream.tennis_live.guardie_tennis	Betfair/stream/tennis_live/guardie_tennis.py	487	0	5	8	0	
Betfair.stream.tennis_live.iscrizione_a_caldo	Betfair/stream/tennis_live/iscrizione_a_caldo.py	322	0	4	4	0	
Betfair.stream.tennis_live.mercati_registrati	Betfair/stream/tennis_live/mercati_registrati.py	95	0	2	1	0	
Betfair.stream.tennis_live.paper_execution	Betfair/stream/tennis_live/paper_execution.py	113	0	2	1	0	
Betfair.stream.tennis_live.tennis_bot_service	Betfair/stream/tennis_live/tennis_bot_service.py	1183	0	3	20	1	
Betfair.stream.tennis_live.tennis_db	Betfair/stream/tennis_live/tennis_db.py	869	0	7	9	0	
Betfair.stream.tennis_live.tennis_live_order_worker	Betfair/stream/tennis_live/tennis_live_order_worker.py	1831	0	7	15	0	
Betfair.stream.tennis_live.tennis_recorder	Betfair/stream/tennis_live/tennis_recorder.py	384	0	2	4	0	
Betfair.stream.tennis_live.tennis_runner	Betfair/stream/tennis_live/tennis_runner.py	3483	0	4	37	1	
Betfair.stream.tennis_live.tests	Betfair/stream/tennis_live/tests/__init__.py	0	1	0	44	0	
Betfair.stream.tennis_live.tests.test_cantiere_d2_chiusure_esatte_2026_09_28	Betfair/stream/tennis_live/tests/test_cantiere_d2_chiusure_esatte_2026_09_28.py	380	1	0	7	0	
Betfair.stream.tennis_live.tests.test_cantiere_d2_chiusure_via_bot_2026_09_28	Betfair/stream/tennis_live/tests/test_cantiere_d2_chiusure_via_bot_2026_09_28.py	165	1	0	5	0	
Betfair.stream.tennis_live.tests.test_cantiere_d2_minimo_e_specchio_2026_09_28	Betfair/stream/tennis_live/tests/test_cantiere_d2_minimo_e_specchio_2026_09_28.py	353	1	0	0	0	
Betfair.stream.tennis_live.tests.test_cantiere_t_pro_residuo_2026_09_28	Betfair/stream/tennis_live/tests/test_cantiere_t_pro_residuo_2026_09_28.py	173	1	0	11	0	
Betfair.stream.tennis_live.tests.test_cantiere_t_scalper_sequenze_2026_09_28	Betfair/stream/tennis_live/tests/test_cantiere_t_scalper_sequenze_2026_09_28.py	280	1	0	1	0	
Betfair.stream.tennis_live.tests.test_certificazione_pro_scalper_2026_10_04	Betfair/stream/tennis_live/tests/test_certificazione_pro_scalper_2026_10_04.py	253	1	0	0	0	
Betfair.stream.tennis_live.tests.test_chiudi_ora_bot_tennis_2026_09_24	Betfair/stream/tennis_live/tests/test_chiudi_ora_bot_tennis_2026_09_24.py	808	1	0	0	0	
Betfair.stream.tennis_live.tests.test_falsificazione_bot_tennis_2026_09_17	Betfair/stream/tennis_live/tests/test_falsificazione_bot_tennis_2026_09_17.py	333	1	0	0	0	
Betfair.stream.tennis_live.tests.test_fine_evento_tennis_2026_09_28	Betfair/stream/tennis_live/tests/test_fine_evento_tennis_2026_09_28.py	411	1	0	0	0	
Betfair.stream.tennis_live.tests.test_ladder_modo_effettivo_tennis_2026_10_04	Betfair/stream/tennis_live/tests/test_ladder_modo_effettivo_tennis_2026_10_04.py	71	1	0	0	0	
Betfair.stream.tennis_live.tests.test_modalita_e_guardie_tennis_2026_09_24	Betfair/stream/tennis_live/tests/test_modalita_e_guardie_tennis_2026_09_24.py	834	1	0	2	0	
Betfair.stream.tennis_live.tests.test_modo_effettivo_tennis_2026_10_04	Betfair/stream/tennis_live/tests/test_modo_effettivo_tennis_2026_10_04.py	378	1	0	0	0	
Betfair.stream.tennis_live.tests.test_motore_ordini_tennis_2026_09_25	Betfair/stream/tennis_live/tests/test_motore_ordini_tennis_2026_09_25.py	508	1	0	2	0	
Betfair.stream.tennis_live.tests.test_paper_execution_gap5	Betfair/stream/tennis_live/tests/test_paper_execution_gap5.py	357	1	0	0	0	
Betfair.stream.tennis_live.tests.test_paper_live_separati_tennis_2026_10_04	Betfair/stream/tennis_live/tests/test_paper_live_separati_tennis_2026_10_04.py	224	1	0	1	0	
Betfair.stream.tennis_live.tests.test_ponte_interruttori_2026_09_17	Betfair/stream/tennis_live/tests/test_ponte_interruttori_2026_09_17.py	244	1	0	0	0	
Betfair.stream.tennis_live.tests.test_pro_fade_dopo_break_2026_10_07	Betfair/stream/tennis_live/tests/test_pro_fade_dopo_break_2026_10_07.py	157	1	0	0	0	
Betfair.stream.tennis_live.tests.test_pro_nome_ips_troncato_2026_10_07	Betfair/stream/tennis_live/tests/test_pro_nome_ips_troncato_2026_10_07.py	32	1	0	0	0	
Betfair.stream.tennis_live.tests.test_pro_prezzo_vivo_2026_10_07	Betfair/stream/tennis_live/tests/test_pro_prezzo_vivo_2026_10_07.py	92	1	0	0	0	
Betfair.stream.tennis_live.tests.test_r2_tennis_paper_al_nuovo_avvio_2026_09_25	Betfair/stream/tennis_live/tests/test_r2_tennis_paper_al_nuovo_avvio_2026_09_25.py	278	1	0	1	0	
Betfair.stream.tennis_live.tests.test_rec_tutti_i_mercati_2026_10_07	Betfair/stream/tennis_live/tests/test_rec_tutti_i_mercati_2026_10_07.py	272	1	0	0	0	
Betfair.stream.tennis_live.tests.test_residui_flb_swing_2026_10_04	Betfair/stream/tennis_live/tests/test_residui_flb_swing_2026_10_04.py	90	1	0	0	0	
Betfair.stream.tennis_live.tests.test_residui_ricordati_2026_10_04	Betfair/stream/tennis_live/tests/test_residui_ricordati_2026_10_04.py	269	1	0	0	0	
Betfair.stream.tennis_live.tests.test_scalper_tennis_cp4_parcheggio_2026_10_07	Betfair/stream/tennis_live/tests/test_scalper_tennis_cp4_parcheggio_2026_10_07.py	199	1	0	0	0	
Betfair.stream.tennis_live.tests.test_set_summary_2026_09_26	Betfair/stream/tennis_live/tests/test_set_summary_2026_09_26.py	53	1	0	0	0	
Betfair.stream.tennis_live.tests.test_soldi_veri_bot_tennis_2026_10_04	Betfair/stream/tennis_live/tests/test_soldi_veri_bot_tennis_2026_10_04.py	193	1	0	0	0	
Betfair.stream.tennis_live.tests.test_specchio_pnl_ref_2026_09_17	Betfair/stream/tennis_live/tests/test_specchio_pnl_ref_2026_09_17.py	249	1	0	1	0	
Betfair.stream.tennis_live.tests.test_tennis_audit_runner	Betfair/stream/tennis_live/tests/test_tennis_audit_runner.py	604	1	0	0	0	
Betfair.stream.tennis_live.tests.test_tennis_auto_mode_2026_09_25	Betfair/stream/tennis_live/tests/test_tennis_auto_mode_2026_09_25.py	910	1	0	2	0	
Betfair.stream.tennis_live.tests.test_tennis_bot_canale_f3_2026_09_18	Betfair/stream/tennis_live/tests/test_tennis_bot_canale_f3_2026_09_18.py	297	1	0	0	0	
Betfair.stream.tennis_live.tests.test_tennis_bot_canale_posizioni_2026_09_24	Betfair/stream/tennis_live/tests/test_tennis_bot_canale_posizioni_2026_09_24.py	524	1	0	0	0	
Betfair.stream.tennis_live.tests.test_tennis_bot_params	Betfair/stream/tennis_live/tests/test_tennis_bot_params.py	74	1	0	0	0	
Betfair.stream.tennis_live.tests.test_tennis_bot_service_lock	Betfair/stream/tennis_live/tests/test_tennis_bot_service_lock.py	86	1	0	0	0	
Betfair.stream.tennis_live.tests.test_tennis_cashout_amount_2026_09_10	Betfair/stream/tennis_live/tests/test_tennis_cashout_amount_2026_09_10.py	103	1	0	0	0	
Betfair.stream.tennis_live.tests.test_tennis_chiusura_2026_09_26	Betfair/stream/tennis_live/tests/test_tennis_chiusura_2026_09_26.py	542	1	0	1	0	
Betfair.stream.tennis_live.tests.test_tennis_firme_e_proposte_2026_09_28	Betfair/stream/tennis_live/tests/test_tennis_firme_e_proposte_2026_09_28.py	70	1	0	0	0	
Betfair.stream.tennis_live.tests.test_tennis_hardening	Betfair/stream/tennis_live/tests/test_tennis_hardening.py	498	1	0	0	0	
Betfair.stream.tennis_live.tests.test_tennis_iscrizione_a_caldo_2026_09_25	Betfair/stream/tennis_live/tests/test_tennis_iscrizione_a_caldo_2026_09_25.py	732	1	0	13	0	
Betfair.stream.tennis_live.tests.test_tennis_ladder	Betfair/stream/tennis_live/tests/test_tennis_ladder.py	93	1	0	0	0	
Betfair.stream.tennis_live.tests.test_tennis_mission_done	Betfair/stream/tennis_live/tests/test_tennis_mission_done.py	134	1	0	0	0	
Betfair.stream.tennis_live.tests.test_tennis_order_payload	Betfair/stream/tennis_live/tests/test_tennis_order_payload.py	196	1	0	0	0	
Betfair.stream.tennis_live.tests.test_tennis_pro_superficie_runner_2026_09_25	Betfair/stream/tennis_live/tests/test_tennis_pro_superficie_runner_2026_09_25.py	296	1	0	0	0	
Betfair.stream.tennis_live.tests.test_tennis_recorder	Betfair/stream/tennis_live/tests/test_tennis_recorder.py	259	1	0	0	0	
Betfair.stream.tennis_live.tests.test_tennis_score_state	Betfair/stream/tennis_live/tests/test_tennis_score_state.py	96	1	0	0	0	
Betfair.stream.tennis_live.tests.test_tennis_single_stream_2026_09_09	Betfair/stream/tennis_live/tests/test_tennis_single_stream_2026_09_09.py	92	1	0	0	0	
Betfair.stream.tennis_live.tests.test_tennis_uscite_manuali_al_riavvio_2026_09_28	Betfair/stream/tennis_live/tests/test_tennis_uscite_manuali_al_riavvio_2026_09_28.py	113	1	0	0	0	
Betfair.stream.tennis_live.tests.test_worker_minimi_tennis_2026_10_04	Betfair/stream/tennis_live/tests/test_worker_minimi_tennis_2026_10_04.py	123	1	0	0	0	
Betfair.stream.tennis_live.tools	Betfair/stream/tennis_live/tools/__init__.py	0	0	4	7	0	
Betfair.stream.tennis_live.tools.replay_bot	Betfair/stream/tennis_live/tools/replay_bot.py	1679	0	3	7	1	
Betfair.stream.tennis_replay	Betfair/stream/tennis_replay/__init__.py	11	0	3	3	0	
Betfair.stream.tennis_replay.caricamento	Betfair/stream/tennis_replay/caricamento.py	112	0	2	2	0	
Betfair.stream.tennis_replay.convertitore	Betfair/stream/tennis_replay/convertitore.py	523	0	6	2	0	
Betfair.stream.tennis_replay.importa	Betfair/stream/tennis_replay/importa.py	165	0	1	1	1	
Betfair.stream.tennis_replay.tests	Betfair/stream/tennis_replay/tests/__init__.py	0	1	0	4	0	
Betfair.stream.tennis_replay.tests.dati_tennis	Betfair/stream/tennis_replay/tests/dati_tennis.py	123	1	2	3	0	
Betfair.stream.tennis_replay.tests.test_caricamento_importa_2026_10_07	Betfair/stream/tennis_replay/tests/test_caricamento_importa_2026_10_07.py	227	1	0	0	0	
Betfair.stream.tennis_replay.tests.test_convertitore_2026_10_07	Betfair/stream/tennis_replay/tests/test_convertitore_2026_10_07.py	353	1	0	0	0	
Betfair.stream.tennis_replay.tests.test_fine_partita_runner_2026_10_07	Betfair/stream/tennis_replay/tests/test_fine_partita_runner_2026_10_07.py	150	1	0	0	0	
Betfair.stream.tennis_scalper	Betfair/stream/tennis_scalper/__init__.py	0	0	22	14	0	
Betfair.stream.tennis_scalper.backtest_pro	Betfair/stream/tennis_scalper/backtest_pro.py	169	0	0	0	1	
Betfair.stream.tennis_scalper.condotta_ordini	Betfair/stream/tennis_scalper/condotta_ordini.py	867	0	7	9	0	
Betfair.stream.tennis_scalper.flb_backtest	Betfair/stream/tennis_scalper/flb_backtest.py	141	0	0	0	1	
Betfair.stream.tennis_scalper.record_multi	Betfair/stream/tennis_scalper/record_multi.py	333	0	0	0	1	
Betfair.stream.tennis_scalper.record_tennis	Betfair/stream/tennis_scalper/record_tennis.py	71	0	0	0	1	
Betfair.stream.tennis_scalper.research_data	Betfair/stream/tennis_scalper/research_data.py	130	0	0	0	0	
Betfair.stream.tennis_scalper.run_tennis_pro	Betfair/stream/tennis_scalper/run_tennis_pro.py	159	0	0	0	1	
Betfair.stream.tennis_scalper.run_tennis_scalper	Betfair/stream/tennis_scalper/run_tennis_scalper.py	329	0	1	0	1	
Betfair.stream.tennis_scalper.superficie	Betfair/stream/tennis_scalper/superficie.py	322	0	1	1	0	
Betfair.stream.tennis_scalper.tennis_flb_bot	Betfair/stream/tennis_scalper/tennis_flb_bot.py	727	0	3	12	0	
Betfair.stream.tennis_scalper.tennis_pro_bot	Betfair/stream/tennis_scalper/tennis_pro_bot.py	1317	0	3	17	0	
Betfair.stream.tennis_scalper.tennis_scalper_bot	Betfair/stream/tennis_scalper/tennis_scalper_bot.py	2974	0	9	17	0	
Betfair.stream.tennis_scalper.tennis_score	Betfair/stream/tennis_scalper/tennis_score.py	265	0	12	10	0	
Betfair.stream.tennis_scalper.tennis_serve_data	Betfair/stream/tennis_scalper/tennis_serve_data.py	71	0	1	2	0	
Betfair.stream.tennis_scalper.tennis_swing_bot	Betfair/stream/tennis_scalper/tennis_swing_bot.py	810	0	3	9	0	
Betfair.stream.tennis_scalper.tennis_winprob	Betfair/stream/tennis_scalper/tennis_winprob.py	97	0	4	1	1	
Betfair.stream.tennis_scalper.tests	Betfair/stream/tennis_scalper/tests/__init__.py	0	1	0	17	0	
Betfair.stream.tennis_scalper.tests.test_cantiere_u_proposte_a_zero_2026_09_29	Betfair/stream/tennis_scalper/tests/test_cantiere_u_proposte_a_zero_2026_09_29.py	362	1	0	0	0	
Betfair.stream.tennis_scalper.tests.test_condotta_ordini_2026_09_17	Betfair/stream/tennis_scalper/tests/test_condotta_ordini_2026_09_17.py	273	1	0	0	0	
Betfair.stream.tennis_scalper.tests.test_reperti_money_critical_2026_09_17	Betfair/stream/tennis_scalper/tests/test_reperti_money_critical_2026_09_17.py	270	1	0	0	0	
Betfair.stream.tennis_scalper.tests.test_tennis_audit_fixes	Betfair/stream/tennis_scalper/tests/test_tennis_audit_fixes.py	513	1	0	0	0	
Betfair.stream.tennis_scalper.tests.test_tennis_config	Betfair/stream/tennis_scalper/tests/test_tennis_config.py	47	1	0	0	0	
Betfair.stream.tennis_scalper.tests.test_tennis_flb	Betfair/stream/tennis_scalper/tests/test_tennis_flb.py	135	1	0	0	0	
Betfair.stream.tennis_scalper.tests.test_tennis_flb_hybrid	Betfair/stream/tennis_scalper/tests/test_tennis_flb_hybrid.py	97	1	0	3	0	
Betfair.stream.tennis_scalper.tests.test_tennis_greenup	Betfair/stream/tennis_scalper/tests/test_tennis_greenup.py	52	1	0	0	0	
Betfair.stream.tennis_scalper.tests.test_tennis_mission	Betfair/stream/tennis_scalper/tests/test_tennis_mission.py	237	1	0	0	0	
Betfair.stream.tennis_scalper.tests.test_tennis_pro	Betfair/stream/tennis_scalper/tests/test_tennis_pro.py	215	1	0	0	0	
Betfair.stream.tennis_scalper.tests.test_tennis_pro_staged	Betfair/stream/tennis_scalper/tests/test_tennis_pro_staged.py	137	1	0	3	0	
Betfair.stream.tennis_scalper.tests.test_tennis_pro_superficie_2026_09_25	Betfair/stream/tennis_scalper/tests/test_tennis_pro_superficie_2026_09_25.py	190	1	0	0	0	
Betfair.stream.tennis_scalper.tests.test_tennis_score	Betfair/stream/tennis_scalper/tests/test_tennis_score.py	144	1	0	0	0	
Betfair.stream.tennis_scalper.tests.test_tennis_serve_data	Betfair/stream/tennis_scalper/tests/test_tennis_serve_data.py	25	1	0	0	0	
Betfair.stream.tennis_scalper.tests.test_tennis_swing	Betfair/stream/tennis_scalper/tests/test_tennis_swing.py	262	1	0	3	0	
Betfair.stream.tennis_scalper.tests.test_tennis_timeouts	Betfair/stream/tennis_scalper/tests/test_tennis_timeouts.py	169	1	0	0	0	
Betfair.stream.tennis_scalper.tests.test_uscite_manuali_bot_tennis_2026_09_25	Betfair/stream/tennis_scalper/tests/test_uscite_manuali_bot_tennis_2026_09_25.py	197	1	0	0	0	
Betfair.stream.tennis_scalper.tests.test_uscite_proposte_bot_tennis_2026_09_28	Betfair/stream/tennis_scalper/tests/test_uscite_proposte_bot_tennis_2026_09_28.py	472	1	0	1	0	
Betfair.stream.tennis_scalper.tune_tennis	Betfair/stream/tennis_scalper/tune_tennis.py	161	0	0	0	1	
Betfair.stream.tests	Betfair/stream/tests/__init__.py	0	1	2	208	0	
Betfair.stream.tests.banco_media_under	Betfair/stream/tests/banco_media_under.py	268	1	0	8	0	
Betfair.stream.tests.conftest	Betfair/stream/tests/conftest.py	106	1	0	0	0	
Betfair.stream.tests.test_annuncio_modo_2026_09_26	Betfair/stream/tests/test_annuncio_modo_2026_09_26.py	93	1	0	0	0	
Betfair.stream.tests.test_applica_bot_2026_10_06	Betfair/stream/tests/test_applica_bot_2026_10_06.py	118	1	0	0	0	
Betfair.stream.tests.test_applica_bot_cartelle_tennis_2026_10_08	Betfair/stream/tests/test_applica_bot_cartelle_tennis_2026_10_08.py	150	1	0	0	0	
Betfair.stream.tests.test_applica_bot_tutti_2026_10_07	Betfair/stream/tests/test_applica_bot_tutti_2026_10_07.py	557	1	0	0	0	
Betfair.stream.tests.test_arresto_ordinato_comportamento_2026_09_28	Betfair/stream/tests/test_arresto_ordinato_comportamento_2026_09_28.py	482	1	0	0	0	
Betfair.stream.tests.test_atlante_a_domanda_2026_09_25	Betfair/stream/tests/test_atlante_a_domanda_2026_09_25.py	562	1	0	3	0	
Betfair.stream.tests.test_atlante_a_domanda_coda_scrittura_2026_09_26	Betfair/stream/tests/test_atlante_a_domanda_coda_scrittura_2026_09_26.py	102	1	0	0	0	
Betfair.stream.tests.test_atlante_v4_2026_09_25	Betfair/stream/tests/test_atlante_v4_2026_09_25.py	209	1	0	0	0	
Betfair.stream.tests.test_atlante_v4_collegato_2026_09_25	Betfair/stream/tests/test_atlante_v4_collegato_2026_09_25.py	494	1	2	1	0	
Betfair.stream.tests.test_atlante_v4_forza_id_squadra_2026_09_25	Betfair/stream/tests/test_atlante_v4_forza_id_squadra_2026_09_25.py	655	1	2	0	0	
Betfair.stream.tests.test_atlante_v4_stagione_rif_per_lega_2026_09_26	Betfair/stream/tests/test_atlante_v4_stagione_rif_per_lega_2026_09_26.py	71	1	0	0	0	
Betfair.stream.tests.test_audit_fixes_2026_07	Betfair/stream/tests/test_audit_fixes_2026_07.py	678	1	0	0	0	
Betfair.stream.tests.test_audit_non_silenzioso_2026_09_23	Betfair/stream/tests/test_audit_non_silenzioso_2026_09_23.py	87	1	0	0	0	
Betfair.stream.tests.test_auto_follow_2026_09_25	Betfair/stream/tests/test_auto_follow_2026_09_25.py	729	1	0	2	0	
Betfair.stream.tests.test_avvio_app_2026_09_16	Betfair/stream/tests/test_avvio_app_2026_09_16.py	422	1	0	6	0	
Betfair.stream.tests.test_backtest	Betfair/stream/tests/test_backtest.py	302	1	0	1	0	
Betfair.stream.tests.test_backtest_coverage_2026_07_17	Betfair/stream/tests/test_backtest_coverage_2026_07_17.py	193	1	0	0	0	
Betfair.stream.tests.test_banco_ambiente_dichiarato_2026_10_02	Betfair/stream/tests/test_banco_ambiente_dichiarato_2026_10_02.py	214	1	0	0	0	
Betfair.stream.tests.test_banco_annullo_confermato_2026_09_30	Betfair/stream/tests/test_banco_annullo_confermato_2026_09_30.py	292	1	0	0	0	
Betfair.stream.tests.test_banco_attraversa_2026_10_08	Betfair/stream/tests/test_banco_attraversa_2026_10_08.py	306	1	0	0	0	
Betfair.stream.tests.test_banco_comune_2026_09_16	Betfair/stream/tests/test_banco_comune_2026_09_16.py	1106	1	0	0	0	
Betfair.stream.tests.test_banco_flusso_interrotto_cantiere_j2_2026_09_28	Betfair/stream/tests/test_banco_flusso_interrotto_cantiere_j2_2026_09_28.py	113	1	0	0	0	
Betfair.stream.tests.test_banco_identita_2026_09_16	Betfair/stream/tests/test_banco_identita_2026_09_16.py	701	1	0	0	0	
Betfair.stream.tests.test_banco_mike_ondata2_2026_09_30	Betfair/stream/tests/test_banco_mike_ondata2_2026_09_30.py	246	1	0	0	0	
Betfair.stream.tests.test_banco_minimi_it_2026_10_02	Betfair/stream/tests/test_banco_minimi_it_2026_10_02.py	189	1	0	0	0	
Betfair.stream.tests.test_banco_prestazioni_2026_09_30	Betfair/stream/tests/test_banco_prestazioni_2026_09_30.py	274	1	0	0	0	
Betfair.stream.tests.test_banco_replay_veloce_2026_10_02	Betfair/stream/tests/test_banco_replay_veloce_2026_10_02.py	439	1	0	0	0	
Betfair.stream.tests.test_banco_rifiuto_sul_canale_2026_09_30	Betfair/stream/tests/test_banco_rifiuto_sul_canale_2026_09_30.py	294	1	0	0	0	
Betfair.stream.tests.test_banco_scalper_sniper_2026_09_28	Betfair/stream/tests/test_banco_scalper_sniper_2026_09_28.py	165	1	0	0	0	
Betfair.stream.tests.test_banco_uscite_dichiarate_n3_2026_09_28	Betfair/stream/tests/test_banco_uscite_dichiarate_n3_2026_09_28.py	164	1	0	0	0	
Betfair.stream.tests.test_banco_uscite_manuali_n3_2026_09_28	Betfair/stream/tests/test_banco_uscite_manuali_n3_2026_09_28.py	764	1	0	2	0	
Betfair.stream.tests.test_beta_forza_da_artefatto_2026_09_25	Betfair/stream/tests/test_beta_forza_da_artefatto_2026_09_25.py	76	1	0	0	0	
Betfair.stream.tests.test_bias_resolver	Betfair/stream/tests/test_bias_resolver.py	132	1	0	0	0	
Betfair.stream.tests.test_board_quote_flumine_2026_09_30	Betfair/stream/tests/test_board_quote_flumine_2026_09_30.py	130	1	0	0	0	
Betfair.stream.tests.test_build_order_client	Betfair/stream/tests/test_build_order_client.py	84	1	0	0	0	
Betfair.stream.tests.test_canale_bot_cancellazione_c6c_2026_09_23	Betfair/stream/tests/test_canale_bot_cancellazione_c6c_2026_09_23.py	129	1	0	0	0	
Betfair.stream.tests.test_canale_bot_f3_2026_09_18	Betfair/stream/tests/test_canale_bot_f3_2026_09_18.py	240	1	0	0	0	
Betfair.stream.tests.test_canale_origine_token_c1_2026_09_24	Betfair/stream/tests/test_canale_origine_token_c1_2026_09_24.py	213	1	0	0	0	
Betfair.stream.tests.test_cantiere_s3_critical_e_replacing_2026_09_29	Betfair/stream/tests/test_cantiere_s3_critical_e_replacing_2026_09_29.py	163	1	0	0	0	
Betfair.stream.tests.test_cantiere_s3_uf2_attribuzione_2026_09_29	Betfair/stream/tests/test_cantiere_s3_uf2_attribuzione_2026_09_29.py	196	1	0	1	0	
Betfair.stream.tests.test_cantiere_s4_scratch_firmato_esatto_2026_09_29	Betfair/stream/tests/test_cantiere_s4_scratch_firmato_esatto_2026_09_29.py	105	1	0	0	0	
Betfair.stream.tests.test_cantiere_s4_uf2_altro_mercato_2026_09_29	Betfair/stream/tests/test_cantiere_s4_uf2_altro_mercato_2026_09_29.py	51	1	0	0	0	
Betfair.stream.tests.test_cantiere_s_bis_sniper_2026_09_29	Betfair/stream/tests/test_cantiere_s_bis_sniper_2026_09_29.py	404	1	0	1	0	
Betfair.stream.tests.test_cantiere_s_scalper_ko_2026_09_29	Betfair/stream/tests/test_cantiere_s_scalper_ko_2026_09_29.py	660	1	0	3	0	
Betfair.stream.tests.test_cantiere_v2_replay_veloce_2026_09_29	Betfair/stream/tests/test_cantiere_v2_replay_veloce_2026_09_29.py	204	1	0	0	0	
Betfair.stream.tests.test_cantiere_v_replay_veloce_2026_09_29	Betfair/stream/tests/test_cantiere_v_replay_veloce_2026_09_29.py	382	1	0	0	0	
Betfair.stream.tests.test_cashout_complete_ft	Betfair/stream/tests/test_cashout_complete_ft.py	388	1	0	1	0	
Betfair.stream.tests.test_cashout_pro_2026_09_10	Betfair/stream/tests/test_cashout_pro_2026_09_10.py	942	1	0	3	0	
Betfair.stream.tests.test_cert_banco_2026_09_16	Betfair/stream/tests/test_cert_banco_2026_09_16.py	111	1	0	0	0	
Betfair.stream.tests.test_certifica_esito_dichiarate_2026_09_17	Betfair/stream/tests/test_certifica_esito_dichiarate_2026_09_17.py	154	1	0	0	0	
Betfair.stream.tests.test_certifica_freni_ambiente_d1quater_2026_09_29	Betfair/stream/tests/test_certifica_freni_ambiente_d1quater_2026_09_29.py	80	1	0	0	0	
Betfair.stream.tests.test_certifica_freni_da_banco_2026_09_24	Betfair/stream/tests/test_certifica_freni_da_banco_2026_09_24.py	45	1	0	0	0	
Betfair.stream.tests.test_certifica_replay_esploso_2026_09_23	Betfair/stream/tests/test_certifica_replay_esploso_2026_09_23.py	111	1	0	0	0	
Betfair.stream.tests.test_chiusura_parziale_2026_09_23	Betfair/stream/tests/test_chiusura_parziale_2026_09_23.py	383	1	0	0	0	
Betfair.stream.tests.test_conto_ordini_canale_2026_09_30	Betfair/stream/tests/test_conto_ordini_canale_2026_09_30.py	325	1	0	0	1	
Betfair.stream.tests.test_contratto_strada_unica_2026_09_25	Betfair/stream/tests/test_contratto_strada_unica_2026_09_25.py	414	1	0	0	0	
Betfair.stream.tests.test_controls	Betfair/stream/tests/test_controls.py	288	1	0	0	0	
Betfair.stream.tests.test_coordinatore_cancello_uscite_2026_09_28	Betfair/stream/tests/test_coordinatore_cancello_uscite_2026_09_28.py	98	1	0	0	0	
Betfair.stream.tests.test_cp1_campi_non_scritti_2026_09_23	Betfair/stream/tests/test_cp1_campi_non_scritti_2026_09_23.py	145	1	0	0	0	
Betfair.stream.tests.test_curator	Betfair/stream/tests/test_curator.py	117	1	0	0	0	
Betfair.stream.tests.test_curatore_stato_2026_10_07	Betfair/stream/tests/test_curatore_stato_2026_10_07.py	76	1	0	0	0	
Betfair.stream.tests.test_custode_sessione_runner_2026_09_26	Betfair/stream/tests/test_custode_sessione_runner_2026_09_26.py	62	1	0	0	0	
Betfair.stream.tests.test_daily_pnl	Betfair/stream/tests/test_daily_pnl.py	197	1	0	0	0	
Betfair.stream.tests.test_daily_stop_worker	Betfair/stream/tests/test_daily_stop_worker.py	522	1	0	0	0	
Betfair.stream.tests.test_db_client_timeout_bot_2026_09_28	Betfair/stream/tests/test_db_client_timeout_bot_2026_09_28.py	79	1	0	0	0	
Betfair.stream.tests.test_db_delete_event_rows	Betfair/stream/tests/test_db_delete_event_rows.py	123	1	0	0	0	
Betfair.stream.tests.test_db_insert_resilient	Betfair/stream/tests/test_db_insert_resilient.py	104	1	0	0	0	
Betfair.stream.tests.test_db_live_ladder	Betfair/stream/tests/test_db_live_ladder.py	112	1	0	0	0	
Betfair.stream.tests.test_db_live_order	Betfair/stream/tests/test_db_live_order.py	146	1	0	0	0	
Betfair.stream.tests.test_db_upsert_live_account_manual_pnl	Betfair/stream/tests/test_db_upsert_live_account_manual_pnl.py	87	1	0	0	0	
Betfair.stream.tests.test_dutching	Betfair/stream/tests/test_dutching.py	78	1	0	0	0	
Betfair.stream.tests.test_event_exposure_control	Betfair/stream/tests/test_event_exposure_control.py	221	1	0	0	0	
Betfair.stream.tests.test_fine_evento_2026_09_28	Betfair/stream/tests/test_fine_evento_2026_09_28.py	742	1	0	1	0	
Betfair.stream.tests.test_firma_scaduta_ttl_n3_2026_09_28	Betfair/stream/tests/test_firma_scaduta_ttl_n3_2026_09_28.py	175	1	0	0	0	
Betfair.stream.tests.test_flumine_paper_fidelity_2026_07_16	Betfair/stream/tests/test_flumine_paper_fidelity_2026_07_16.py	657	1	0	0	0	
Betfair.stream.tests.test_fok_ttl	Betfair/stream/tests/test_fok_ttl.py	144	1	0	0	0	
Betfair.stream.tests.test_frammenti_fine_evento_2026_09_28	Betfair/stream/tests/test_frammenti_fine_evento_2026_09_28.py	154	1	0	0	0	
Betfair.stream.tests.test_frammenti_mercato_2026_09_28	Betfair/stream/tests/test_frammenti_mercato_2026_09_28.py	981	1	0	2	0	
Betfair.stream.tests.test_frammenti_tcp_2026_09_28	Betfair/stream/tests/test_frammenti_tcp_2026_09_28.py	335	1	0	0	0	
Betfair.stream.tests.test_genera_atlante_2026_09_24	Betfair/stream/tests/test_genera_atlante_2026_09_24.py	356	1	2	2	0	
Betfair.stream.tests.test_genera_atlante_scrittura_ritentativi_2026_09_28	Betfair/stream/tests/test_genera_atlante_scrittura_ritentativi_2026_09_28.py	430	1	0	0	0	
Betfair.stream.tests.test_greenup	Betfair/stream/tests/test_greenup.py	299	1	0	0	0	
Betfair.stream.tests.test_hedging	Betfair/stream/tests/test_hedging.py	50	1	0	0	0	
Betfair.stream.tests.test_ladder_canale_2026_09_23	Betfair/stream/tests/test_ladder_canale_2026_09_23.py	399	1	0	0	0	
Betfair.stream.tests.test_ladder_worker	Betfair/stream/tests/test_ladder_worker.py	241	1	0	0	0	
Betfair.stream.tests.test_live_engine	Betfair/stream/tests/test_live_engine.py	69	1	0	0	0	
Betfair.stream.tests.test_live_engine_pro	Betfair/stream/tests/test_live_engine_pro.py	239	1	0	0	0	
Betfair.stream.tests.test_live_journal	Betfair/stream/tests/test_live_journal.py	289	1	0	0	0	
Betfair.stream.tests.test_live_market_types_2026_09_25	Betfair/stream/tests/test_live_market_types_2026_09_25.py	68	1	0	0	0	
Betfair.stream.tests.test_live_order_build	Betfair/stream/tests/test_live_order_build.py	471	1	0	0	0	
Betfair.stream.tests.test_live_order_controls	Betfair/stream/tests/test_live_order_controls.py	135	1	0	0	0	
Betfair.stream.tests.test_live_order_dutch_cashout	Betfair/stream/tests/test_live_order_dutch_cashout.py	263	1	0	0	0	
Betfair.stream.tests.test_live_order_greenup	Betfair/stream/tests/test_live_order_greenup.py	424	1	0	0	0	
Betfair.stream.tests.test_live_order_queue_authz	Betfair/stream/tests/test_live_order_queue_authz.py	159	1	0	0	0	
Betfair.stream.tests.test_live_order_worker	Betfair/stream/tests/test_live_order_worker.py	1078	1	0	2	0	
Betfair.stream.tests.test_live_orders_account_open_2026_09_30	Betfair/stream/tests/test_live_orders_account_open_2026_09_30.py	118	1	0	0	0	
Betfair.stream.tests.test_live_trading_strategy	Betfair/stream/tests/test_live_trading_strategy.py	461	1	0	0	0	
Betfair.stream.tests.test_local_channel	Betfair/stream/tests/test_local_channel.py	322	1	0	0	0	
Betfair.stream.tests.test_minimi_banco_2026_10_02	Betfair/stream/tests/test_minimi_banco_2026_10_02.py	145	1	0	0	0	
Betfair.stream.tests.test_minimi_punte_050_2026_10_04	Betfair/stream/tests/test_minimi_punte_050_2026_10_04.py	281	1	0	0	0	
Betfair.stream.tests.test_modo_ordini_ui_2026_09_24	Betfair/stream/tests/test_modo_ordini_ui_2026_09_24.py	400	1	0	0	0	
Betfair.stream.tests.test_motore_ordini_2026_09_24	Betfair/stream/tests/test_motore_ordini_2026_09_24.py	1458	1	0	12	0	
Betfair.stream.tests.test_motore_ordini_mercato_due_esiti_2026_09_29	Betfair/stream/tests/test_motore_ordini_mercato_due_esiti_2026_09_29.py	95	1	0	0	0	
Betfair.stream.tests.test_motore_ordini_riavvio2_2026_09_26	Betfair/stream/tests/test_motore_ordini_riavvio2_2026_09_26.py	463	1	0	0	0	
Betfair.stream.tests.test_motore_probabilistico_2026_09_12	Betfair/stream/tests/test_motore_probabilistico_2026_09_12.py	407	1	0	0	0	
Betfair.stream.tests.test_motore_ritiro_pendente_d1ter_2026_09_28	Betfair/stream/tests/test_motore_ritiro_pendente_d1ter_2026_09_28.py	115	1	0	0	0	
Betfair.stream.tests.test_motore_submin_fok_caso_b_d1ter_2026_09_28	Betfair/stream/tests/test_motore_submin_fok_caso_b_d1ter_2026_09_28.py	134	1	0	0	0	
Betfair.stream.tests.test_net_retry	Betfair/stream/tests/test_net_retry.py	205	1	0	0	0	
Betfair.stream.tests.test_paper_live_stesso_processo_2026_09_16	Betfair/stream/tests/test_paper_live_stesso_processo_2026_09_16.py	421	1	0	1	0	
Betfair.stream.tests.test_pnl_betfair_reale_2026_09_24	Betfair/stream/tests/test_pnl_betfair_reale_2026_09_24.py	321	1	0	1	0	
Betfair.stream.tests.test_pnl_unico_conto_2026_10_04	Betfair/stream/tests/test_pnl_unico_conto_2026_10_04.py	225	1	0	0	0	
Betfair.stream.tests.test_poller	Betfair/stream/tests/test_poller.py	126	1	0	0	0	
Betfair.stream.tests.test_porta_banco_f4_2026_09_24	Betfair/stream/tests/test_porta_banco_f4_2026_09_24.py	118	1	0	0	0	
Betfair.stream.tests.test_proposta_sempre_coi_numeri_2026_09_29	Betfair/stream/tests/test_proposta_sempre_coi_numeri_2026_09_29.py	169	1	0	0	0	
Betfair.stream.tests.test_proposte_modello_2026_09_23	Betfair/stream/tests/test_proposte_modello_2026_09_23.py	627	1	0	0	0	
Betfair.stream.tests.test_punteggi_canale_2026_09_23	Betfair/stream/tests/test_punteggi_canale_2026_09_23.py	569	1	0	0	0	
Betfair.stream.tests.test_punto6_b_stato_bot_e_battito_tennis_2026_09_25	Betfair/stream/tests/test_punto6_b_stato_bot_e_battito_tennis_2026_09_25.py	214	1	0	0	0	
Betfair.stream.tests.test_punto6_battito_modo_ordini_2026_09_25	Betfair/stream/tests/test_punto6_battito_modo_ordini_2026_09_25.py	278	1	0	0	0	
Betfair.stream.tests.test_r3_freno_unico_2026_09_25	Betfair/stream/tests/test_r3_freno_unico_2026_09_25.py	556	1	0	0	0	
Betfair.stream.tests.test_raw_recmeta_stall	Betfair/stream/tests/test_raw_recmeta_stall.py	179	1	0	0	0	
Betfair.stream.tests.test_reconcile_worker	Betfair/stream/tests/test_reconcile_worker.py	1340	1	0	2	0	
Betfair.stream.tests.test_record_optin_2026_07_17	Betfair/stream/tests/test_record_optin_2026_07_17.py	424	1	0	0	0	
Betfair.stream.tests.test_recorder_serialize	Betfair/stream/tests/test_recorder_serialize.py	85	1	0	0	0	
Betfair.stream.tests.test_registro_bot_2026_09_16	Betfair/stream/tests/test_registro_bot_2026_09_16.py	187	1	0	0	0	
Betfair.stream.tests.test_registro_impronta_2026_09_30	Betfair/stream/tests/test_registro_impronta_2026_09_30.py	160	1	0	0	0	
Betfair.stream.tests.test_replay_professionale_2026_10_07	Betfair/stream/tests/test_replay_professionale_2026_10_07.py	174	1	0	0	0	
Betfair.stream.tests.test_replay_scalper_attiva_adesso_2026_10_07	Betfair/stream/tests/test_replay_scalper_attiva_adesso_2026_10_07.py	326	1	0	0	0	
Betfair.stream.tests.test_replay_scalper_db_isolato_2026_10_06	Betfair/stream/tests/test_replay_scalper_db_isolato_2026_10_06.py	132	1	0	0	0	
Betfair.stream.tests.test_resilienza_rete_fix_c_scalper_2026_09_26	Betfair/stream/tests/test_resilienza_rete_fix_c_scalper_2026_09_26.py	148	1	0	0	0	
Betfair.stream.tests.test_resume_db_helpers	Betfair/stream/tests/test_resume_db_helpers.py	107	1	0	0	0	
Betfair.stream.tests.test_rete_gateway_html_2026_10_01	Betfair/stream/tests/test_rete_gateway_html_2026_10_01.py	106	1	0	0	0	
Betfair.stream.tests.test_review_finale_2026_07_17	Betfair/stream/tests/test_review_finale_2026_07_17.py	272	1	0	0	0	
Betfair.stream.tests.test_riconciliazione_tradotti_2026_10_02	Betfair/stream/tests/test_riconciliazione_tradotti_2026_10_02.py	203	1	0	0	0	
Betfair.stream.tests.test_riserva_runner_cantiere_j2_2026_09_28	Betfair/stream/tests/test_riserva_runner_cantiere_j2_2026_09_28.py	311	1	0	0	0	
Betfair.stream.tests.test_risk_engine	Betfair/stream/tests/test_risk_engine.py	416	1	0	0	0	
Betfair.stream.tests.test_risk_engine_worker	Betfair/stream/tests/test_risk_engine_worker.py	890	1	0	0	0	
Betfair.stream.tests.test_risk_semaphore_2026_07_11	Betfair/stream/tests/test_risk_semaphore_2026_07_11.py	80	1	0	0	0	
Betfair.stream.tests.test_runner_guardia_canale_locale_2026_09_23	Betfair/stream/tests/test_runner_guardia_canale_locale_2026_09_23.py	158	1	0	0	0	
Betfair.stream.tests.test_runner_lifecycle	Betfair/stream/tests/test_runner_lifecycle.py	176	1	0	0	0	
Betfair.stream.tests.test_runner_live_strategy	Betfair/stream/tests/test_runner_live_strategy.py	115	1	0	0	0	
Betfair.stream.tests.test_runner_minimi_chiusure_2026_10_01	Betfair/stream/tests/test_runner_minimi_chiusure_2026_10_01.py	470	1	0	0	0	
Betfair.stream.tests.test_runner_minimi_correzioni_2026_10_02	Betfair/stream/tests/test_runner_minimi_correzioni_2026_10_02.py	602	1	0	1	0	
Betfair.stream.tests.test_runner_modo_e_guardia_2026_09_23	Betfair/stream/tests/test_runner_modo_e_guardia_2026_09_23.py	166	1	0	0	0	
Betfair.stream.tests.test_saldo_evento_2026_09_23	Betfair/stream/tests/test_saldo_evento_2026_09_23.py	362	1	0	0	0	
Betfair.stream.tests.test_scalper_arresto_ordinato_2026_10_02	Betfair/stream/tests/test_scalper_arresto_ordinato_2026_10_02.py	413	1	0	0	0	
Betfair.stream.tests.test_scalper_audit_2026_07_09	Betfair/stream/tests/test_scalper_audit_2026_07_09.py	217	1	0	0	0	
Betfair.stream.tests.test_scalper_auto_mode_2026_09_25	Betfair/stream/tests/test_scalper_auto_mode_2026_09_25.py	921	1	0	2	0	
Betfair.stream.tests.test_scalper_bot	Betfair/stream/tests/test_scalper_bot.py	249	1	0	0	0	
Betfair.stream.tests.test_scalper_certificazione_2026_09_24	Betfair/stream/tests/test_scalper_certificazione_2026_09_24.py	805	1	0	0	0	
Betfair.stream.tests.test_scalper_chiusura_al_centesimo_2026_10_07	Betfair/stream/tests/test_scalper_chiusura_al_centesimo_2026_10_07.py	222	1	0	0	0	
Betfair.stream.tests.test_scalper_control_room_2026_09_24	Betfair/stream/tests/test_scalper_control_room_2026_09_24.py	204	1	0	0	0	
Betfair.stream.tests.test_scalper_freno_origine_2026_09_26	Betfair/stream/tests/test_scalper_freno_origine_2026_09_26.py	244	1	0	0	0	
Betfair.stream.tests.test_scalper_live_cli_guardia_2026_09_24	Betfair/stream/tests/test_scalper_live_cli_guardia_2026_09_24.py	117	1	0	0	0	
Betfair.stream.tests.test_scalper_media_under_2026_10_05	Betfair/stream/tests/test_scalper_media_under_2026_10_05.py	904	1	0	1	0	
Betfair.stream.tests.test_scalper_media_under_attiva_adesso_2026_10_07	Betfair/stream/tests/test_scalper_media_under_attiva_adesso_2026_10_07.py	543	1	0	0	0	
Betfair.stream.tests.test_scalper_media_under_banca_spostata_2026_10_07	Betfair/stream/tests/test_scalper_media_under_banca_spostata_2026_10_07.py	725	1	0	0	0	
Betfair.stream.tests.test_scalper_media_under_giro2_2026_10_05	Betfair/stream/tests/test_scalper_media_under_giro2_2026_10_05.py	630	1	0	0	0	
Betfair.stream.tests.test_scalper_media_under_giro3_2026_10_06	Betfair/stream/tests/test_scalper_media_under_giro3_2026_10_06.py	282	1	0	0	0	
Betfair.stream.tests.test_scalper_media_under_giro4_2026_10_06	Betfair/stream/tests/test_scalper_media_under_giro4_2026_10_06.py	770	1	0	1	0	
Betfair.stream.tests.test_scalper_mission_2026_07_10	Betfair/stream/tests/test_scalper_mission_2026_07_10.py	295	1	0	0	0	
Betfair.stream.tests.test_scalper_pnl_settled_2026_07_16	Betfair/stream/tests/test_scalper_pnl_settled_2026_07_16.py	80	1	0	0	0	
Betfair.stream.tests.test_scalper_presize_2026_07_11	Betfair/stream/tests/test_scalper_presize_2026_07_11.py	260	1	0	3	0	
Betfair.stream.tests.test_scalper_residui_e_soldi_veri_2026_10_04	Betfair/stream/tests/test_scalper_residui_e_soldi_veri_2026_10_04.py	376	1	0	0	0	
Betfair.stream.tests.test_scalper_residuo_c3_e_tetto_2026_10_07	Betfair/stream/tests/test_scalper_residuo_c3_e_tetto_2026_10_07.py	346	1	0	0	0	
Betfair.stream.tests.test_scalper_session_gates_2026_07_16	Betfair/stream/tests/test_scalper_session_gates_2026_07_16.py	212	1	0	0	0	
Betfair.stream.tests.test_scalper_uscite_automatiche_2026_09_25	Betfair/stream/tests/test_scalper_uscite_automatiche_2026_09_25.py	298	1	0	1	0	
Betfair.stream.tests.test_scalper_uscite_manuali_al_riavvio_2026_09_28	Betfair/stream/tests/test_scalper_uscite_manuali_al_riavvio_2026_09_28.py	41	1	0	0	0	
Betfair.stream.tests.test_scan_feed_2026_09_09	Betfair/stream/tests/test_scan_feed_2026_09_09.py	222	1	0	0	0	
Betfair.stream.tests.test_scores_parse	Betfair/stream/tests/test_scores_parse.py	84	1	0	0	0	
Betfair.stream.tests.test_segui_live_aggancio_a_caldo_2026_10_06	Betfair/stream/tests/test_segui_live_aggancio_a_caldo_2026_10_06.py	239	1	0	0	0	
Betfair.stream.tests.test_sniper_bot_2026_07_10	Betfair/stream/tests/test_sniper_bot_2026_07_10.py	441	1	0	6	0	
Betfair.stream.tests.test_sniper_is_flat_2026_09_28	Betfair/stream/tests/test_sniper_is_flat_2026_09_28.py	76	1	0	0	0	
Betfair.stream.tests.test_sniper_uscite_automatiche_2026_09_28	Betfair/stream/tests/test_sniper_uscite_automatiche_2026_09_28.py	189	1	0	3	0	
Betfair.stream.tests.test_sottoscrizione_a_caldo_unica_2026_09_25	Betfair/stream/tests/test_sottoscrizione_a_caldo_unica_2026_09_25.py	115	1	0	0	0	
Betfair.stream.tests.test_spegnimento_ordinato_2026_09_28	Betfair/stream/tests/test_spegnimento_ordinato_2026_09_28.py	83	1	0	0	0	
Betfair.stream.tests.test_stato_mercato_freno_2026_09_24	Betfair/stream/tests/test_stato_mercato_freno_2026_09_24.py	530	1	0	0	0	
Betfair.stream.tests.test_stop_framework	Betfair/stream/tests/test_stop_framework.py	58	1	0	0	0	
Betfair.stream.tests.test_strada_unica_banco_2026_09_25	Betfair/stream/tests/test_strada_unica_banco_2026_09_25.py	447	1	0	0	0	
Betfair.stream.tests.test_stream_heartbeat_stall_2026_07_17	Betfair/stream/tests/test_stream_heartbeat_stall_2026_07_17.py	302	1	0	0	0	
Betfair.stream.tests.test_stream_muto_cablato_cantiere_j2_2026_09_28	Betfair/stream/tests/test_stream_muto_cablato_cantiere_j2_2026_09_28.py	307	1	0	0	0	
Betfair.stream.tests.test_stream_muto_cantiere_j_2026_09_28	Betfair/stream/tests/test_stream_muto_cantiere_j_2026_09_28.py	87	1	0	0	0	
Betfair.stream.tests.test_stream_stallo_2026_09_26	Betfair/stream/tests/test_stream_stallo_2026_09_26.py	413	1	0	0	0	
Betfair.stream.tests.test_sub_worker_flat_guard_2026_07_17	Betfair/stream/tests/test_sub_worker_flat_guard_2026_07_17.py	261	1	0	0	0	
Betfair.stream.tests.test_submin	Betfair/stream/tests/test_submin.py	614	1	0	0	0	
Betfair.stream.tests.test_submin_contratto_chiamanti_2026_09_17	Betfair/stream/tests/test_submin_contratto_chiamanti_2026_09_17.py	146	1	0	0	0	
Betfair.stream.tests.test_submin_nucleo_2026_09_17	Betfair/stream/tests/test_submin_nucleo_2026_09_17.py	308	1	0	0	0	
Betfair.stream.tests.test_sveglia_bot_f5_f6_2026_09_18	Betfair/stream/tests/test_sveglia_bot_f5_f6_2026_09_18.py	374	1	0	0	0	
Betfair.stream.tests.test_sveglia_canale_f5_f6_2026_09_18	Betfair/stream/tests/test_sveglia_canale_f5_f6_2026_09_18.py	338	1	0	0	0	
Betfair.stream.tests.test_sync_account_worker_wiring	Betfair/stream/tests/test_sync_account_worker_wiring.py	154	1	0	0	0	
Betfair.stream.tests.test_tempi_ordine_f0_2026_09_25	Betfair/stream/tests/test_tempi_ordine_f0_2026_09_25.py	584	1	0	0	0	
Betfair.stream.tests.test_tennis_bot_daily_giorno_partita_2026_09_30	Betfair/stream/tests/test_tennis_bot_daily_giorno_partita_2026_09_30.py	61	1	0	0	0	
Betfair.stream.tests.test_theta_bot_2026_07_15	Betfair/stream/tests/test_theta_bot_2026_07_15.py	729	1	0	1	0	
Betfair.stream.tests.test_theta_cecchino_2026_07_16	Betfair/stream/tests/test_theta_cecchino_2026_07_16.py	418	1	0	0	0	
Betfair.stream.tests.test_trasporto_parita_mode_d1ter_2026_09_28	Betfair/stream/tests/test_trasporto_parita_mode_d1ter_2026_09_28.py	104	1	0	0	0	
Betfair.stream.tests.test_uploader_sweep_2026_07_17	Betfair/stream/tests/test_uploader_sweep_2026_07_17.py	80	1	0	0	0	
Betfair.stream.tests.test_uscite_manuali_al_nuovo_avvio_2026_09_28	Betfair/stream/tests/test_uscite_manuali_al_nuovo_avvio_2026_09_28.py	186	1	0	0	0	
Betfair.stream.tests.test_validate_recordings	Betfair/stream/tests/test_validate_recordings.py	264	1	0	2	0	
Betfair.stream.tests.test_validate_recordings_2026_07_17	Betfair/stream/tests/test_validate_recordings_2026_07_17.py	155	1	0	0	0	
Betfair.stream.tests.test_validazione_hazard_2026_09_25	Betfair/stream/tests/test_validazione_hazard_2026_09_25.py	428	1	0	0	0	
Betfair.stream.tests.test_valuta_k1_2026_09_26	Betfair/stream/tests/test_valuta_k1_2026_09_26.py	511	1	0	0	0	
Betfair.stream.tests.test_watchdog	Betfair/stream/tests/test_watchdog.py	327	1	0	2	0	
Betfair.stream.tests.test_watchdog_nome_modulo_2026_09_26	Betfair/stream/tests/test_watchdog_nome_modulo_2026_09_26.py	51	1	0	0	0	
Betfair.stream.tests.test_whitelist_linee_sniper_2026_09_28	Betfair/stream/tests/test_whitelist_linee_sniper_2026_09_28.py	66	1	0	0	0	
Betfair.stream.tests.test_xhedge	Betfair/stream/tests/test_xhedge.py	187	1	0	0	0	
Betfair.stream.tests.test_xhedge_worker	Betfair/stream/tests/test_xhedge_worker.py	240	1	0	0	0	
Betfair.stream.tests.tradotti_comuni	Betfair/stream/tests/tradotti_comuni.py	214	1	0	6	0	
Betfair.stream.tools	Betfair/stream/tools/__init__.py	1	0	3	2	0	
Betfair.stream.tools.falsifica_sveglia_f5_f6_2026_09_18	Betfair/stream/tools/falsifica_sveglia_f5_f6_2026_09_18.py	147	0	0	0	1	
Betfair.stream.tools.leggi_tempi_ordine	Betfair/stream/tools/leggi_tempi_ordine.py	148	0	0	1	1	
Betfair.stream.tools.validate_recordings	Betfair/stream/tools/validate_recordings.py	881	0	14	3	1	
Betfair.stream.trading	Betfair/stream/trading/__init__.py	6	0	30	33	0	
Betfair.stream.trading.controls	Betfair/stream/trading/controls.py	524	0	9	15	0	
Betfair.stream.trading.daily_pnl	Betfair/stream/trading/daily_pnl.py	142	0	2	1	0	
Betfair.stream.trading.dutching	Betfair/stream/trading/dutching.py	242	0	2	2	0	
Betfair.stream.trading.freno_rifiuti	Betfair/stream/trading/freno_rifiuti.py	124	0	2	1	0	
Betfair.stream.trading.greenup	Betfair/stream/trading/greenup.py	249	0	6	4	0	
Betfair.stream.trading.hedging	Betfair/stream/trading/hedging.py	377	0	1	2	0	
Betfair.stream.trading.minimi_it	Betfair/stream/trading/minimi_it.py	147	0	20	11	0	
Betfair.stream.trading.risk_engine	Betfair/stream/trading/risk_engine.py	684	0	4	2	0	
Betfair.stream.trading.stato_mercato	Betfair/stream/trading/stato_mercato.py	267	0	12	5	0	
Betfair.stream.trading.submin	Betfair/stream/trading/submin.py	1167	0	12	15	0	
Betfair.stream.trading.xhedge	Betfair/stream/trading/xhedge.py	372	0	2	2	0	
Betfair.stream.uploader	Betfair/stream/uploader.py	274	0	1	2	1	
Betfair.stream.uscite_proposte	Betfair/stream/uscite_proposte.py	309	0	10	8	0	
Betfair.stream.valuta	Betfair/stream/valuta.py	349	0	7	4	0	
Betfair.stream.watchdog	Betfair/stream/watchdog.py	337	0	0	4	1	
Betfair.stream.watchlist	Betfair/stream/watchlist.py	107	0	1	0	0	
Betfair.stream.xhedge_worker	Betfair/stream/xhedge_worker.py	148	0	1	1	0	
Betfair.test_betfair_match	Betfair/test_betfair_match.py	121	1	0	0	1	
Betfair.test_realtime_contratto_2026_09_12	Betfair/test_realtime_contratto_2026_09_12.py	105	1	0	0	0	
Betfair.tests.test_consapevolezza_ordine_2026_09_16	Betfair/tests/test_consapevolezza_ordine_2026_09_16.py	932	1	0	1	0	
Betfair.tests.test_contratto_activate_params_2026_09_16	Betfair/tests/test_contratto_activate_params_2026_09_16.py	106	1	0	0	0	
Betfair.tests.test_contratto_safe_request_barriera_2026_09_17	Betfair/tests/test_contratto_safe_request_barriera_2026_09_17.py	180	1	0	0	0	
Betfair.tests.test_contratto_storico_sport_2026_09_17	Betfair/tests/test_contratto_storico_sport_2026_09_17.py	148	1	0	0	0	
Betfair.tools._genera_tabella_75	Betfair/tools/_genera_tabella_75.py	99	0	1	0	1	
Betfair.tools.genera_tabella_75_2026_09_14	Betfair/tools/genera_tabella_75_2026_09_14.py	163	0	0	0	0	
Betfair.tools.scostamento_fischio_2026_09_13	Betfair/tools/scostamento_fischio_2026_09_13.py	173	0	0	0	1	
Betfair.tools.test_verifica_margine_2026_09_12	Betfair/tools/test_verifica_margine_2026_09_12.py	136	1	0	0	0	
Betfair.tools.verifica_75_condizioni_2026_09_13	Betfair/tools/verifica_75_condizioni_2026_09_13.py	407	0	0	0	1	
Betfair.tools.verifica_margine_2026_09_12	Betfair/tools/verifica_margine_2026_09_12.py	261	0	0	1	1	
Betfair.tools.verifica_pnl_2026_09_12	Betfair/tools/verifica_pnl_2026_09_12.py	635	0	0	0	1	
Prediction	Prediction/__init__.py	0	0	4	2	0	
Prediction.analyze_sweet_spot	Prediction/analyze_sweet_spot.py	101	0	0	0	1	
Prediction.backfill_historical_analysis	Prediction/backfill_historical_analysis.py	146	0	0	0	1	
Prediction.predictions_results_backfill	Prediction/predictions_results_backfill.py	875	0	0	1	1	
Prediction.test_predictions_results_backfill	Prediction/test_predictions_results_backfill.py	925	1	0	0	0	
Prediction.test_today_predictions_backfill_resilienza	Prediction/test_today_predictions_backfill_resilienza.py	2147	1	0	0	0	
Prediction.today_predictions_backfill	Prediction/today_predictions_backfill.py	2789	0	4	1	1	
SCHEMI_BOT.costruisci_guida	SCHEMI_BOT/costruisci_guida.py	1222	0	0	0	1	
SCHEMI_BOT.sistema.strumenti.consegna	SCHEMI_BOT/sistema/strumenti/consegna.py	42	0	0	0	1	
SCHEMI_BOT.sistema.strumenti.conta_eventi_betfair	SCHEMI_BOT/sistema/strumenti/conta_eventi_betfair.py	15	0	0	0	0	
SCHEMI_BOT.sistema.strumenti.costruisci_architettura	SCHEMI_BOT/sistema/strumenti/costruisci_architettura.py	39	0	0	0	1	
SCHEMI_BOT.sistema.strumenti.misura_chiamate_db	SCHEMI_BOT/sistema/strumenti/misura_chiamate_db.py	26	0	0	0	0	
SCHEMI_BOT.sistema.strumenti.mostra_righe	SCHEMI_BOT/sistema/strumenti/mostra_righe.py	52	0	0	0	1	
SCHEMI_BOT.verifica_inventario_mike	SCHEMI_BOT/verifica_inventario_mike.py	149	0	0	0	1	
SCHEMI_BOT.verifica_schede_mike	SCHEMI_BOT/verifica_schede_mike.py	95	0	0	0	1	
_AUDIT_2026_05.backtest	_AUDIT_2026_05/backtest.py	270	0	1	0	1	
_AUDIT_2026_05.build_cache	_AUDIT_2026_05/build_cache.py	24	0	0	0	0	
_AUDIT_2026_05.compare_xg	_AUDIT_2026_05/compare_xg.py	61	0	0	0	1	
_AUDIT_2026_05.dataload	_AUDIT_2026_05/dataload.py	140	0	6	0	1	
_AUDIT_2026_05.dc_model	_AUDIT_2026_05/dc_model.py	163	0	3	0	0	
_AUDIT_2026_05.devig	_AUDIT_2026_05/devig.py	45	0	3	0	0	
_AUDIT_2026_05.dump	_AUDIT_2026_05/dump.py	167	0	0	0	1	
_AUDIT_2026_05.dump_xg	_AUDIT_2026_05/dump_xg.py	140	0	0	0	1	
_AUDIT_2026_05.exchange_signal	_AUDIT_2026_05/exchange_signal.py	31	0	0	0	0	
_AUDIT_2026_05.experiment	_AUDIT_2026_05/experiment.py	72	0	0	0	1	
_AUDIT_2026_05.explore_schema	_AUDIT_2026_05/explore_schema.py	73	0	0	0	1	
_AUDIT_2026_05.inplay_under	_AUDIT_2026_05/inplay_under.py	126	0	0	0	1	
_AUDIT_2026_05.load_goals	_AUDIT_2026_05/load_goals.py	40	0	0	0	1	
_AUDIT_2026_05.load_xg	_AUDIT_2026_05/load_xg.py	51	0	0	0	1	
_AUDIT_2026_05.probe_data	_AUDIT_2026_05/probe_data.py	124	0	0	0	0	
_AUDIT_2026_05.probe_depth	_AUDIT_2026_05/probe_depth.py	43	0	0	0	0	
_AUDIT_2026_05.probe_events	_AUDIT_2026_05/probe_events.py	31	0	0	0	0	
_AUDIT_2026_05.strategy	_AUDIT_2026_05/strategy.py	105	0	3	0	1	
_AUDIT_2026_05.strategy2	_AUDIT_2026_05/strategy2.py	45	0	0	0	1	
_AUDIT_2026_05.strategy3	_AUDIT_2026_05/strategy3.py	58	0	0	0	1	
_AUDIT_2026_05.strategy4_final	_AUDIT_2026_05/strategy4_final.py	78	0	0	0	1	
_certify_betfair	_certify_betfair.py	87	0	0	0	1	
_certify_betfair_full	_certify_betfair_full.py	37	0	0	0	0	
_certify_delay_context	_certify_delay_context.py	102	0	0	0	1	
_certify_direction	_certify_direction.py	248	0	0	0	1	
_certify_direction_report	_certify_direction_report.py	641	0	0	0	1	
_certify_personal_report	_certify_personal_report.py	511	0	0	0	1	
_certify_signal_context	_certify_signal_context.py	96	0	0	0	1	
_league_eval	_league_eval.py	100	0	0	0	1	
_stack_eval	_stack_eval.py	118	0	0	0	1	
admin_reset_password	admin_reset_password.py	93	0	0	0	1	
aggiorna_mm_sheets	aggiorna_mm_sheets.py	542	0	0	0	1	
aggiorna_solo_fogli	aggiorna_solo_fogli.py	46	0	0	0	0	
analytics_market_stats	analytics_market_stats.py	307	0	1	2	0	
analytics_settlement	analytics_settlement.py	125	0	4	1	0	
analyze_recovery	analyze_recovery.py	283	0	0	0	0	
analyze_threshold	analyze_threshold.py	308	0	0	0	0	
api_client	api_client.py	137	0	14	2	0	
api_quota	api_quota.py	345	0	3	3	0	
backfill_poisson_calibrated	backfill_poisson_calibrated.py	209	0	0	0	1	
betfair_full_odds	betfair_full_odds.py	300	0	0	0	1	
betfair_tennis_odds	betfair_tennis_odds.py	322	0	0	0	1	
build_analytics_signals	build_analytics_signals.py	452	0	2	2	1	
build_direzione	build_direzione.py	238	0	0	1	1	
build_inplay_intensity	build_inplay_intensity.py	331	0	0	0	1	
calibration_analysis	calibration_analysis.py	622	0	0	0	0	
certify_backtest_strategy	certify_backtest_strategy.py	202	0	0	0	1	
check_gh	check_gh.py	13	0	0	0	0	
cleanup_models	cleanup_models.py	138	0	0	0	1	
cloud_retrain_shard	cloud_retrain_shard.py	373	0	0	1	1	
compress_models	compress_models.py	197	0	0	0	1	
compute_ml_post_calibration	compute_ml_post_calibration.py	320	0	0	0	1	
config	config.py	58	0	18	0	0	
daily_yesterday_backfill	daily_yesterday_backfill.py	396	0	0	3	1	
db_client	db_client.py	410	0	133	31	0	
db_delete_retry	db_delete_retry.py	53	0	6	1	0	
direzione	direzione.py	77	0	0	0	1	
enrich_analytics_snapshots	enrich_analytics_snapshots.py	583	0	0	1	1	
fix_storico_prob	fix_storico_prob.py	123	0	0	0	1	
fixtures_backfill	fixtures_backfill.py	210	0	2	2	1	
football_data_scraper	football_data_scraper/__init__.py	2	0	6	0	0	
football_data_scraper.backfill	football_data_scraper/backfill.py	529	0	0	0	1	
football_data_scraper.csv_downloader	football_data_scraper/csv_downloader.py	109	0	1	0	0	
football_data_scraper.fix_snapshot_time	football_data_scraper/fix_snapshot_time.py	65	0	0	0	1	
football_data_scraper.fixture_matcher	football_data_scraper/fixture_matcher.py	305	0	1	0	0	
football_data_scraper.league_mapping	football_data_scraper/league_mapping.py	205	0	2	0	0	
football_data_scraper.odds_column_map	football_data_scraper/odds_column_map.py	177	0	1	0	0	
generate_dc_rho	generate_dc_rho.py	259	0	0	1	1	
generate_dynamic_cal	generate_dynamic_cal.py	596	0	0	1	1	
import_betfair_operations	import_betfair_operations.py	428	0	0	0	1	
injuries_backfill	injuries_backfill.py	354	0	1	1	1	
laboratorio	laboratorio/__init__.py	9	0	0	0	0	
laboratorio.scalper_lab	laboratorio/scalper_lab/__init__.py	6	0	9	0	0	
laboratorio.scalper_lab.bt_lab	laboratorio/scalper_lab/bt_lab.py	273	0	3	0	1	
laboratorio.scalper_lab.bt_theta	laboratorio/scalper_lab/bt_theta.py	187	0	0	0	1	
laboratorio.scalper_lab.exp_families	laboratorio/scalper_lab/exp_families.py	69	0	0	0	1	
laboratorio.scalper_lab.grid_strategy	laboratorio/scalper_lab/grid_strategy.py	485	0	0	0	0	
laboratorio.scalper_lab.rdloop	laboratorio/scalper_lab/rdloop.py	194	0	0	0	1	
laboratorio.scalper_lab.scalper_bot_base	laboratorio/scalper_lab/scalper_bot_base.py	2076	0	2	0	0	
laboratorio.scalper_lab.synth_raw	laboratorio/scalper_lab/synth_raw.py	177	0	1	0	1	
laboratorio.scalper_lab.theta_strategy	laboratorio/scalper_lab/theta_strategy.py	403	0	1	0	0	
laboratorio.scalper_lab.validate_synth	laboratorio/scalper_lab/validate_synth.py	73	0	0	0	1	
laboratorio.tennis_lab	laboratorio/tennis_lab/__init__.py	0	0	5	0	0	
laboratorio.tennis_lab.lab_grid	laboratorio/tennis_lab/lab_grid.py	248	0	1	0	1	
laboratorio.tennis_lab.lab_grid_score	laboratorio/tennis_lab/lab_grid_score.py	280	0	1	0	1	
laboratorio.tennis_lab.tennis_lab	laboratorio/tennis_lab/tennis_lab.py	425	0	3	1	0	
laboratorio.tennis_lab.tennis_lab_score	laboratorio/tennis_lab/tennis_lab_score.py	211	0	1	0	0	
laboratorio.tennis_lab.tests	laboratorio/tennis_lab/tests/__init__.py	0	1	0	1	0	
laboratorio.tennis_lab.tests.test_harness_golden	laboratorio/tennis_lab/tests/test_harness_golden.py	245	1	0	0	0	
laboratorio.tennis_lab.validate	laboratorio/tennis_lab/validate.py	240	0	0	0	1	
league_orchestrator	league_orchestrator.py	262	0	0	3	1	
leagues_mapper	leagues_mapper.py	406	0	0	3	1	
load_poisson_calibration_to_db	load_poisson_calibration_to_db.py	72	0	0	0	1	
logger	logger.py	100	0	9	0	0	
market_intelligence	market_intelligence/__init__.py	24	0	8	0	0	
market_intelligence.audit	market_intelligence/audit.py	235	0	2	0	1	
market_intelligence.backtest	market_intelligence/backtest.py	361	0	0	0	1	
market_intelligence.backtest_audit	market_intelligence/backtest_audit.py	283	0	0	0	1	
market_intelligence.calibration	market_intelligence/calibration.py	303	0	2	0	1	
market_intelligence.edge_scorer	market_intelligence/edge_scorer.py	540	0	3	0	0	
market_intelligence.mi_config	market_intelligence/mi_config.py	68	0	5	0	0	
market_intelligence.pipeline	market_intelligence/pipeline.py	239	0	0	0	1	
market_intelligence.signals	market_intelligence/signals.py	460	0	2	0	1	
master_backtest	master_backtest.py	1660	0	3	1	1	
merge_engine_signals	merge_engine_signals.py	280	0	0	2	1	
migrations.backfill_engine_signals	migrations/backfill_engine_signals.py	294	0	1	0	1	
missing_fixtures_backfill	missing_fixtures_backfill.py	131	0	0	0	1	
parse	parse.py	12	0	0	0	0	
per_fixture_backfill	per_fixture_backfill.py	1216	0	5	2	1	
poisson_calibrator	poisson_calibrator.py	215	0	3	0	1	
refresh_analytics_bets	refresh_analytics_bets.py	281	0	0	2	1	
refresh_dashboard	refresh_dashboard.py	20	0	0	0	0	
report_mm	report_mm.py	202	0	0	0	0	
reset_ai_models	reset_ai_models.py	114	0	0	0	1	
retrain_all_leagues	retrain_all_leagues.py	631	0	1	0	1	
sanity_check	sanity_check.py	211	0	0	0	1	
season_aggregates	season_aggregates.py	282	0	3	4	0	
season_backfill	season_backfill.py	240	0	2	1	0	
season_gaps	season_gaps.py	679	0	7	5	0	
seasons_catchup	seasons_catchup.py	1142	0	3	6	1	
simulate_recovery_forward	simulate_recovery_forward.py	287	0	0	0	0	
sql._build_wc_xlsx_2013	sql/_build_wc_xlsx_2013.py	169	0	0	0	1	
sql._cert_wc_compare	sql/_cert_wc_compare.py	258	0	2	0	1	
sql._cert_wc_fetch	sql/_cert_wc_fetch.py	91	0	0	0	1	
sql._cert_wc_full	sql/_cert_wc_full.py	249	0	0	0	1	
sql._verify_delays_math	sql/_verify_delays_math.py	142	0	0	0	1	
standings_backfill	standings_backfill.py	381	0	1	1	1	
start_order_server	start_order_server.py	56	0	0	0	1	
tactical_engine	tactical_engine/__init__.py	13	0	13	4	0	
tactical_engine._check_fixpred	tactical_engine/_check_fixpred.py	24	0	0	0	0	
tactical_engine._inspect_mismatch	tactical_engine/_inspect_mismatch.py	21	0	0	0	0	
tactical_engine._verify_data_worldcup	tactical_engine/_verify_data_worldcup.py	87	0	0	0	1	
tactical_engine.data_loader	tactical_engine/data_loader.py	84	0	1	0	0	
tactical_engine.dixon_coles	tactical_engine/dixon_coles.py	144	0	7	3	0	
tactical_engine.generate_predictions	tactical_engine/generate_predictions.py	198	0	0	0	1	
tactical_engine.model	tactical_engine/model.py	282	0	6	4	0	
tactical_engine.report	tactical_engine/report.py	105	0	1	0	0	
tactical_engine.run_daily	tactical_engine/run_daily.py	27	0	0	0	1	
tactical_engine.run_worldcup	tactical_engine/run_worldcup.py	161	0	0	0	1	
tactical_engine.serving	tactical_engine/serving.py	369	0	3	3	0	
tactical_engine.tests	tactical_engine/tests/__init__.py	0	1	0	5	0	
tactical_engine.tests.test_math	tactical_engine/tests/test_math.py	167	1	0	0	1	
tactical_engine.tests.test_rho_ammissibile	tactical_engine/tests/test_rho_ammissibile.py	203	1	0	1	0	
tactical_engine.tests.test_serving	tactical_engine/tests/test_serving.py	349	1	0	2	0	
tactical_engine.tests.test_serving_esito_reale_2026_09_26	tactical_engine/tests/test_serving_esito_reale_2026_09_26.py	174	1	0	0	0	
tactical_engine.tests.test_verifica_payload	tactical_engine/tests/test_verifica_payload.py	176	1	0	0	0	
tactical_engine.tools	tactical_engine/tools/__init__.py	0	0	1	1	0	
tactical_engine.tools.verifica_payload_tacticai	tactical_engine/tools/verifica_payload_tacticai.py	233	0	0	1	1	
test	test.py	37	0	0	0	0	
test_actions_fail_rumoroso_2026_09_25	test_actions_fail_rumoroso_2026_09_25.py	251	1	0	1	0	
test_actions_pipeline_paginazione	test_actions_pipeline_paginazione.py	1723	1	0	1	0	
test_analytics_market_stats	test_analytics_market_stats.py	233	1	0	0	1	
test_analytics_settlement	test_analytics_settlement.py	128	1	0	0	1	
test_backfill_automatico_2026_09_25	test_backfill_automatico_2026_09_25.py	1270	1	0	4	0	
test_build_analytics_signals_kickoff_2026_09_26	test_build_analytics_signals_kickoff_2026_09_26.py	78	1	0	0	0	
test_calibrazione_lettura_db	test_calibrazione_lettura_db.py	906	1	0	0	0	
test_catchup_57014_2026_09_28	test_catchup_57014_2026_09_28.py	612	1	0	0	0	
test_catchup_attesa_concorrenti_2026_09_26	test_catchup_attesa_concorrenti_2026_09_26.py	123	1	0	0	0	
test_catchup_avviso_buchi_2026_10_04	test_catchup_avviso_buchi_2026_10_04.py	192	1	0	0	0	
test_catchup_p4_2026_09_25	test_catchup_p4_2026_09_25.py	514	1	0	0	0	
test_cloud_retrain_shard_ritentativi_2026_09_21	test_cloud_retrain_shard_ritentativi_2026_09_21.py	385	1	0	0	0	
test_daily_niente_aggregati_2026_09_25	test_daily_niente_aggregati_2026_09_25.py	102	1	0	0	0	
test_delete_ritentativi_2026_09_25	test_delete_ritentativi_2026_09_25.py	386	1	0	0	0	
test_leagues_mapper_ritentativi_2026_10_04	test_leagues_mapper_ritentativi_2026_10_04.py	201	1	0	0	0	
test_merge_engine_signals_kickoff_2026_09_26	test_merge_engine_signals_kickoff_2026_09_26.py	97	1	0	0	0	
test_omega_transizioni_notturne_2026_09_25	test_omega_transizioni_notturne_2026_09_25.py	507	1	0	0	0	
test_orchestratore_niente_refresh_mv_2026_09_25	test_orchestratore_niente_refresh_mv_2026_09_25.py	101	1	0	0	0	
test_refresh_analytics_bets_v2_2026_09_24	test_refresh_analytics_bets_v2_2026_09_24.py	247	1	0	0	0	
test_riserva_dinamica_2026_09_25	test_riserva_dinamica_2026_09_25.py	263	1	0	1	0	
tmp_analysis	tmp_analysis.py	188	0	0	0	0	
tmp_analysis2	tmp_analysis2.py	139	0	0	0	0	
tmp_predict_today	tmp_predict_today.py	117	0	0	0	0	
tmp_smoke_ml_fixes	tmp_smoke_ml_fixes.py	196	0	0	0	1	
tmp_smoke_poisson_fixes	tmp_smoke_poisson_fixes.py	148	0	0	0	1	
tmp_smoke_stack	tmp_smoke_stack.py	138	0	0	0	0	
tmp_today_predictions	tmp_today_predictions.py	141	0	0	0	0	
tmp_train_today	tmp_train_today.py	73	0	0	0	1	
tmp_validate_league	tmp_validate_league.py	66	0	0	0	0	
tmp_validate_predict	tmp_validate_predict.py	76	0	0	0	0	
tools.omega_validate_models	tools/omega_validate_models.py	200	0	0	0	1	
tools.omega_watch	tools/omega_watch.py	67	0	0	0	1	
tools.replay_barra_fixture	tools/replay_barra_fixture.py	455	0	0	0	1	
tools.test_replay_barra_fixture	tools/test_replay_barra_fixture.py	117	1	0	0	0	
top_assists_backfill	top_assists_backfill.py	380	0	1	1	1	
top_cards_backfill	top_cards_backfill.py	404	0	1	1	1	
top_scorers_backfill	top_scorers_backfill.py	380	0	1	1	1	
training_planner	training_planner.py	293	0	2	0	1	
update_dashboard_only	update_dashboard_only.py	31	0	0	0	0	
update_poisson_calibration	update_poisson_calibration.py	606	0	0	1	1	
valida_motore_poisson	valida_motore_poisson.py	169	0	0	0	1	
valida_ventaglio	valida_ventaglio.py	179	0	0	0	1	
validate_walkforward	validate_walkforward.py	138	0	0	0	1	
value_engine	value_engine/__init__.py	14	0	9	1	0	
value_engine.bivariate	value_engine/bivariate.py	210	0	2	1	0	
value_engine.calibrate	value_engine/calibrate.py	103	0	0	0	1	
value_engine.cli	value_engine/cli.py	55	0	0	0	1	
value_engine.devig	value_engine/devig.py	29	0	4	1	0	
value_engine.generate_battery	value_engine/generate_battery.py	78	0	0	0	0	
value_engine.goal_timing	value_engine/goal_timing.py	61	0	5	0	0	
value_engine.markets	value_engine/markets.py	60	0	3	0	0	
value_engine.poisson_total	value_engine/poisson_total.py	81	0	3	1	0	
value_engine.pricing	value_engine/pricing.py	38	0	3	0	0	
value_engine.test_bivariate_mc	value_engine/test_bivariate_mc.py	130	1	0	0	0	
ventaglio_segnali	ventaglio_segnali.py	350	0	1	0	1	
