file	modulo	categoria	righe	imp_prod	imp_test	imp_strum	imp_audit	n_importa	n_rif_stringa	main	esterni	primi_importatori
AGGIORNA_CAMPO_db_json_analisi.py	AGGIORNA_CAMPO_db_json_analisi	py_codice_radice	404	0	0	0	0	2	1	si		
ARCHITETTURA_2026-10/strumenti/sessione_sdk.py	ARCHITETTURA_2026-10.strumenti.sessione_sdk	py_script_audit	211	0	0	0	0	0	-	si	claude_agent_sdk	
AUDIT_2026-09-25/e2e_fase1/strumenti/e2e.py	AUDIT_2026-09-25.e2e_fase1.strumenti.e2e	py_script_audit	194	0	0	0	0	0	-	si		
AUDIT_2026-09-25/e2e_fase1/strumenti/p32_netto.py	AUDIT_2026-09-25.e2e_fase1.strumenti.p32_netto	py_script_audit	44	0	0	0	0	0	-	no		
AUDIT_2026-09-25/e2e_fase1/strumenti/riassunto.py	AUDIT_2026-09-25.e2e_fase1.strumenti.riassunto	py_script_audit	18	0	0	0	0	0	-	no		
AUDIT_2026-09-25/e2e_fase1/strumenti/sonda.py	AUDIT_2026-09-25.e2e_fase1.strumenti.sonda	py_script_audit	89	0	0	0	0	19	-	si		
AUDIT_2026-09-25/e2e_fase2/agg_referto_2.py	AUDIT_2026-09-25.e2e_fase2.agg_referto_2	py_script_audit	75	0	0	0	0	0	-	no		
AUDIT_2026-09-25/e2e_fase2/agg_referto_cieco.py	AUDIT_2026-09-25.e2e_fase2.agg_referto_cieco	py_script_audit	70	0	0	0	0	0	-	no		
AUDIT_2026-09-25/e2e_fase2/agg_referto_cieco2.py	AUDIT_2026-09-25.e2e_fase2.agg_referto_cieco2	py_script_audit	25	0	0	0	0	0	-	no		
AUDIT_2026-09-25/e2e_fase2/agg_referto_crash.py	AUDIT_2026-09-25.e2e_fase2.agg_referto_crash	py_script_audit	71	0	0	0	0	0	-	no		
AUDIT_2026-09-25/e2e_fase2/agg_referto_finale.py	AUDIT_2026-09-25.e2e_fase2.agg_referto_finale	py_script_audit	115	0	0	0	0	0	-	no		
AUDIT_2026-09-25/e2e_fase2/agg_referto_freno2.py	AUDIT_2026-09-25.e2e_fase2.agg_referto_freno2	py_script_audit	32	0	0	0	0	0	-	no		
AUDIT_2026-09-25/e2e_fase2/agg_referto_r2.py	AUDIT_2026-09-25.e2e_fase2.agg_referto_r2	py_script_audit	61	0	0	0	0	0	-	no		
AUDIT_2026-09-25/e2e_fase2/agg_referto_r3.py	AUDIT_2026-09-25.e2e_fase2.agg_referto_r3	py_script_audit	47	0	0	0	0	0	-	no		
AUDIT_2026-09-25/e2e_fase2/ascolto_canali.py	AUDIT_2026-09-25.e2e_fase2.ascolto_canali	py_script_audit	96	0	0	0	0	0	-	si	websockets	
AUDIT_2026-09-25/e2e_fase2/ascolto_leggero.py	AUDIT_2026-09-25.e2e_fase2.ascolto_leggero	py_script_audit	79	0	0	0	0	0	-	si	websockets	
AUDIT_2026-09-25/e2e_fase2/ascolto_scanner.py	AUDIT_2026-09-25.e2e_fase2.ascolto_scanner	py_script_audit	69	0	0	0	0	0	-	si	websockets	
AUDIT_2026-09-25/e2e_fase2/attesa_freno.py	AUDIT_2026-09-25.e2e_fase2.attesa_freno	py_script_audit	48	0	0	0	0	0	-	no		
AUDIT_2026-09-25/e2e_fase2/confronto_d.py	AUDIT_2026-09-25.e2e_fase2.confronto_d	py_script_audit	97	0	0	0	0	0	-	no		
AUDIT_2026-09-25/e2e_fase2/conta_freno.py	AUDIT_2026-09-25.e2e_fase2.conta_freno	py_script_audit	55	0	0	0	0	0	-	no		
AUDIT_2026-09-25/e2e_fase2/diff_foto.py	AUDIT_2026-09-25.e2e_fase2.diff_foto	py_script_audit	26	0	0	0	0	0	-	no		
AUDIT_2026-09-25/e2e_fase2/finestra_canali.py	AUDIT_2026-09-25.e2e_fase2.finestra_canali	py_script_audit	30	0	0	0	0	0	-	no		
AUDIT_2026-09-25/e2e_fase2/isp_safe.py	AUDIT_2026-09-25.e2e_fase2.isp_safe	py_script_audit	13	0	0	0	0	0	-	no		
AUDIT_2026-09-25/e2e_fase2/ladder_fasce.py	AUDIT_2026-09-25.e2e_fase2.ladder_fasce	py_script_audit	41	0	0	0	0	0	-	no		
AUDIT_2026-09-25/e2e_fase2/raccolta_db.py	AUDIT_2026-09-25.e2e_fase2.raccolta_db	py_script_audit	84	0	0	0	0	0	-	si		
AUDIT_2026-09-25/e2e_fase2/riassunto_canali.py	AUDIT_2026-09-25.e2e_fase2.riassunto_canali	py_script_audit	27	0	0	0	0	0	-	no		
AUDIT_2026-09-25/e2e_fase2/sentinella.py	AUDIT_2026-09-25.e2e_fase2.sentinella	py_script_audit	64	0	0	0	0	0	-	no		
AUDIT_2026-09-25/e2e_fase2/sintesi_b.py	AUDIT_2026-09-25.e2e_fase2.sintesi_b	py_script_audit	12	0	0	0	0	0	-	no		
AUDIT_2026-09-25/e2e_fase2/sonda_automode_analisi.py	AUDIT_2026-09-25.e2e_fase2.sonda_automode_analisi	py_script_audit	79	0	0	0	0	0	-	si		
AUDIT_2026-09-25/e2e_fase2/sonda_automode_armate.py	AUDIT_2026-09-25.e2e_fase2.sonda_automode_armate	py_script_audit	189	0	0	0	0	6	-	si		
AUDIT_2026-09-25/e2e_fase2/sonda_automode_ascolto.py	AUDIT_2026-09-25.e2e_fase2.sonda_automode_ascolto	py_script_audit	194	0	0	0	0	3	-	si	websockets	
AUDIT_2026-09-25/e2e_fase2/sonda_automode_db.py	AUDIT_2026-09-25.e2e_fase2.sonda_automode_db	py_script_audit	37	0	0	0	3	0	-	si		AUDIT_2026-09-25/e2e_fase2/sonda_automode_armate.py;AUDIT_2026-09-25/e2e_fase2/sonda_automode_ascolto.py;AUDIT_2026-09-25/e2e_fase2/sonda_automode_safe_checklist.py
AUDIT_2026-09-25/e2e_fase2/sonda_automode_safe_checklist.py	AUDIT_2026-09-25.e2e_fase2.sonda_automode_safe_checklist	py_script_audit	304	0	0	0	0	7	-	si		
AUDIT_2026-09-25/e2e_fase2/sonda_catchup_mapper.py	AUDIT_2026-09-25.e2e_fase2.sonda_catchup_mapper	py_script_audit	14	0	0	0	0	1	-	no		
AUDIT_2026-09-25/e2e_fase2/sonda_catchup_quota.py	AUDIT_2026-09-25.e2e_fase2.sonda_catchup_quota	py_script_audit	154	0	0	0	0	1	-	si		
AUDIT_2026-09-25/e2e_fase2/sonda_catchup_riserva.py	AUDIT_2026-09-25.e2e_fase2.sonda_catchup_riserva	py_script_audit	34	0	0	0	0	1	-	no		
AUDIT_2026-09-25/e2e_fase2/sonda_catchup_stato.py	AUDIT_2026-09-25.e2e_fase2.sonda_catchup_stato	py_script_audit	66	0	0	0	0	1	-	no		
AUDIT_2026-09-25/e2e_fase2/sonda_catchup_stato2.py	AUDIT_2026-09-25.e2e_fase2.sonda_catchup_stato2	py_script_audit	30	0	0	0	0	1	-	no		
AUDIT_2026-09-25/e2e_fase2/sonda_fase3_canali.py	AUDIT_2026-09-25.e2e_fase2.sonda_fase3_canali	py_script_audit	42	0	0	0	0	0	-	si	websockets	
AUDIT_2026-09-25/e2e_fase2/sonda_fase3_db.py	AUDIT_2026-09-25.e2e_fase2.sonda_fase3_db	py_script_audit	27	0	0	0	0	0	-	si		
AUDIT_2026-09-25/e2e_fase2/sonda_feed_atlante_71_analisi.py	AUDIT_2026-09-25.e2e_fase2.sonda_feed_atlante_71_analisi	py_script_audit	66	0	0	0	0	0	-	no		
AUDIT_2026-09-25/e2e_fase2/sonda_feed_atlante_71_monitor.py	AUDIT_2026-09-25.e2e_fase2.sonda_feed_atlante_71_monitor	py_script_audit	94	0	0	0	0	1	-	si	websockets	
AUDIT_2026-09-25/e2e_fase2/sonda_feed_atlante_73_stato.py	AUDIT_2026-09-25.e2e_fase2.sonda_feed_atlante_73_stato	py_script_audit	76	0	0	0	0	1	-	no		
AUDIT_2026-09-25/e2e_fase2/sonda_feed_atlante_791_feed.py	AUDIT_2026-09-25.e2e_fase2.sonda_feed_atlante_791_feed	py_script_audit	211	0	0	0	0	1	-	no	websockets	
AUDIT_2026-09-25/e2e_fase2/sonda_feed_atlante_793_bot.py	AUDIT_2026-09-25.e2e_fase2.sonda_feed_atlante_793_bot	py_script_audit	65	0	0	0	0	1	-	no		
AUDIT_2026-09-25/e2e_fase2/sonda_feed_atlante_793_confronto_bot.py	AUDIT_2026-09-25.e2e_fase2.sonda_feed_atlante_793_confronto_bot	py_script_audit	87	0	0	0	0	1	-	no		
AUDIT_2026-09-25/e2e_fase2/sonda_feed_atlante_793_ips.py	AUDIT_2026-09-25.e2e_fase2.sonda_feed_atlante_793_ips	py_script_audit	46	0	0	0	0	1	-	no		
AUDIT_2026-09-25/e2e_fase2/sonda_feed_atlante_793_ricalcolo.py	AUDIT_2026-09-25.e2e_fase2.sonda_feed_atlante_793_ricalcolo	py_script_audit	435	0	0	0	1	2	-	si	numpy	AUDIT_2026-09-25/e2e_fase2/sonda_feed_atlante_793_confronto_bot.py
AUDIT_2026-09-25/e2e_fase2/sonda_feed_atlante_db.py	AUDIT_2026-09-25.e2e_fase2.sonda_feed_atlante_db	py_script_audit	42	0	0	0	6	0	-	si		AUDIT_2026-09-25/e2e_fase2/sonda_feed_atlante_71_monitor.py;AUDIT_2026-09-25/e2e_fase2/sonda_feed_atlante_73_stato.py;AUDIT_2026-09-25/e2e_fase2/sonda_feed_atlante_791_feed.py;AUDIT_2026-09-25/e2e_fase2/sonda_feed_atlante_793_bot.py;AUDIT_2026-09-25/e2e_fase2/sonda_feed_atlante_793_ips.py;AUDIT_2026-09-25/e2e_fase2/sonda_feed_atlante_793_ricalcolo.py
AUDIT_2026-09-25/e2e_fase2/sonda_libro_a.py	AUDIT_2026-09-25.e2e_fase2.sonda_libro_a	py_script_audit	122	0	0	0	0	2	-	no	betfairlightweight	
AUDIT_2026-09-25/e2e_fase2/sonda_ordini_ascolto.py	AUDIT_2026-09-25.e2e_fase2.sonda_ordini_ascolto	py_script_audit	111	0	0	0	0	0	-	si	websockets	
AUDIT_2026-09-25/e2e_fase2/sonda_ordini_catena.py	AUDIT_2026-09-25.e2e_fase2.sonda_ordini_catena	py_script_audit	218	0	0	0	2	3	-	si		AUDIT_2026-09-25/e2e_fase2/sonda_ordini_mike.py;AUDIT_2026-09-25/e2e_fase2/sonda_ordini_riavvio2.py
AUDIT_2026-09-25/e2e_fase2/sonda_ordini_db.py	AUDIT_2026-09-25.e2e_fase2.sonda_ordini_db	py_script_audit	38	0	0	0	1	0	-	si		AUDIT_2026-09-25/e2e_fase2/sonda_ordini_catena.py
AUDIT_2026-09-25/e2e_fase2/sonda_ordini_mike.py	AUDIT_2026-09-25.e2e_fase2.sonda_ordini_mike	py_script_audit	29	0	0	0	0	1	-	no		
AUDIT_2026-09-25/e2e_fase2/sonda_ordini_riavvio2.py	AUDIT_2026-09-25.e2e_fase2.sonda_ordini_riavvio2	py_script_audit	128	0	0	0	0	1	-	si		
AUDIT_2026-09-25/e2e_fase2/topic_canale.py	AUDIT_2026-09-25.e2e_fase2.topic_canale	py_script_audit	20	0	0	0	0	0	-	no		
AUDIT_2026-09-25/e2e_fase2/verifica_mike_aperti.py	AUDIT_2026-09-25.e2e_fase2.verifica_mike_aperti	py_script_audit	103	0	0	0	0	0	-	si		
AUDIT_2026-09-25/e2e_fase2/verifica_mike_b.py	AUDIT_2026-09-25.e2e_fase2.verifica_mike_b	py_script_audit	32	0	0	0	0	4	-	no		
AUDIT_2026-09-25/e2e_fase2/verifica_mike_c.py	AUDIT_2026-09-25.e2e_fase2.verifica_mike_c	py_script_audit	32	0	0	0	0	3	-	no		
AUDIT_2026-09-25/e2e_fase2/verifica_omega_b.py	AUDIT_2026-09-25.e2e_fase2.verifica_omega_b	py_script_audit	160	0	0	0	0	8	-	si		
AUDIT_2026-09-25/e2e_fase2/verifica_pnl.py	AUDIT_2026-09-25.e2e_fase2.verifica_pnl	py_script_audit	62	0	0	0	0	0	-	no		
AUDIT_2026-09-25/e2e_fase2/verifica_safe_c.py	AUDIT_2026-09-25.e2e_fase2.verifica_safe_c	py_script_audit	98	0	0	0	0	4	-	no		
AUDIT_2026-09-25/e2e_fase2/vm_struttura.py	AUDIT_2026-09-25.e2e_fase2.vm_struttura	py_script_audit	12	0	0	0	0	0	-	no		
AUDIT_2026-09-25/e2e_fase2_z0/analisi_canali.py	AUDIT_2026-09-25.e2e_fase2_z0.analisi_canali	py_script_audit	26	0	0	0	0	0	-	no		
AUDIT_2026-09-25/e2e_fase2_z0/analisi_semantica_A.py	AUDIT_2026-09-25.e2e_fase2_z0.analisi_semantica_A	py_script_audit	22	0	0	0	0	0	-	no		
AUDIT_2026-09-25/e2e_fase2_z0/estrai_inventario.py	AUDIT_2026-09-25.e2e_fase2_z0.estrai_inventario	py_script_audit	17	0	0	0	0	0	-	no		
AUDIT_2026-09-25/e2e_fase2_z0/lettore_canali.py	AUDIT_2026-09-25.e2e_fase2_z0.lettore_canali	py_script_audit	116	0	0	0	0	0	-	no	websockets	
AUDIT_2026-09-25/e2e_fase2_z0/semantica_A.py	AUDIT_2026-09-25.e2e_fase2_z0.semantica_A	py_script_audit	114	0	0	0	0	3	-	no	betfairlightweight	
AUDIT_2026-09-25/e2e_fase3_sessB/estrai.py	AUDIT_2026-09-25.e2e_fase3_sessB.estrai	py_script_audit	20	0	0	0	0	0	-	no		
AUDIT_2026-09-25/e2e_fase3_sessB/verifica_direzione.py	AUDIT_2026-09-25.e2e_fase3_sessB.verifica_direzione	py_script_audit	156	0	0	0	0	0	-	si	requests	
AUDIT_2026-09-25/e2e_fase3_sessB/verifica_modelli.py	AUDIT_2026-09-25.e2e_fase3_sessB.verifica_modelli	py_script_audit	215	0	0	0	0	4	-	si	numpy,requests,today_predictions_backfill	
AUDIT_2026-09-25/e2e_fase3_sessB/vlog.py	AUDIT_2026-09-25.e2e_fase3_sessB.vlog	py_script_audit	10	0	0	0	0	0	-	no		
AUDIT_2026-09-25/f0_tempi/falsifica_f0.py	AUDIT_2026-09-25.f0_tempi.falsifica_f0	py_script_audit	107	0	0	0	0	0	-	si		
AUDIT_2026-09-25/fix_b_pagine/ascii_migrazione.py	AUDIT_2026-09-25.fix_b_pagine.ascii_migrazione	py_script_audit	12	0	0	0	0	0	-	no		
AUDIT_2026-09-25/fix_b_pagine/falsifica.py	AUDIT_2026-09-25.fix_b_pagine.falsifica	py_script_audit	67	0	0	0	0	0	-	no		
AUDIT_2026-09-25/fix_b_pagine/genera_sonda_ritardi.py	AUDIT_2026-09-25.fix_b_pagine.genera_sonda_ritardi	py_script_audit	56	0	0	0	0	0	-	si		
AUDIT_2026-09-25/fix_b_pagine/md5fn.py	AUDIT_2026-09-25.fix_b_pagine.md5fn	py_script_audit	8	0	0	0	0	0	-	no		
AUDIT_2026-09-25/fix_b_pagine/sostituisci.py	AUDIT_2026-09-25.fix_b_pagine.sostituisci	py_script_audit	18	0	0	0	0	0	-	no		
AUDIT_2026-09-25/genera_patch_o1_m1_o5.py	AUDIT_2026-09-25.genera_patch_o1_m1_o5	py_script_audit	15	0	0	0	0	0	-	no		
AUDIT_2026-09-25/misure_action.py	AUDIT_2026-09-25.misure_action	py_script_audit	57	0	0	0	0	0	-	no		
AUDIT_2026-09-25/mutazioni_audit5_tacticai.py	AUDIT_2026-09-25.mutazioni_audit5_tacticai	py_script_audit	76	0	0	0	0	0	-	si		
AUDIT_2026-09-25/mutazioni_auto_follow.py	AUDIT_2026-09-25.mutazioni_auto_follow	py_script_audit	148	0	0	0	0	0	-	si		
AUDIT_2026-09-25/mutazioni_backfill_automatico.py	AUDIT_2026-09-25.mutazioni_backfill_automatico	py_script_audit	211	0	0	0	0	0	-	no		
AUDIT_2026-09-25/mutazioni_catchup_p4.py	AUDIT_2026-09-25.mutazioni_catchup_p4	py_script_audit	216	0	0	0	0	0	-	no		
AUDIT_2026-09-25/mutazioni_default_acceso_2026-09-25.py	AUDIT_2026-09-25.mutazioni_default_acceso_2026-09-25	py_script_audit	62	0	0	0	0	0	-	si		
AUDIT_2026-09-25/mutazioni_dryrun_esecuzione.py	AUDIT_2026-09-25.mutazioni_dryrun_esecuzione	py_script_audit	200	0	0	0	0	0	-	si		
AUDIT_2026-09-25/mutazioni_o5_rossi_2026-09-25.py	AUDIT_2026-09-25.mutazioni_o5_rossi_2026-09-25	py_script_audit	83	0	0	0	0	0	-	si		
AUDIT_2026-09-25/mutazioni_safe_lambda_2026-09-25.py	AUDIT_2026-09-25.mutazioni_safe_lambda_2026-09-25	py_script_audit	60	0	0	0	0	0	-	si		
AUDIT_2026-09-25/mutazioni_scalper_auto_mode.py	AUDIT_2026-09-25.mutazioni_scalper_auto_mode	py_script_audit	194	0	0	0	0	0	-	si		
AUDIT_2026-09-25/mutazioni_schede_abbinamento.py	AUDIT_2026-09-25.mutazioni_schede_abbinamento	py_script_audit	153	0	0	0	0	0	-	si		
AUDIT_2026-09-25/mutazioni_schede_residui.py	AUDIT_2026-09-25.mutazioni_schede_residui	py_script_audit	144	0	0	0	0	0	-	si		
AUDIT_2026-09-25/mutazioni_tennis_auto_mode.py	AUDIT_2026-09-25.mutazioni_tennis_auto_mode	py_script_audit	113	0	0	0	0	0	-	si		
AUDIT_2026-09-25/mutazioni_tennis_iscrizione_a_caldo.py	AUDIT_2026-09-25.mutazioni_tennis_iscrizione_a_caldo	py_script_audit	141	0	0	0	0	0	-	si		
AUDIT_2026-09-25/mutazioni_tennis_pro_superficie_2026-09-25.py	AUDIT_2026-09-25.mutazioni_tennis_pro_superficie_2026-09-25	py_script_audit	123	0	0	0	0	0	-	si		
AUDIT_2026-09-25/oro_o5_griglia_v3_2026-09-25.py	AUDIT_2026-09-25.oro_o5_griglia_v3_2026-09-25	py_script_audit	30	0	0	0	0	2	-	no		
AUDIT_2026-09-25/prova_preflight_atlante.py	AUDIT_2026-09-25.prova_preflight_atlante	py_script_audit	57	0	0	0	0	0	-	no	yaml	
AUDIT_2026-09-25/sonde/confronto_lookup_head.py	AUDIT_2026-09-25.sonde.confronto_lookup_head	py_script_audit	41	0	0	0	0	2	-	no		
AUDIT_2026-09-25/sonde/costo_forza_v4.py	AUDIT_2026-09-25.sonde.costo_forza_v4	py_script_audit	128	0	0	0	0	5	-	si		
AUDIT_2026-09-25/sonde/costo_v4_collegato.py	AUDIT_2026-09-25.sonde.costo_v4_collegato	py_script_audit	129	0	0	0	0	5	-	si	numpy	
AUDIT_2026-09-25/sonde/d5_copertura_sola_lettura.py	AUDIT_2026-09-25.sonde.d5_copertura_sola_lettura	py_script_audit	30	0	0	0	0	0	-	no	dotenv,supabase	
AUDIT_2026-09-25/sonde/d5_forma_quote_sola_lettura.py	AUDIT_2026-09-25.sonde.d5_forma_quote_sola_lettura	py_script_audit	27	0	0	0	0	0	-	no	dotenv,supabase	
AUDIT_2026-09-25/sonde/d5_misura_super_favorito.py	AUDIT_2026-09-25.sonde.d5_misura_super_favorito	py_script_audit	184	0	0	0	0	0	-	si	dotenv,supabase	
AUDIT_2026-09-25/sonde/d5_round_finali_sola_lettura.py	AUDIT_2026-09-25.sonde.d5_round_finali_sola_lettura	py_script_audit	25	0	0	0	0	0	-	no	dotenv,supabase	
AUDIT_2026-09-25/sonde/d5_schema_sola_lettura.py	AUDIT_2026-09-25.sonde.d5_schema_sola_lettura	py_script_audit	35	0	0	0	0	0	-	no	dotenv,supabase	
AUDIT_2026-09-25/sonde/esempi_note_forza.py	AUDIT_2026-09-25.sonde.esempi_note_forza	py_script_audit	83	0	0	0	0	10	-	si	numpy	
AUDIT_2026-09-25/sonde/esempi_note_v4.py	AUDIT_2026-09-25.sonde.esempi_note_v4	py_script_audit	29	0	0	0	0	8	-	no		
AUDIT_2026-09-25/sonde/falsificazioni.py	AUDIT_2026-09-25.sonde.falsificazioni	py_script_audit	144	0	0	0	0	0	-	no		
AUDIT_2026-09-25/sonde/falsificazioni_forza_v4.py	AUDIT_2026-09-25.sonde.falsificazioni_forza_v4	py_script_audit	142	0	0	0	0	0	-	si		
AUDIT_2026-09-25/sonde/falsificazioni_v4_collegato.py	AUDIT_2026-09-25.sonde.falsificazioni_v4_collegato	py_script_audit	117	0	0	0	0	0	-	si		
AUDIT_2026-09-25/sonde/misura_leghe_giorno.py	AUDIT_2026-09-25.sonde.misura_leghe_giorno	py_script_audit	76	0	0	0	0	0	-	no		
AUDIT_2026-09-25/sonde/mutazioni_safe_d5.py	AUDIT_2026-09-25.sonde.mutazioni_safe_d5	py_script_audit	151	0	0	0	0	0	-	si		
AUDIT_2026-09-25/sonde/mutazioni_safe_d5_ts.py	AUDIT_2026-09-25.sonde.mutazioni_safe_d5_ts	py_script_audit	86	0	0	0	0	0	-	si		
AUDIT_2026-09-25/sonde/mutazioni_safe_q1_q4_q5.py	AUDIT_2026-09-25.sonde.mutazioni_safe_q1_q4_q5	py_script_audit	133	0	0	0	0	0	-	si		
AUDIT_2026-09-25/sonde/mutazioni_safe_q7_q12.py	AUDIT_2026-09-25.sonde.mutazioni_safe_q7_q12	py_script_audit	141	0	0	0	0	0	-	si		
AUDIT_2026-09-25/sonde/mutazioni_safe_ts_25_09.py	AUDIT_2026-09-25.sonde.mutazioni_safe_ts_25_09	py_script_audit	91	0	0	0	0	0	-	si		
AUDIT_2026-09-25/sonde/mutazioni_uscite_automatiche.py	AUDIT_2026-09-25.sonde.mutazioni_uscite_automatiche	py_script_audit	127	0	0	0	0	0	-	no		
AUDIT_2026-09-25/sonde/mutazioni_uscite_frontend.py	AUDIT_2026-09-25.sonde.mutazioni_uscite_frontend	py_script_audit	63	0	0	0	0	0	-	no		
AUDIT_2026-09-25/sonde/p4_conta_stagioni_mai_caricate.py	AUDIT_2026-09-25.sonde.p4_conta_stagioni_mai_caricate	py_script_audit	83	0	0	0	0	2	-	no		
AUDIT_2026-09-25/sonde/p4_margine_medio_log.py	AUDIT_2026-09-25.sonde.p4_margine_medio_log	py_script_audit	22	0	0	0	0	1	-	no	supabase	
AUDIT_2026-09-25/sonde/p4_sonda_get.py	AUDIT_2026-09-25.sonde.p4_sonda_get	py_script_audit	25	0	0	0	0	0	-	no	requests	
AUDIT_2026-09-25/sonde/sonda_db_colonna_extra.py	AUDIT_2026-09-25.sonde.sonda_db_colonna_extra	py_script_audit	54	0	0	0	0	3	-	si		
AUDIT_2026-09-25/sonde/sonda_minuto_ips_recupero.py	AUDIT_2026-09-25.sonde.sonda_minuto_ips_recupero	py_script_audit	38	0	0	0	0	0	-	no		
AUDIT_2026-09-25/strada_unica/falsifica.py	AUDIT_2026-09-25.strada_unica.falsifica	py_script_audit	95	0	0	0	0	0	-	si		
AUDIT_2026-09-25/strada_unica/falsifica_rapidi.py	AUDIT_2026-09-25.strada_unica.falsifica_rapidi	py_script_audit	53	0	0	0	0	0	-	si		
AUDIT_2026-09-25/tennis_unificazione/falsifica.py	AUDIT_2026-09-25.tennis_unificazione.falsifica	py_script_audit	192	0	0	0	0	0	-	si		
AUDIT_2026-09-25/tennis_unificazione/strumenti/edit_iac.py	AUDIT_2026-09-25.tennis_unificazione.strumenti.edit_iac	py_script_audit	56	0	0	0	0	0	-	no		
AUDIT_2026-09-25/tennis_unificazione/strumenti/edit_j4_c1.py	AUDIT_2026-09-25.tennis_unificazione.strumenti.edit_j4_c1	py_script_audit	94	0	0	0	0	0	-	no		
AUDIT_2026-09-25/tennis_unificazione/strumenti/edit_j4_fix.py	AUDIT_2026-09-25.tennis_unificazione.strumenti.edit_j4_fix	py_script_audit	17	0	0	0	0	0	-	no		
AUDIT_2026-09-25/tennis_unificazione/strumenti/edit_motore.py	AUDIT_2026-09-25.tennis_unificazione.strumenti.edit_motore	py_script_audit	69	0	0	0	0	0	-	no		
AUDIT_2026-09-25/tennis_unificazione/strumenti/edit_porta_banco.py	AUDIT_2026-09-25.tennis_unificazione.strumenti.edit_porta_banco	py_script_audit	322	0	0	0	0	0	-	no		
AUDIT_2026-09-25/tennis_unificazione/strumenti/edit_runner_tennis.py	AUDIT_2026-09-25.tennis_unificazione.strumenti.edit_runner_tennis	py_script_audit	381	0	0	0	0	0	-	no		
AUDIT_2026-09-25/tennis_unificazione/strumenti/edit_runner_tennis_2.py	AUDIT_2026-09-25.tennis_unificazione.strumenti.edit_runner_tennis_2	py_script_audit	86	0	0	0	0	0	-	no		
AUDIT_2026-09-25/tennis_unificazione/strumenti/edit_safe_annullo.py	AUDIT_2026-09-25.tennis_unificazione.strumenti.edit_safe_annullo	py_script_audit	37	0	0	0	0	0	-	no		
AUDIT_2026-09-25/tennis_unificazione/strumenti/edit_trasporto.py	AUDIT_2026-09-25.tennis_unificazione.strumenti.edit_trasporto	py_script_audit	68	0	0	0	0	0	-	no		
AUDIT_2026-09-25/tennis_unificazione/strumenti/edit_trasporto_rapido.py	AUDIT_2026-09-25.tennis_unificazione.strumenti.edit_trasporto_rapido	py_script_audit	391	0	0	0	0	0	-	no		
AUDIT_2026-09-25/tennis_unificazione/strumenti/edit_worker_tennis.py	AUDIT_2026-09-25.tennis_unificazione.strumenti.edit_worker_tennis	py_script_audit	290	0	0	0	0	0	-	no		
AUDIT_2026-09-25/validazione_hazard/falsificazioni.py	AUDIT_2026-09-25.validazione_hazard.falsificazioni	py_script_audit	139	0	0	0	0	0	-	si		
AUDIT_2026-09-25/validazione_hazard/per_lega.py	AUDIT_2026-09-25.validazione_hazard.per_lega	py_script_audit	47	0	0	0	0	4	-	no	numpy	
AUDIT_2026-09-25/validazione_hazard/rotture_v4.py	AUDIT_2026-09-25.validazione_hazard.rotture_v4	py_script_audit	29	0	0	0	0	0	-	no		
AUDIT_2026-09-25/validazione_hazard/scrivi_patch.py	AUDIT_2026-09-25.validazione_hazard.scrivi_patch	py_script_audit	20	0	0	0	0	0	-	no		
AUDIT_2026-09-25/validazione_hazard/sonde/costo_modulo.py	AUDIT_2026-09-25.validazione_hazard.sonde.costo_modulo	py_script_audit	32	0	0	0	0	4	-	no	numpy	
AUDIT_2026-09-25/validazione_hazard/sonde/diagnosi_85_90.py	AUDIT_2026-09-25.validazione_hazard.sonde.diagnosi_85_90	py_script_audit	38	0	0	0	0	3	-	no	numpy	
AUDIT_2026-09-25/validazione_hazard/sonde/diagnosi_extra_2025.py	AUDIT_2026-09-25.validazione_hazard.sonde.diagnosi_extra_2025	py_script_audit	25	0	0	0	0	2	-	no		
AUDIT_2026-09-25/validazione_hazard/sonde/diagnosi_extra_2025b.py	AUDIT_2026-09-25.validazione_hazard.sonde.diagnosi_extra_2025b	py_script_audit	24	0	0	0	0	2	-	no		
AUDIT_2026-09-25/validazione_hazard/sonde/esplora_cache.py	AUDIT_2026-09-25.validazione_hazard.sonde.esplora_cache	py_script_audit	72	0	0	0	0	1	-	no		
AUDIT_2026-09-25/validazione_hazard/sonde/prova_parita.py	AUDIT_2026-09-25.validazione_hazard.sonde.prova_parita	py_script_audit	21	0	0	0	0	4	-	no		
AUDIT_2026-09-25/validazione_hazard/sonde/prova_stati.py	AUDIT_2026-09-25.validazione_hazard.sonde.prova_stati	py_script_audit	33	0	0	0	0	3	-	no	numpy	
AUDIT_2026-09-25/validazione_hazard/sonde/sonda1_colonne.py	AUDIT_2026-09-25.validazione_hazard.sonde.sonda1_colonne	py_script_audit	44	0	0	0	0	0	-	no		
AUDIT_2026-09-25/validazione_hazard/sonde/sonda2_copertura.py	AUDIT_2026-09-25.validazione_hazard.sonde.sonda2_copertura	py_script_audit	59	0	0	0	0	0	-	no		
AUDIT_2026-09-25/validazione_hazard/sonde/sonda3_leghe_piccole.py	AUDIT_2026-09-25.validazione_hazard.sonde.sonda3_leghe_piccole	py_script_audit	33	0	0	0	0	0	-	no		
AUDIT_2026-09-25/validazione_hazard/sonde/sonda4_conta_piccole.py	AUDIT_2026-09-25.validazione_hazard.sonde.sonda4_conta_piccole	py_script_audit	47	0	0	0	0	0	-	no		
AUDIT_2026-09-25/validazione_hazard/sonde/sonda5_filtri.py	AUDIT_2026-09-25.validazione_hazard.sonde.sonda5_filtri	py_script_audit	22	0	0	0	0	2	-	no		
AUDIT_2026-09-25/validazione_hazard/sonde/sonda6_minute_extra.py	AUDIT_2026-09-25.validazione_hazard.sonde.sonda6_minute_extra	py_script_audit	24	0	0	0	0	2	-	no		
AUDIT_2026-09-25/validazione_hazard/tabelle_test.py	AUDIT_2026-09-25.validazione_hazard.tabelle_test	py_test	114	0	0	0	0	0	-	no		
AUDIT_2026-09-25/verifica_patch_su_master.py	AUDIT_2026-09-25.verifica_patch_su_master	py_script_audit	22	0	0	0	0	0	-	no		
AUDIT_2026-09-26/falsifica_fix_dati_action_atlante.py	AUDIT_2026-09-26.falsifica_fix_dati_action_atlante	py_script_audit	92	0	0	0	0	0	-	si		
AUDIT_2026-09-26/falsifica_fix_scalper_paper_fill.py	AUDIT_2026-09-26.falsifica_fix_scalper_paper_fill	py_script_audit	104	0	0	0	0	0	-	si		
AUDIT_2026-09-26/falsifica_fix_ui_pagine.py	AUDIT_2026-09-26.falsifica_fix_ui_pagine	py_script_audit	140	0	0	0	0	0	-	si		
AUDIT_2026-09-26/falsifica_k1.py	AUDIT_2026-09-26.falsifica_k1	py_script_audit	137	0	0	0	0	0	-	si		
AUDIT_2026-09-26/falsifica_log_figli.py	AUDIT_2026-09-26.falsifica_log_figli	py_script_audit	75	0	0	0	0	0	-	si		
AUDIT_2026-09-26/falsifica_motore_canale.py	AUDIT_2026-09-26.falsifica_motore_canale	py_script_audit	72	0	0	0	0	0	-	no		
AUDIT_2026-09-26/falsifica_stallo.py	AUDIT_2026-09-26.falsifica_stallo	py_script_audit	144	0	0	0	0	0	-	si		
AUDIT_2026-09-26/falsifica_tennis_chiusura.py	AUDIT_2026-09-26.falsifica_tennis_chiusura	py_script_audit	95	0	0	0	0	0	-	si		
AUDIT_2026-09-26/falsifica_terminal_f11.py	AUDIT_2026-09-26.falsifica_terminal_f11	py_script_audit	62	0	0	0	0	0	-	si		
AUDIT_2026-09-28/cantiere_c/controllo_consegna.py	AUDIT_2026-09-28.cantiere_c.controllo_consegna	py_script_audit	36	0	0	0	0	0	-	no		
AUDIT_2026-09-28/cantiere_c/falsifica_c.py	AUDIT_2026-09-28.cantiere_c.falsifica_c	py_script_audit	181	0	0	0	0	0	-	si		
AUDIT_2026-09-28/cantiere_d2/falsifica_d2.py	AUDIT_2026-09-28.cantiere_d2.falsifica_d2	py_script_audit	240	0	0	0	0	0	-	si		
AUDIT_2026-09-28/cantiere_d2/mutazioni_avanza.py	AUDIT_2026-09-28.cantiere_d2.mutazioni_avanza	py_script_audit	126	0	0	0	0	0	-	si		
AUDIT_2026-09-28/cantiere_d2/mutazioni_coordinatore_d2.py	AUDIT_2026-09-28.cantiere_d2.mutazioni_coordinatore_d2	py_script_audit	195	0	0	0	0	0	-	si		
AUDIT_2026-09-28/cantiere_j2/falsifica_j2.py	AUDIT_2026-09-28.cantiere_j2.falsifica_j2	py_script_audit	401	0	0	0	0	0	-	si		
AUDIT_2026-09-28/cantiere_n/ascii_righe_nuove.py	AUDIT_2026-09-28.cantiere_n.ascii_righe_nuove	py_script_audit	62	0	0	0	0	0	-	si		
AUDIT_2026-09-28/cantiere_n/dividi_patch.py	AUDIT_2026-09-28.cantiere_n.dividi_patch	py_script_audit	160	0	0	0	0	0	-	si		
AUDIT_2026-09-28/cantiere_n/falsifica_n.py	AUDIT_2026-09-28.cantiere_n.falsifica_n	py_script_audit	272	0	0	0	0	0	-	si		
AUDIT_2026-09-28/cantiere_n/falsifica_n3.py	AUDIT_2026-09-28.cantiere_n.falsifica_n3	py_script_audit	234	0	0	0	0	0	-	si		
AUDIT_2026-09-28/cantiere_n/inserisci_b7.py	AUDIT_2026-09-28.cantiere_n.inserisci_b7	py_script_audit	19	0	0	0	0	0	-	no		
AUDIT_2026-09-28/cantiere_n/inserisci_sezioni.py	AUDIT_2026-09-28.cantiere_n.inserisci_sezioni	py_script_audit	19	0	0	0	0	0	-	no		
AUDIT_2026-09-28/cantiere_n/patch_sniper.py	AUDIT_2026-09-28.cantiere_n.patch_sniper	py_script_audit	147	0	0	0	0	0	-	si		
AUDIT_2026-09-28/cantiere_n/patch_tennis_scalper.py	AUDIT_2026-09-28.cantiere_n.patch_tennis_scalper	py_script_audit	197	0	0	0	0	0	-	si		
AUDIT_2026-09-28/cantiere_n/risolvi_conflitto_sessione.py	AUDIT_2026-09-28.cantiere_n.risolvi_conflitto_sessione	py_script_audit	16	0	0	0	0	0	-	no		
AUDIT_2026-09-28/cantiere_n/sonda_uf2.py	AUDIT_2026-09-28.cantiere_n.sonda_uf2	py_script_audit	75	0	0	0	0	4	-	si		
AUDIT_2026-09-28/cantiere_n/sostituisci_classe.py	AUDIT_2026-09-28.cantiere_n.sostituisci_classe	py_script_audit	20	0	0	0	0	0	-	no		
AUDIT_2026-09-28/cantiere_p/falsifica_p.py	AUDIT_2026-09-28.cantiere_p.falsifica_p	py_script_audit	208	0	0	0	0	0	-	si		
AUDIT_2026-09-28/cantiere_t/falsifica_t.py	AUDIT_2026-09-28.cantiere_t.falsifica_t	py_script_audit	112	0	0	0	0	0	-	si		
AUDIT_2026-09-28/d1/falsifica.py	AUDIT_2026-09-28.d1.falsifica	py_script_audit	49	0	0	0	0	0	-	si		
AUDIT_2026-09-28/d1ter/falsifica.py	AUDIT_2026-09-28.d1ter.falsifica	py_script_audit	168	0	0	0	0	0	-	si		
AUDIT_2026-09-28/falsifica_cantiere_b.py	AUDIT_2026-09-28.falsifica_cantiere_b	py_script_audit	211	0	0	0	0	0	-	si		
AUDIT_2026-09-28/falsifica_fine_evento.py	AUDIT_2026-09-28.falsifica_fine_evento	py_script_audit	290	0	0	0	0	0	-	si		
AUDIT_2026-09-28/genera_fixture_auto_follow.py	AUDIT_2026-09-28.genera_fixture_auto_follow	py_script_audit	47	0	0	0	0	0	-	si	test_frammenti_mercato_2026_09_28	
AUDIT_2026-09-28/mutazioni_coordinatore/mutazioni_coordinatore_d1ter.py	AUDIT_2026-09-28.mutazioni_coordinatore.mutazioni_coordinatore_d1ter	py_script_audit	128	0	0	0	0	0	-	si		
AUDIT_2026-09-28/mutazioni_coordinatore/mutazioni_coordinatore_j2_p.py	AUDIT_2026-09-28.mutazioni_coordinatore.mutazioni_coordinatore_j2_p	py_script_audit	143	0	0	0	0	0	-	si		
AUDIT_2026-09-28/mutazioni_coordinatore/mutazioni_coordinatore_n.py	AUDIT_2026-09-28.mutazioni_coordinatore.mutazioni_coordinatore_n	py_script_audit	172	0	0	0	0	0	-	si		
AUDIT_2026-09-28/mutazioni_coordinatore/mutazioni_coordinatore_s.py	AUDIT_2026-09-28.mutazioni_coordinatore.mutazioni_coordinatore_s	py_script_audit	110	0	0	0	0	0	-	si		
AUDIT_2026-09-28/mutazioni_coordinatore/mutazioni_coordinatore_s3.py	AUDIT_2026-09-28.mutazioni_coordinatore.mutazioni_coordinatore_s3	py_script_audit	96	0	0	0	0	0	-	si		
AUDIT_2026-09-28/mutazioni_coordinatore/mutazioni_coordinatore_s4.py	AUDIT_2026-09-28.mutazioni_coordinatore.mutazioni_coordinatore_s4	py_script_audit	79	0	0	0	0	0	-	si		
AUDIT_2026-09-28/mutazioni_coordinatore/mutazioni_coordinatore_sbis.py	AUDIT_2026-09-28.mutazioni_coordinatore.mutazioni_coordinatore_sbis	py_script_audit	98	0	0	0	0	0	-	si		
AUDIT_2026-09-28/mutazioni_coordinatore/mutazioni_coordinatore_u.py	AUDIT_2026-09-28.mutazioni_coordinatore.mutazioni_coordinatore_u	py_script_audit	96	0	0	0	0	0	-	si		
AUDIT_2026-09-28/mutazioni_coordinatore_d1bis.py	AUDIT_2026-09-28.mutazioni_coordinatore_d1bis	py_script_audit	113	0	0	0	0	0	-	si		
AUDIT_2026-09-28/mutazioni_coordinatore_k2.py	AUDIT_2026-09-28.mutazioni_coordinatore_k2	py_script_audit	140	0	0	0	0	0	-	si		
AUDIT_2026-09-28/replay/cantiere_v/sonda_tempo_replay.py	AUDIT_2026-09-28.replay.cantiere_v.sonda_tempo_replay	py_script_audit	46	0	0	0	0	2	-	si		
AUDIT_2026-09-28/sonda_stream_runner.py	AUDIT_2026-09-28.sonda_stream_runner	py_script_audit	46	0	0	0	0	4	-	no	betfairlightweight,flumine	
AUDIT_2026-09-29/mutazioni_coordinatore/mutazioni_coordinatore_mike_p1.py	AUDIT_2026-09-29.mutazioni_coordinatore.mutazioni_coordinatore_mike_p1	py_script_audit	93	0	0	0	0	0	-	si		
AUDIT_2026-09-29/mutazioni_coordinatore/mutazioni_coordinatore_mike_p2_p4_2.py	AUDIT_2026-09-29.mutazioni_coordinatore.mutazioni_coordinatore_mike_p2_p4_2	py_script_audit	189	0	0	0	0	0	-	si		
AUDIT_2026-09-29/mutazioni_coordinatore/mutazioni_coordinatore_mike_p2bis_p5_2.py	AUDIT_2026-09-29.mutazioni_coordinatore.mutazioni_coordinatore_mike_p2bis_p5_2	py_script_audit	171	0	0	0	0	0	-	si		
AUDIT_2026-09-29/mutazioni_coordinatore/mutazioni_coordinatore_mike_p3_p4_3.py	AUDIT_2026-09-29.mutazioni_coordinatore.mutazioni_coordinatore_mike_p3_p4_3	py_script_audit	117	0	0	0	0	0	-	si		
AUDIT_2026-09-29/mutazioni_coordinatore/mutazioni_coordinatore_mike_p4_1.py	AUDIT_2026-09-29.mutazioni_coordinatore.mutazioni_coordinatore_mike_p4_1	py_script_audit	93	0	0	0	0	0	-	si		
AUDIT_2026-09-29/mutazioni_coordinatore/mutazioni_coordinatore_mike_p5_1.py	AUDIT_2026-09-29.mutazioni_coordinatore.mutazioni_coordinatore_mike_p5_1	py_script_audit	144	0	0	0	0	0	-	si		
AUDIT_2026-09-29/mutazioni_coordinatore/mutazioni_coordinatore_mike_p5_4.py	AUDIT_2026-09-29.mutazioni_coordinatore.mutazioni_coordinatore_mike_p5_4	py_script_audit	113	0	0	0	0	0	-	si		
AUDIT_2026-09-29/mutazioni_coordinatore/sonda_forma_banca.py	AUDIT_2026-09-29.mutazioni_coordinatore.sonda_forma_banca	py_script_audit	40	0	0	0	0	4	-	si		
AUDIT_2026-09-30/app_tabellone/falsifica_board.py	AUDIT_2026-09-30.app_tabellone.falsifica_board	py_script_audit	28	0	0	0	0	0	-	no		
AUDIT_2026-09-30/app_tabellone/falsifica_mike_ondata2.py	AUDIT_2026-09-30.app_tabellone.falsifica_mike_ondata2	py_script_audit	121	0	0	0	0	0	-	si		
AUDIT_2026-09-30/app_tabellone/falsifica_riga_tennis.py	AUDIT_2026-09-30.app_tabellone.falsifica_riga_tennis	py_script_audit	20	0	0	0	0	0	-	no		
AUDIT_2026-09-30/app_tabellone/falsifica_riga_tennis_inversa.py	AUDIT_2026-09-30.app_tabellone.falsifica_riga_tennis_inversa	py_script_audit	21	0	0	0	0	0	-	no		
AUDIT_2026-09-30/app_tabellone/sonda_board_canale.py	AUDIT_2026-09-30.app_tabellone.sonda_board_canale	py_script_audit	27	0	0	0	0	0	-	no	websockets	
AUDIT_2026-09-30/app_tabellone/sonda_board_confronto.py	AUDIT_2026-09-30.app_tabellone.sonda_board_confronto	py_script_audit	37	0	0	0	0	2	-	no	betfairlightweight,websockets	
AUDIT_2026-09-30/app_tabellone/sonda_board_feed.py	AUDIT_2026-09-30.app_tabellone.sonda_board_feed	py_script_audit	34	0	0	0	0	4	-	no		
AUDIT_2026-09-30/app_tabellone/sonda_board_flumine.py	AUDIT_2026-09-30.app_tabellone.sonda_board_flumine	py_script_audit	22	0	0	0	0	3	-	no	betfairlightweight,flumine	
AUDIT_2026-09-30/app_tabellone/sonda_board_intero.py	AUDIT_2026-09-30.app_tabellone.sonda_board_intero	py_script_audit	23	0	0	0	0	3	-	no		
AUDIT_2026-09-30/app_tabellone/sonda_board_rest.py	AUDIT_2026-09-30.app_tabellone.sonda_board_rest	py_script_audit	30	0	0	0	0	3	-	no	betfairlightweight	
AUDIT_2026-09-30/app_tabellone/sonda_conteggio_migrazione.py	AUDIT_2026-09-30.app_tabellone.sonda_conteggio_migrazione	py_script_audit	17	0	0	0	0	1	-	no		
AUDIT_2026-09-30/app_tabellone/sonda_riga_tennis.py	AUDIT_2026-09-30.app_tabellone.sonda_riga_tennis	py_script_audit	25	0	0	0	0	1	-	no		
AUDIT_2026-09-30/ereditato_29_09/mike_p5_delegato/confronta_referti.py	AUDIT_2026-09-30.ereditato_29_09.mike_p5_delegato.confronta_referti	py_script_audit	48	0	0	0	0	0	-	si		
AUDIT_2026-09-30/ereditato_29_09/mike_p5_delegato/fai_patch.py	AUDIT_2026-09-30.ereditato_29_09.mike_p5_delegato.fai_patch	py_script_audit	14	0	0	0	0	0	-	no		
AUDIT_2026-09-30/ereditato_29_09/mike_p5_delegato/falsifica_mike_p5_1.py	AUDIT_2026-09-30.ereditato_29_09.mike_p5_delegato.falsifica_mike_p5_1	py_script_audit	100	0	0	0	0	0	-	si		
AUDIT_2026-09-30/ereditato_29_09/mike_p5_delegato/falsifica_mike_p5_2.py	AUDIT_2026-09-30.ereditato_29_09.mike_p5_delegato.falsifica_mike_p5_2	py_script_audit	113	0	0	0	6	0	-	si		AUDIT_2026-09-30/ereditato_29_09/mike_p5_delegato/falsifica_mike_p5_2b.py;AUDIT_2026-09-30/ereditato_29_09/mike_p5_delegato/falsifica_mike_p5_3.py;AUDIT_2026-09-30/ereditato_29_09/mike_p5_delegato/falsifica_mike_p5_4.py;AUDIT_2026-09-30/ereditato_29_09/mike_p5_delegato/falsifica_mike_p5_4b.py;AUDIT_2026-09-30/ereditato_29_09/mike_p5_delegato/falsifica_mike_p5_4c.py;AUDIT_2026-09-30/ereditato_29_09/mike_p5_delegato/falsifica_mike_p5_5.py
AUDIT_2026-09-30/ereditato_29_09/mike_p5_delegato/falsifica_mike_p5_2b.py	AUDIT_2026-09-30.ereditato_29_09.mike_p5_delegato.falsifica_mike_p5_2b	py_script_audit	38	0	0	0	0	1	-	si		
AUDIT_2026-09-30/ereditato_29_09/mike_p5_delegato/falsifica_mike_p5_3.py	AUDIT_2026-09-30.ereditato_29_09.mike_p5_delegato.falsifica_mike_p5_3	py_script_audit	37	0	0	0	0	1	-	si		
AUDIT_2026-09-30/ereditato_29_09/mike_p5_delegato/falsifica_mike_p5_4.py	AUDIT_2026-09-30.ereditato_29_09.mike_p5_delegato.falsifica_mike_p5_4	py_script_audit	38	0	0	0	0	1	-	si		
AUDIT_2026-09-30/ereditato_29_09/mike_p5_delegato/falsifica_mike_p5_4b.py	AUDIT_2026-09-30.ereditato_29_09.mike_p5_delegato.falsifica_mike_p5_4b	py_script_audit	39	0	0	0	0	1	-	si		
AUDIT_2026-09-30/ereditato_29_09/mike_p5_delegato/falsifica_mike_p5_4c.py	AUDIT_2026-09-30.ereditato_29_09.mike_p5_delegato.falsifica_mike_p5_4c	py_script_audit	27	0	0	0	0	1	-	si		
AUDIT_2026-09-30/ereditato_29_09/mike_p5_delegato/falsifica_mike_p5_5.py	AUDIT_2026-09-30.ereditato_29_09.mike_p5_delegato.falsifica_mike_p5_5	py_script_audit	28	0	0	0	0	1	-	si		
AUDIT_2026-09-30/ereditato_29_09/mike_p5_delegato/fissa_forma_di_prima.py	AUDIT_2026-09-30.ereditato_29_09.mike_p5_delegato.fissa_forma_di_prima	py_script_audit	36	0	0	0	0	0	-	no		
AUDIT_2026-09-30/ereditato_29_09/mike_p5_delegato/mostra_test.py	AUDIT_2026-09-30.ereditato_29_09.mike_p5_delegato.mostra_test	py_test	16	0	0	0	0	0	-	no		
AUDIT_2026-09-30/ereditato_29_09/sonda_indagine/analizza.py	AUDIT_2026-09-30.ereditato_29_09.sonda_indagine.analizza	py_script_audit	44	0	0	0	0	0	-	no		
AUDIT_2026-09-30/ereditato_29_09/sonda_indagine/attivita.py	AUDIT_2026-09-30.ereditato_29_09.sonda_indagine.attivita	py_script_audit	18	0	0	0	0	0	-	no		
AUDIT_2026-09-30/ereditato_29_09/sonda_indagine/conta_flusso.py	AUDIT_2026-09-30.ereditato_29_09.sonda_indagine.conta_flusso	py_script_audit	11	0	0	0	0	0	-	no		
AUDIT_2026-09-30/ereditato_29_09/sonda_indagine/episodi_flusso.py	AUDIT_2026-09-30.ereditato_29_09.sonda_indagine.episodi_flusso	py_script_audit	20	0	0	0	0	0	-	no		
AUDIT_2026-09-30/ereditato_29_09/sonda_indagine/riassunto.py	AUDIT_2026-09-30.ereditato_29_09.sonda_indagine.riassunto	py_script_audit	14	0	0	0	0	0	-	no		
AUDIT_2026-09-30/ereditato_29_09/sonda_indagine/riga_ou.py	AUDIT_2026-09-30.ereditato_29_09.sonda_indagine.riga_ou	py_script_audit	17	0	0	0	0	0	-	no		
AUDIT_2026-09-30/ereditato_29_09/sonda_indagine/sonda_mercato_deciso.py	AUDIT_2026-09-30.ereditato_29_09.sonda_indagine.sonda_mercato_deciso	py_script_audit	141	0	0	0	0	8	-	no		
AUDIT_2026-09-30/ereditato_29_09/sonda_indagine/stati_mercati_raw.py	AUDIT_2026-09-30.ereditato_29_09.sonda_indagine.stati_mercati_raw	py_script_audit	49	0	0	0	0	0	-	no		
AUDIT_2026-09-30/ereditato_29_09/sonda_indagine/tabella.py	AUDIT_2026-09-30.ereditato_29_09.sonda_indagine.tabella	py_script_audit	47	0	0	0	0	0	-	no		
AUDIT_2026-09-30/falsifica_mike_ondata2.py	AUDIT_2026-09-30.falsifica_mike_ondata2	py_script_audit	121	0	0	0	0	0	-	si		
AUDIT_2026-09-30/falsifica_pnl_reale_conto.py	AUDIT_2026-09-30.falsifica_pnl_reale_conto	py_script_audit	175	0	0	0	0	0	-	si		
AUDIT_2026-09-30/falsifica_pnl_reale_conto_replay.py	AUDIT_2026-09-30.falsifica_pnl_reale_conto_replay	py_script_audit	50	0	0	0	0	0	-	si		
AUDIT_2026-09-30/ko_green_3_minuti/falsifica_ko_green_3_minuti.py	AUDIT_2026-09-30.ko_green_3_minuti.falsifica_ko_green_3_minuti	py_script_audit	162	0	0	0	0	0	-	si		
AUDIT_2026-09-30/ko_green_3_minuti/sonda_fine_riga.py	AUDIT_2026-09-30.ko_green_3_minuti.sonda_fine_riga	py_script_audit	21	0	0	0	0	0	-	no		
AUDIT_2026-09-30/ko_green_3_minuti/sonda_guasto_banca_fischio.py	AUDIT_2026-09-30.ko_green_3_minuti.sonda_guasto_banca_fischio	py_script_audit	36	0	0	0	0	5	-	no		
AUDIT_2026-09-30/sonda_arretrati_prova.py	AUDIT_2026-09-30.sonda_arretrati_prova	py_script_audit	79	0	0	0	0	1	-	no	dotenv	
AUDIT_2026-10-01/MIKE_CHIUSURA_COPERTURA_falsifica.py	AUDIT_2026-10-01.MIKE_CHIUSURA_COPERTURA_falsifica	py_script_audit	133	0	0	0	0	0	-	si		
AUDIT_2026-10-01/REDESIGN/confronto2/strumenti/affianca.py	AUDIT_2026-10-01.REDESIGN.confronto2.strumenti.affianca	py_script_audit	18	0	0	0	0	0	-	no	PIL	
AUDIT_2026-10-01/REDESIGN/confronto2/strumenti/confronta_png.py	AUDIT_2026-10-01.REDESIGN.confronto2.strumenti.confronta_png	py_script_audit	16	0	0	0	0	0	-	no	PIL	
AUDIT_2026-10-01/REDESIGN/confronto2/strumenti/solo_classi.py	AUDIT_2026-10-01.REDESIGN.confronto2.strumenti.solo_classi	py_script_audit	22	0	0	0	0	0	-	no		
AUDIT_2026-10-01/confronta_referti.py	AUDIT_2026-10-01.confronta_referti	py_script_audit	40	0	0	0	0	0	-	no		
AUDIT_2026-10-01/falsifica_bot_mai_ciechi.py	AUDIT_2026-10-01.falsifica_bot_mai_ciechi	py_script_audit	58	0	0	0	0	0	-	no		
AUDIT_2026-10-01/falsifica_bot_mai_ciechi_extra.py	AUDIT_2026-10-01.falsifica_bot_mai_ciechi_extra	py_script_audit	34	0	0	0	0	0	-	no		
AUDIT_2026-10-01/falsifica_runner_minimi.py	AUDIT_2026-10-01.falsifica_runner_minimi	py_script_audit	61	0	0	0	0	0	-	no		
AUDIT_2026-10-01/sonda_motivi_mike.py	AUDIT_2026-10-01.sonda_motivi_mike	py_script_audit	39	0	0	0	0	7	-	no		
AUDIT_2026-10-02/MIKE_CHIUSURA_INTEGRATA_falsifica.py	AUDIT_2026-10-02.MIKE_CHIUSURA_INTEGRATA_falsifica	py_script_audit	177	0	0	0	0	0	-	si		
AUDIT_2026-10-02/_fonti_betfair/estrai.py	AUDIT_2026-10-02._fonti_betfair.estrai	py_script_audit	20	0	0	0	0	0	-	no		
AUDIT_2026-10-02/ascii_escape.py	AUDIT_2026-10-02.ascii_escape	py_script_audit	11	0	0	0	0	0	-	no		
AUDIT_2026-10-02/bisezione_inquinatore.py	AUDIT_2026-10-02.bisezione_inquinatore	py_script_audit	67	0	0	0	0	0	-	si		
AUDIT_2026-10-02/bisezione_inquinatore_4.py	AUDIT_2026-10-02.bisezione_inquinatore_4	py_script_audit	100	0	0	0	0	0	-	si		
AUDIT_2026-10-02/cerca_chiavi.py	AUDIT_2026-10-02.cerca_chiavi	py_script_audit	14	0	0	0	0	0	-	no		
AUDIT_2026-10-02/cerca_delenv_env.py	AUDIT_2026-10-02.cerca_delenv_env	py_script_audit	80	0	0	0	0	0	-	si		
AUDIT_2026-10-02/confronta_referti.py	AUDIT_2026-10-02.confronta_referti	py_script_audit	48	0	0	0	0	0	-	no		
AUDIT_2026-10-02/confronta_referti_env.py	AUDIT_2026-10-02.confronta_referti_env	py_script_audit	59	0	0	0	0	0	-	no		
AUDIT_2026-10-02/falsifica_arresto.py	AUDIT_2026-10-02.falsifica_arresto	py_script_audit	69	0	0	0	0	0	-	si		
AUDIT_2026-10-02/falsifica_frontend_minori.py	AUDIT_2026-10-02.falsifica_frontend_minori	py_script_audit	221	0	0	0	0	0	-	si		
AUDIT_2026-10-02/falsifica_mike_feed_stantio.py	AUDIT_2026-10-02.falsifica_mike_feed_stantio	py_script_audit	85	0	0	0	0	0	-	no		
AUDIT_2026-10-02/falsifica_parita_env.py	AUDIT_2026-10-02.falsifica_parita_env	py_script_audit	145	0	0	0	0	0	-	si		
AUDIT_2026-10-02/falsifica_reperto1.py	AUDIT_2026-10-02.falsifica_reperto1	py_script_audit	75	0	0	0	0	0	-	si		
AUDIT_2026-10-02/falsifica_replay_veloce.py	AUDIT_2026-10-02.falsifica_replay_veloce	py_script_audit	79	0	0	0	0	0	-	si		
AUDIT_2026-10-02/falsifica_revisore_runner_minimi.py	AUDIT_2026-10-02.falsifica_revisore_runner_minimi	py_script_audit	106	0	0	0	0	0	-	no		
AUDIT_2026-10-02/falsifica_riconciliazione.py	AUDIT_2026-10-02.falsifica_riconciliazione	py_script_audit	206	0	0	0	0	0	-	si		
AUDIT_2026-10-02/falsifica_runner_correzioni.py	AUDIT_2026-10-02.falsifica_runner_correzioni	py_script_audit	230	0	0	0	0	0	-	no		
AUDIT_2026-10-02/falsifica_scanner.py	AUDIT_2026-10-02.falsifica_scanner	py_script_audit	246	0	0	0	0	0	-	si		
AUDIT_2026-10-02/falsifica_test_isolamento.py	AUDIT_2026-10-02.falsifica_test_isolamento	py_script_audit	139	0	0	0	0	0	-	si		
AUDIT_2026-10-02/falsifica_test_isolamento_2.py	AUDIT_2026-10-02.falsifica_test_isolamento_2	py_script_audit	214	0	0	0	0	0	-	si		
AUDIT_2026-10-02/falsifica_test_isolamento_3.py	AUDIT_2026-10-02.falsifica_test_isolamento_3	py_script_audit	86	0	0	0	0	0	-	si		
AUDIT_2026-10-02/falsifica_test_isolamento_4.py	AUDIT_2026-10-02.falsifica_test_isolamento_4	py_script_audit	76	0	0	0	0	0	-	si		
AUDIT_2026-10-02/misura_ab.py	AUDIT_2026-10-02.misura_ab	py_script_audit	51	0	0	0	0	3	-	si		
AUDIT_2026-10-02/ordine_test_plugin.py	AUDIT_2026-10-02.ordine_test_plugin	py_script_audit	38	0	0	0	0	0	-	no		
AUDIT_2026-10-02/ripara_mojibake.py	AUDIT_2026-10-02.ripara_mojibake	py_script_audit	59	0	0	0	0	0	-	si		
AUDIT_2026-10-02/sonda_azioni_mike_scenario.py	AUDIT_2026-10-02.sonda_azioni_mike_scenario	py_script_audit	62	0	0	0	0	7	-	no		
AUDIT_2026-10-02/sonda_calcoli_runner_minimi.py	AUDIT_2026-10-02.sonda_calcoli_runner_minimi	py_script_audit	69	0	0	0	0	4	-	no	flumine	
AUDIT_2026-10-02/sonda_diario_azioni.py	AUDIT_2026-10-02.sonda_diario_azioni	py_script_audit	39	0	0	0	0	4	-	no		
AUDIT_2026-10-02/sonda_latenza_motore.py	AUDIT_2026-10-02.sonda_latenza_motore	py_script_audit	16	0	0	0	0	0	-	no		
AUDIT_2026-10-02/sonda_leggi_tracce.py	AUDIT_2026-10-02.sonda_leggi_tracce	py_script_audit	15	0	0	0	0	0	-	no		
AUDIT_2026-10-02/sonda_r9.py	AUDIT_2026-10-02.sonda_r9	py_script_audit	152	0	0	0	0	3	-	si		
AUDIT_2026-10-02/tabella_predefiniti.py	AUDIT_2026-10-02.tabella_predefiniti	py_script_audit	192	0	0	0	0	7	-	si		
AUDIT_2026-10-02/verifica_mojibake.py	AUDIT_2026-10-02.verifica_mojibake	py_script_audit	60	0	0	0	0	0	-	no		
AUDIT_2026-10-04/strumenti/confronta_referti.py	AUDIT_2026-10-04.strumenti.confronta_referti	py_script_audit	28	0	0	0	0	0	-	no		
AUDIT_2026-10-04/strumenti/falsifica.py	AUDIT_2026-10-04.strumenti.falsifica	py_script_audit	324	0	0	0	0	0	-	si		
AUDIT_2026-10-04/strumenti/falsifica3_extra.py	AUDIT_2026-10-04.strumenti.falsifica3_extra	py_script_audit	17	0	0	0	1	0	-	no		AUDIT_2026-10-04/strumenti/falsifica_worker_flb_swing.py
AUDIT_2026-10-04/strumenti/falsifica_cert_pro_scalper.py	AUDIT_2026-10-04.strumenti.falsifica_cert_pro_scalper	py_script_audit	42	0	0	0	0	0	-	no		
AUDIT_2026-10-04/strumenti/falsifica_decisione1_pro_scalper.py	AUDIT_2026-10-04.strumenti.falsifica_decisione1_pro_scalper	py_script_audit	86	0	0	0	0	0	-	no		
AUDIT_2026-10-04/strumenti/falsifica_tetto_tennis.py	AUDIT_2026-10-04.strumenti.falsifica_tetto_tennis	py_script_audit	264	0	0	0	0	0	-	si		
AUDIT_2026-10-04/strumenti/falsifica_worker_flb_swing.py	AUDIT_2026-10-04.strumenti.falsifica_worker_flb_swing	py_script_audit	40	0	0	0	0	1	-	no		
AUDIT_2026-10-04/strumenti/misura_arrotondamenti_scalper_tennis.py	AUDIT_2026-10-04.strumenti.misura_arrotondamenti_scalper_tennis	py_script_audit	42	0	0	0	0	6	-	no		
AUDIT_2026-10-04/strumenti/mutazioni_punte_050.py	AUDIT_2026-10-04.strumenti.mutazioni_punte_050	py_script_audit	95	0	0	0	0	0	-	no		
AUDIT_2026-10-04/strumenti/mutazioni_safe_omega_punte_050.py	AUDIT_2026-10-04.strumenti.mutazioni_safe_omega_punte_050	py_script_audit	96	0	0	0	0	0	-	no		
AUDIT_2026-10-04/strumenti/replay_con_tetto.py	AUDIT_2026-10-04.strumenti.replay_con_tetto	py_script_audit	28	0	0	0	0	0	-	no		
AUDIT_2026-10-04/strumenti/riassunto_scenari.py	AUDIT_2026-10-04.strumenti.riassunto_scenari	py_script_audit	38	0	0	0	0	0	-	no		
AUDIT_2026-10-04/strumenti/rinumera_tradotti_punte_050.py	AUDIT_2026-10-04.strumenti.rinumera_tradotti_punte_050	py_script_audit	32	0	0	0	0	0	-	no		
AUDIT_2026-10-05/strumenti/confronta_non_regressione.py	AUDIT_2026-10-05.strumenti.confronta_non_regressione	py_script_audit	47	0	0	0	0	0	-	si		
AUDIT_2026-10-05/strumenti/mutazioni_media_under.py	AUDIT_2026-10-05.strumenti.mutazioni_media_under	py_script_audit	333	0	0	0	1	0	-	si		AUDIT_2026-10-05/strumenti/mutazioni_media_under_giro2.py
AUDIT_2026-10-05/strumenti/mutazioni_media_under_giro2.py	AUDIT_2026-10-05.strumenti.mutazioni_media_under_giro2	py_script_audit	236	0	0	0	0	1	-	si		
AUDIT_2026-10-06/strumenti/confronta_giro3.py	AUDIT_2026-10-06.strumenti.confronta_giro3	py_script_audit	59	0	0	0	0	0	-	si		
AUDIT_2026-10-06/strumenti/confronta_giro4.py	AUDIT_2026-10-06.strumenti.confronta_giro4	py_script_audit	61	0	0	0	0	0	-	si		
AUDIT_2026-10-06/strumenti/mutazioni_media_under_giro3.py	AUDIT_2026-10-06.strumenti.mutazioni_media_under_giro3	py_script_audit	153	0	0	0	0	0	-	si	mutazioni_media_under	
AUDIT_2026-10-06/strumenti/mutazioni_media_under_giro4.py	AUDIT_2026-10-06.strumenti.mutazioni_media_under_giro4	py_script_audit	190	0	0	0	0	0	-	si	mutazioni_media_under	
AUDIT_2026-10-07/conformita_calcio/strumenti/diag_safe2.py	AUDIT_2026-10-07.conformita_calcio.strumenti.diag_safe2	py_script_audit	69	0	0	0	0	5	-	no		
AUDIT_2026-10-07/conformita_calcio/strumenti/diag_safe3.py	AUDIT_2026-10-07.conformita_calcio.strumenti.diag_safe3	py_script_audit	77	0	0	0	0	5	-	no	flumine	
AUDIT_2026-10-07/conformita_calcio/strumenti/diag_scalper.py	AUDIT_2026-10-07.conformita_calcio.strumenti.diag_scalper	py_script_audit	40	0	0	0	0	7	-	no		
AUDIT_2026-10-07/conformita_calcio/strumenti/habitat.py	AUDIT_2026-10-07.conformita_calcio.strumenti.habitat	py_script_audit	69	0	0	0	0	0	-	no		
AUDIT_2026-10-07/conformita_calcio/strumenti/ladder.py	AUDIT_2026-10-07.conformita_calcio.strumenti.ladder	py_script_audit	66	0	0	0	0	0	-	no		
AUDIT_2026-10-07/omega_any_other_strumenti/base_oggi.py	AUDIT_2026-10-07.omega_any_other_strumenti.base_oggi	py_script_audit	49	0	0	0	0	5	-	no		
AUDIT_2026-10-07/omega_any_other_strumenti/estrai_book.py	AUDIT_2026-10-07.omega_any_other_strumenti.estrai_book	py_script_audit	76	0	0	0	0	0	-	no		
AUDIT_2026-10-07/omega_any_other_strumenti/falsifica.py	AUDIT_2026-10-07.omega_any_other_strumenti.falsifica	py_script_audit	76	0	0	0	0	0	-	no		
AUDIT_2026-10-07/omega_apertura_35760084/strumenti/ht_vuoto.py	AUDIT_2026-10-07.omega_apertura_35760084.strumenti.ht_vuoto	py_script_audit	72	0	0	0	0	0	-	no		
AUDIT_2026-10-07/omega_apertura_35760084/strumenti/ibrido.py	AUDIT_2026-10-07.omega_apertura_35760084.strumenti.ibrido	py_script_audit	39	0	0	0	0	0	-	no		
AUDIT_2026-10-07/omega_apertura_35760084/strumenti/muta.py	AUDIT_2026-10-07.omega_apertura_35760084.strumenti.muta	py_script_audit	25	0	0	0	0	0	-	no		
AUDIT_2026-10-07/omega_apertura_35760084/strumenti/prova.py	AUDIT_2026-10-07.omega_apertura_35760084.strumenti.prova	py_script_audit	25	0	0	0	0	0	-	no		
AUDIT_2026-10-07/omega_apertura_35760084/strumenti/sonda_flusso.py	AUDIT_2026-10-07.omega_apertura_35760084.strumenti.sonda_flusso	py_script_audit	50	0	0	0	0	6	-	no		
AUDIT_2026-10-07/omega_apertura_35760084/strumenti/sonda_ht_book.py	AUDIT_2026-10-07.omega_apertura_35760084.strumenti.sonda_ht_book	py_script_audit	45	0	0	0	0	5	-	no		
AUDIT_2026-10-07/omega_apertura_35760084/strumenti/sonda_modello.py	AUDIT_2026-10-07.omega_apertura_35760084.strumenti.sonda_modello	py_script_audit	103	0	0	0	0	6	-	no		
AUDIT_2026-10-07/omega_apertura_35760084/strumenti/storia_mercato.py	AUDIT_2026-10-07.omega_apertura_35760084.strumenti.storia_mercato	py_script_audit	35	0	0	0	0	0	-	no		
AUDIT_2026-10-07/omega_apertura_35760084/strumenti/trova_hash.py	AUDIT_2026-10-07.omega_apertura_35760084.strumenti.trova_hash	py_script_audit	15	0	0	0	0	0	-	no		
AUDIT_2026-10-07/replay_conformita_tennis_pro/sonda.py	AUDIT_2026-10-07.replay_conformita_tennis_pro.sonda	py_script_audit	67	0	0	0	0	2	-	no		
AUDIT_2026-10-07/replay_pro/strumenti/frames_dal_raw.py	AUDIT_2026-10-07.replay_pro.strumenti.frames_dal_raw	py_script_audit	72	0	0	0	0	0	-	no		
AUDIT_2026-10-07/replay_pro/strumenti/mutazioni_py.py	AUDIT_2026-10-07.replay_pro.strumenti.mutazioni_py	py_script_audit	43	0	0	0	0	0	-	no		
AUDIT_2026-10-07/replay_pro/strumenti/mutazioni_ts.py	AUDIT_2026-10-07.replay_pro.strumenti.mutazioni_ts	py_script_audit	86	0	0	0	0	0	-	no		
AUDIT_2026-10-07/replay_pro/strumenti/mutazioni_ui.py	AUDIT_2026-10-07.replay_pro.strumenti.mutazioni_ui	py_script_audit	64	0	0	0	0	0	-	no		
AUDIT_2026-10-07/replay_pro/strumenti/serie.py	AUDIT_2026-10-07.replay_pro.strumenti.serie	py_script_audit	45	0	0	0	0	2	-	no		
AUDIT_2026-10-07/replay_scalper_chiusura_al_centesimo/diag_ordini.py	AUDIT_2026-10-07.replay_scalper_chiusura_al_centesimo.diag_ordini	py_script_audit	68	0	0	0	0	4	-	no		
AUDIT_2026-10-07/replay_scalper_chiusura_al_centesimo/mutazioni.py	AUDIT_2026-10-07.replay_scalper_chiusura_al_centesimo.mutazioni	py_script_audit	53	0	0	0	0	0	-	no		
AUDIT_2026-10-07/replay_tennis/curatore_calcio_prima_dopo.py	AUDIT_2026-10-07.replay_tennis.curatore_calcio_prima_dopo	py_script_audit	108	0	0	0	0	2	-	si		
AUDIT_2026-10-07/replay_tennis/falsifica_frontend.py	AUDIT_2026-10-07.replay_tennis.falsifica_frontend	py_script_audit	102	0	0	0	0	0	-	si		
AUDIT_2026-10-07/replay_tennis/falsifica_python.py	AUDIT_2026-10-07.replay_tennis.falsifica_python	py_script_audit	163	0	0	0	0	0	-	si		
AUDIT_2026-10-07/replay_tennis/genera_fixture_frontend.py	AUDIT_2026-10-07.replay_tennis.genera_fixture_frontend	py_script_audit	48	0	0	0	0	2	-	si		
AUDIT_2026-10-07/replay_tennis/verifica_migrazione_falsifica.py	AUDIT_2026-10-07.replay_tennis.verifica_migrazione_falsifica	py_script_audit	70	0	0	0	0	0	-	si		
AUDIT_2026-10-07/replay_tennis/verifica_migrazione_pg.py	AUDIT_2026-10-07.replay_tennis.verifica_migrazione_pg	py_script_audit	210	0	0	0	0	2	-	si		
Ai Engine/ai_engine/__init__.py	Ai Engine.ai_engine	py_codice_cartelle_radice	2	1	2	0	0	0	-	no		Ai Engine/ai_engine/tests/test_db_adapter_letture_2026_09_21.py;Ai Engine/ai_engine/tests/test_standings_fanout.py;tmp_smoke_ml_fixes.py
Ai Engine/ai_engine/advanced_validation.py	Ai Engine.ai_engine.advanced_validation	py_codice_cartelle_radice	45	1	0	0	0	0	-	no		Ai Engine/ai_engine/runner.py
Ai Engine/ai_engine/ai_config.py	Ai Engine.ai_engine.ai_config	py_codice_cartelle_radice	27	2	0	0	0	0	-	no		Ai Engine/ai_engine/feature_pipeline.py;Ai Engine/ai_engine/runner.py
Ai Engine/ai_engine/analysis/__init__.py	Ai Engine.ai_engine.analysis	py_codice_cartelle_radice	1	0	0	0	0	0	0	no		
Ai Engine/ai_engine/analysis/advanced.py	Ai Engine.ai_engine.analysis.advanced	py_codice_cartelle_radice	90	0	0	0	0	0	0	no	boruta,numpy,pandas,sklearn	
Ai Engine/ai_engine/analysis/summary.py	Ai Engine.ai_engine.analysis.summary	py_codice_cartelle_radice	25	0	0	0	0	1	0	no	pandas	
Ai Engine/ai_engine/analysis/tools.py	Ai Engine.ai_engine.analysis.tools	py_codice_cartelle_radice	41	1	0	0	0	1	-	no	numpy,pandas,sklearn	Ai Engine/ai_engine/analysis/summary.py
Ai Engine/ai_engine/audit_nulls.py	Ai Engine.ai_engine.audit_nulls	py_codice_cartelle_radice	138	0	0	0	0	3	0	si	pandas	
Ai Engine/ai_engine/backtest.py	Ai Engine.ai_engine.backtest	py_codice_cartelle_radice	490	0	0	0	0	4	0	si	numpy,pandas,sklearn	
Ai Engine/ai_engine/bss_monitor.py	Ai Engine.ai_engine.bss_monitor	py_codice_cartelle_radice	169	0	0	0	0	0	0	si		
Ai Engine/ai_engine/confidence_gate.py	Ai Engine.ai_engine.confidence_gate	py_codice_cartelle_radice	283	1	1	0	0	1	-	no		Ai Engine/ai_engine/predict_fixture.py;Ai Engine/ai_engine/tests/test_core.py
Ai Engine/ai_engine/coverage.py	Ai Engine.ai_engine.coverage	py_codice_cartelle_radice	54	3	0	0	0	0	-	no	pandas	Ai Engine/ai_engine/audit_nulls.py;Ai Engine/ai_engine/predict_fixture.py;Ai Engine/ai_engine/runner.py
Ai Engine/ai_engine/db_adapter.py	Ai Engine.ai_engine.db_adapter	py_codice_cartelle_radice	442	10	1	0	0	1	-	no		Ai Engine/ai_engine/audit_nulls.py;Ai Engine/ai_engine/backtest.py;Ai Engine/ai_engine/evaluate_holdout.py;Ai Engine/ai_engine/feature_pipeline.py;Ai Engine/ai_engine/predict_fixture.py;Ai Engine/ai_engine/seriea_model_export.py
Ai Engine/ai_engine/elo_ratings.py	Ai Engine.ai_engine.elo_ratings	py_codice_cartelle_radice	86	1	0	0	0	0	-	no	pandas	Ai Engine/ai_engine/feature_pipeline.py
Ai Engine/ai_engine/ensemble_trainer.py	Ai Engine.ai_engine.ensemble_trainer	py_codice_cartelle_radice	1519	6	0	0	0	1	-	no	imblearn,keras,lightgbm,numpy,optuna,pandas,scipy,sklearn,tensorflow,xgboost	Ai Engine/ai_engine/predict_fixture.py;Ai Engine/ai_engine/seriea_model_export.py;Ai Engine/backtest_ml.py;tmp_smoke_ml_fixes.py;tmp_smoke_stack.py;tmp_validate_predict.py
Ai Engine/ai_engine/evaluate_holdout.py	Ai Engine.ai_engine.evaluate_holdout	py_codice_cartelle_radice	265	0	0	0	0	4	0	si	numpy,pandas,sklearn	
Ai Engine/ai_engine/feature_pipeline.py	Ai Engine.ai_engine.feature_pipeline	py_codice_cartelle_radice	869	4	1	0	0	4	-	no	pandas	Ai Engine/ai_engine/audit_nulls.py;Ai Engine/ai_engine/predict_fixture.py;Ai Engine/ai_engine/runner.py;Ai Engine/ai_engine/tests/test_standings_fanout.py;Ai Engine/ai_engine/training_dataset.py
Ai Engine/ai_engine/generate_fixture_report.py	Ai Engine.ai_engine.generate_fixture_report	py_codice_cartelle_radice	192	0	0	0	0	2	0	si	pandas	
Ai Engine/ai_engine/market_ranking.py	Ai Engine.ai_engine.market_ranking	py_codice_cartelle_radice	58	2	0	0	0	0	-	no		Ai Engine/ai_engine/generate_fixture_report.py;Ai Engine/ai_engine/runner.py
Ai Engine/ai_engine/metrics/__init__.py	Ai Engine.ai_engine.metrics	py_codice_cartelle_radice	1	0	0	0	0	0	0	no		
Ai Engine/ai_engine/metrics/balance.py	Ai Engine.ai_engine.metrics.balance	py_codice_cartelle_radice	23	1	0	0	0	0	-	no	numpy	Ai Engine/ai_engine/predict_fixture.py
Ai Engine/ai_engine/model_suite.py	Ai Engine.ai_engine.model_suite	py_codice_cartelle_radice	189	1	0	0	0	0	-	no	numpy,pandas,sklearn	Ai Engine/ai_engine/runner.py
Ai Engine/ai_engine/models/__init__.py	Ai Engine.ai_engine.models	py_codice_cartelle_radice	1	0	0	0	0	0	0	no		
Ai Engine/ai_engine/models/trainer.py	Ai Engine.ai_engine.models.trainer	py_codice_cartelle_radice	154	0	0	0	0	1	0	no	numpy,pandas,sklearn	
Ai Engine/ai_engine/models/voting.py	Ai Engine.ai_engine.models.voting	py_codice_cartelle_radice	21	0	0	0	0	0	0	no	numpy	
Ai Engine/ai_engine/predict_fixture.py	Ai Engine.ai_engine.predict_fixture	py_codice_cartelle_radice	1124	5	2	0	0	9	-	si	numpy,pandas	Ai Engine/ai_engine/generate_fixture_report.py;Ai Engine/ai_engine/serving_batch.py;Ai Engine/ai_engine/tests/test_core.py;Ai Engine/ai_engine/tests/test_standings_fanout.py;Betfair/betfair_report_manager.py;tmp_predict_today.py
Ai Engine/ai_engine/preprocessing/__init__.py	Ai Engine.ai_engine.preprocessing	py_codice_cartelle_radice	1	0	0	0	0	0	0	no		
Ai Engine/ai_engine/preprocessing/dataset.py	Ai Engine.ai_engine.preprocessing.dataset	py_codice_cartelle_radice	126	2	0	0	0	0	-	no	imblearn,numpy,pandas,sklearn	Ai Engine/ai_engine/analysis/tools.py;Ai Engine/ai_engine/models/trainer.py
Ai Engine/ai_engine/preprocessing/selection.py	Ai Engine.ai_engine.preprocessing.selection	py_codice_cartelle_radice	148	2	1	0	0	0	-	no	numpy,pandas,sklearn	Ai Engine/ai_engine/evaluate_holdout.py;Ai Engine/ai_engine/seriea_model_export.py;Ai Engine/ai_engine/tests/test_core.py
Ai Engine/ai_engine/preprocessing/statistics.py	Ai Engine.ai_engine.preprocessing.statistics	py_codice_cartelle_radice	116	1	0	0	0	0	-	no	pandas	Ai Engine/ai_engine/feature_pipeline.py
Ai Engine/ai_engine/preprocessing/temporal_split.py	Ai Engine.ai_engine.preprocessing.temporal_split	py_codice_cartelle_radice	178	4	1	0	0	0	-	no	numpy,pandas	Ai Engine/ai_engine/backtest.py;Ai Engine/ai_engine/ensemble_trainer.py;Ai Engine/ai_engine/evaluate_holdout.py;Ai Engine/ai_engine/seriea_model_export.py;Ai Engine/ai_engine/tests/test_core.py
Ai Engine/ai_engine/report.py	Ai Engine.ai_engine.report	py_codice_cartelle_radice	69	1	0	0	0	0	-	no	pandas	Ai Engine/ai_engine/runner.py
Ai Engine/ai_engine/runner.py	Ai Engine.ai_engine.runner	py_codice_cartelle_radice	68	0	0	0	0	9	0	si		
Ai Engine/ai_engine/seriea_model_export.py	Ai Engine.ai_engine.seriea_model_export	py_codice_cartelle_radice	734	5	1	0	0	6	-	si	numpy,pandas	Ai Engine/ai_engine/tests/test_core.py;Betfair/betfair_report_manager.py;retrain_all_leagues.py;tmp_smoke_ml_fixes.py;tmp_train_today.py;tmp_validate_league.py
Ai Engine/ai_engine/serving_batch.py	Ai Engine.ai_engine.serving_batch	py_codice_cartelle_radice	109	1	0	0	0	2	-	si		Prediction/today_predictions_backfill.py
Ai Engine/ai_engine/targets.py	Ai Engine.ai_engine.targets	py_codice_cartelle_radice	205	2	0	0	0	0	-	no	pandas	Ai Engine/ai_engine/training_dataset.py;tmp_smoke_ml_fixes.py
Ai Engine/ai_engine/test_dataset_fixed.py	Ai Engine.ai_engine.test_dataset_fixed	py_test	19	0	0	0	0	2	-	no	pandas	
Ai Engine/ai_engine/tests/__init__.py	Ai Engine.ai_engine.tests	py_test	0	0	0	0	0	0	-	no		
Ai Engine/ai_engine/tests/test_core.py	Ai Engine.ai_engine.tests.test_core	py_test	362	0	0	0	0	6	-	si	numpy,pandas,pytest	
Ai Engine/ai_engine/tests/test_db_adapter_letture_2026_09_21.py	Ai Engine.ai_engine.tests.test_db_adapter_letture_2026_09_21	py_test	713	0	0	0	0	2	-	no	postgrest,pytest	
Ai Engine/ai_engine/tests/test_standings_fanout.py	Ai Engine.ai_engine.tests.test_standings_fanout	py_test	463	0	0	0	0	3	-	no	numpy,pandas,pytest,sklearn	
Ai Engine/ai_engine/training_dataset.py	Ai Engine.ai_engine.training_dataset	py_codice_cartelle_radice	60	7	1	0	0	3	-	no	pandas	Ai Engine/ai_engine/backtest.py;Ai Engine/ai_engine/evaluate_holdout.py;Ai Engine/ai_engine/runner.py;Ai Engine/ai_engine/seriea_model_export.py;Ai Engine/ai_engine/test_dataset_fixed.py;Ai Engine/backtest_ml.py
Ai Engine/ai_engine/validation.py	Ai Engine.ai_engine.validation	py_codice_cartelle_radice	63	1	0	0	0	0	-	no	pandas	Ai Engine/ai_engine/runner.py
Ai Engine/ai_engine/value_betting.py	Ai Engine.ai_engine.value_betting	py_codice_cartelle_radice	386	4	1	0	0	0	-	no		Ai Engine/ai_engine/backtest.py;Ai Engine/ai_engine/confidence_gate.py;Ai Engine/ai_engine/predict_fixture.py;Ai Engine/ai_engine/tests/test_core.py;Ai Engine/backtest_ml.py
Ai Engine/backtest_ml.py	Ai Engine.backtest_ml	py_codice_cartelle_radice	273	0	0	0	0	4	0	si	numpy,pandas	
Betfair/__init__.py	Betfair	py_codice_Betfair	0	0	4	1	0	0	0	no		Betfair/safe_strategy/tests/test_punte_multiple_050_2026_10_04.py;Betfair/safe_strategy/tests/test_resilienza_rete_fix_c_insieme_2026_09_26.py;Betfair/stream/tests/test_banco_ambiente_dichiarato_2026_10_02.py;Betfair/stream/tests/test_runner_minimi_correzioni_2026_10_02.py;Betfair/tools/test_verifica_margine_2026_09_12.py
Betfair/betfair_match.py	Betfair.betfair_match	py_codice_Betfair	250	8	1	0	0	0	-	no	thefuzz	Betfair/odds_refresh.py;Betfair/omega/omega_advisor.py;Betfair/omega/omega_service.py;Betfair/safe_strategy/bot_service.py;Betfair/safe_strategy/selezione.py;Betfair/stream/watchlist.py
Betfair/betfair_report_manager.py	Betfair.betfair_report_manager	py_codice_Betfair	1737	0	0	0	0	7	2	si	gspread,pytz,thefuzz	
Betfair/cleanup_reset.py	Betfair.cleanup_reset	py_codice_Betfair	32	0	0	0	0	1	0	no	gspread	
Betfair/client.py	Betfair.client	py_codice_Betfair	426	6	1	0	0	1	-	no	requests	Betfair/betfair_report_manager.py;Betfair/odds_refresh.py;Betfair/safe_strategy/tests/test_resilienza_rete_fix_c_insieme_2026_09_26.py;Betfair/stream/runner.py;betfair_full_odds.py;betfair_tennis_odds.py
Betfair/conftest.py	Betfair.conftest	py_test	311	0	1	0	0	0	-	no	dotenv,flumine,pytest	Betfair/stream/tests/test_banco_ambiente_dichiarato_2026_10_02.py
Betfair/mike/__init__.py	Betfair.mike	py_codice_Betfair	0	5	114	3	9	0	-	no		AUDIT_2026-09-25/e2e_fase1/strumenti/sonda.py;AUDIT_2026-09-25/e2e_fase2/verifica_mike_b.py;AUDIT_2026-09-25/e2e_fase2/verifica_mike_c.py;AUDIT_2026-09-25/sonde/esempi_note_forza.py;AUDIT_2026-09-25/sonde/esempi_note_v4.py;AUDIT_2026-09-30/ereditato_29_09/sonda_indagine/sonda_mercato_deciso.py
Betfair/mike/certificazione.py	Betfair.mike.certificazione	py_codice_Betfair	2084	0	19	1	0	7	3	no		Betfair/mike/tests/test_mike_banco_ondata2_2026_09_30.py;Betfair/mike/tests/test_mike_chiusura_copertura_2026_10_01.py;Betfair/mike/tests/test_mike_chiusura_integrata_2026_10_02.py;Betfair/mike/tests/test_mike_conto_e_sovracopertura_2026_09_16.py;Betfair/mike/tests/test_mike_ko_green_3_minuti_2026_09_30.py;Betfair/mike/tests/test_mike_ko_green_appoggiata_2026_09_16.py
Betfair/mike/config.py	Betfair.mike.config	py_codice_Betfair	491	2	51	1	4	0	-	no		AUDIT_2026-09-25/e2e_fase1/strumenti/sonda.py;AUDIT_2026-09-25/e2e_fase2/verifica_mike_b.py;AUDIT_2026-09-25/e2e_fase2/verifica_mike_c.py;AUDIT_2026-10-02/tabella_predefiniti.py;Betfair/mike/engine.py;Betfair/mike/service.py
Betfair/mike/db.py	Betfair.mike.db	py_codice_Betfair	693	1	13	1	3	9	-	no		AUDIT_2026-09-25/e2e_fase1/strumenti/sonda.py;AUDIT_2026-09-25/e2e_fase2/verifica_mike_b.py;AUDIT_2026-09-25/e2e_fase2/verifica_mike_c.py;Betfair/mike/service.py;Betfair/mike/tests/test_mike_atlante_frame_dossier_2026_09_26.py;Betfair/mike/tests/test_mike_audit_2026_09_11.py
Betfair/mike/dossier.py	Betfair.mike.dossier	py_codice_Betfair	411	1	8	1	2	7	-	no		AUDIT_2026-09-25/sonde/esempi_note_forza.py;AUDIT_2026-09-25/sonde/esempi_note_v4.py;Betfair/mike/service.py;Betfair/mike/tests/test_mike_atlante_frame_dossier_2026_09_26.py;Betfair/mike/tests/test_mike_audit_2026_09_12.py;Betfair/mike/tests/test_mike_dossier.py
Betfair/mike/engine.py	Betfair.mike.engine	py_codice_Betfair	5359	3	81	2	4	7	-	no		AUDIT_2026-09-25/e2e_fase2/verifica_mike_b.py;AUDIT_2026-09-30/ereditato_29_09/sonda_indagine/sonda_mercato_deciso.py;AUDIT_2026-10-01/sonda_motivi_mike.py;AUDIT_2026-10-02/sonda_azioni_mike_scenario.py;Betfair/mike/certificazione.py;Betfair/mike/feed.py
Betfair/mike/feed.py	Betfair.mike.feed	py_codice_Betfair	583	1	18	0	1	7	-	no		AUDIT_2026-09-30/ereditato_29_09/sonda_indagine/sonda_mercato_deciso.py;Betfair/mike/service.py;Betfair/mike/tests/test_mike_audit_2026_09_11.py;Betfair/mike/tests/test_mike_certificazione_ui_2026_09_11.py;Betfair/mike/tests/test_mike_feed.py;Betfair/mike/tests/test_mike_flusso_testo_linea_2026_09_30.py
Betfair/mike/porta_ordini.py	Betfair.mike.porta_ordini	py_codice_Betfair	224	2	7	0	0	2	-	no		Betfair/mike/service.py;Betfair/mike/tests/conftest.py;Betfair/mike/tests/test_mike_d1_paper_sul_runner_2026_09_29.py;Betfair/mike/tests/test_mike_d1bis_freno_coperture_runner_2026_09_28.py;Betfair/mike/tests/test_mike_d1ter_submin_fok_parita_2026_09_28.py;Betfair/mike/tests/test_mike_legge_canale_2026_09_23.py
Betfair/mike/regolato_conto.py	Betfair.mike.regolato_conto	py_codice_Betfair	359	1	1	0	0	1	-	no		Betfair/mike/service.py;Betfair/mike/tests/test_mike_pnl_reale_del_conto_2026_09_30.py
Betfair/mike/service.py	Betfair.mike.service	py_codice_Betfair	7551	1	74	1	1	25	-	si	websockets	AUDIT_2026-09-30/ereditato_29_09/sonda_indagine/sonda_mercato_deciso.py;Betfair/mike/certificazione.py;Betfair/mike/tests/conftest.py;Betfair/mike/tests/test_loss_exit_deciso_rate_limit_2026_09_26.py;Betfair/mike/tests/test_mike_allineamento_ui_2026_09_15.py;Betfair/mike/tests/test_mike_aperture_ferme_d1quater_2026_09_29.py
Betfair/mike/tests/conftest.py	Betfair.mike.tests.conftest	py_test	67	0	0	0	0	5	-	no	pytest	
Betfair/mike/tests/runner_finto.py	Betfair.mike.tests.runner_finto	py_test	170	0	4	0	0	4	-	no		Betfair/mike/tests/conftest.py;Betfair/mike/tests/test_mike_legge_canale_2026_09_23.py;Betfair/safe_strategy/tests/test_p_blocco3_2026_09_28.py;Betfair/stream/tests/test_r3_freno_unico_2026_09_25.py
Betfair/mike/tests/test_coordinatore_firma_dopo_decadenza_2026_09_28.py	Betfair.mike.tests.test_coordinatore_firma_dopo_decadenza_2026_09_28	py_test	84	0	0	0	0	3	-	no		
Betfair/mike/tests/test_loss_exit_deciso_rate_limit_2026_09_26.py	Betfair.mike.tests.test_loss_exit_deciso_rate_limit_2026_09_26	py_test	29	0	0	0	0	1	-	no		
Betfair/mike/tests/test_mike_allineamento_ui_2026_09_15.py	Betfair.mike.tests.test_mike_allineamento_ui_2026_09_15	py_test	120	0	0	0	0	3	-	no		
Betfair/mike/tests/test_mike_aperture_ferme_d1quater_2026_09_29.py	Betfair.mike.tests.test_mike_aperture_ferme_d1quater_2026_09_29	py_test	152	0	1	0	0	13	-	no	pytest	Betfair/mike/tests/test_mike_motivo_blocco_catena_2026_10_04.py
Betfair/mike/tests/test_mike_atlante_frame_dossier_2026_09_26.py	Betfair.mike.tests.test_mike_atlante_frame_dossier_2026_09_26	py_test	130	0	0	0	0	7	-	no		
Betfair/mike/tests/test_mike_audit_2026_09_11.py	Betfair.mike.tests.test_mike_audit_2026_09_11	py_test	1229	0	5	0	0	11	-	no	pytest	Betfair/mike/tests/test_mike_audit_2026_09_12.py;Betfair/mike/tests/test_mike_chiudi_per_bot_2026_09_24.py;Betfair/mike/tests/test_mike_d1_regolazione_al_riavvio_2026_09_28.py;Betfair/mike/tests/test_mike_motivo_blocco_catena_2026_10_04.py;Betfair/mike/tests/test_mike_review_2026_09_11.py
Betfair/mike/tests/test_mike_audit_2026_09_12.py	Betfair.mike.tests.test_mike_audit_2026_09_12	py_test	880	0	0	0	0	9	-	no	pytest	
Betfair/mike/tests/test_mike_avvio_app_2026_09_16.py	Betfair.mike.tests.test_mike_avvio_app_2026_09_16	py_test	204	0	1	0	0	7	-	no	pytest	Betfair/mike/tests/test_mike_uscite_manuali_al_riavvio_2026_09_28.py
Betfair/mike/tests/test_mike_banco_e2_2026_09_30.py	Betfair.mike.tests.test_mike_banco_e2_2026_09_30	py_test	69	0	0	0	0	3	-	no	pytest	
Betfair/mike/tests/test_mike_banco_memorie_processo_2026_09_30.py	Betfair.mike.tests.test_mike_banco_memorie_processo_2026_09_30	py_test	73	0	0	0	0	5	-	no		
Betfair/mike/tests/test_mike_banco_ondata2_2026_09_30.py	Betfair.mike.tests.test_mike_banco_ondata2_2026_09_30	py_test	501	0	0	0	0	5	-	no	pytest	
Betfair/mike/tests/test_mike_canale_f3_2026_09_18.py	Betfair.mike.tests.test_mike_canale_f3_2026_09_18	py_test	203	0	0	0	0	4	-	no	pytest	
Betfair/mike/tests/test_mike_canale_locale_2026_09_14.py	Betfair.mike.tests.test_mike_canale_locale_2026_09_14	py_test	176	0	0	0	0	4	-	no	pytest	
Betfair/mike/tests/test_mike_certificazione_2026_09_13.py	Betfair.mike.tests.test_mike_certificazione_2026_09_13	py_test	298	0	0	0	0	3	-	no	pytest	
Betfair/mike/tests/test_mike_certificazione_ui_2026_09_11.py	Betfair.mike.tests.test_mike_certificazione_ui_2026_09_11	py_test	719	0	0	0	0	7	-	no	pytest	
Betfair/mike/tests/test_mike_chiave_approvazione_b17_2026_09_25.py	Betfair.mike.tests.test_mike_chiave_approvazione_b17_2026_09_25	py_test	131	0	0	0	0	5	-	no	pytest	
Betfair/mike/tests/test_mike_chiudi_per_bot_2026_09_24.py	Betfair.mike.tests.test_mike_chiudi_per_bot_2026_09_24	py_test	152	0	0	0	0	7	-	no	pytest	
Betfair/mike/tests/test_mike_chiusura_copertura_2026_10_01.py	Betfair.mike.tests.test_mike_chiusura_copertura_2026_10_01	py_test	614	0	2	0	0	10	-	no	pytest	Betfair/mike/tests/test_mike_chiusura_integrata_2026_10_02.py;Betfair/mike/tests/test_mike_punte_multiplo_050_2026_10_04.py
Betfair/mike/tests/test_mike_chiusura_integrata_2026_10_02.py	Betfair.mike.tests.test_mike_chiusura_integrata_2026_10_02	py_test	341	0	0	0	0	10	-	no	pytest	
Betfair/mike/tests/test_mike_chiusura_profitto_senza_copertura_2026_10_04.py	Betfair.mike.tests.test_mike_chiusura_profitto_senza_copertura_2026_10_04	py_test	193	0	0	0	0	3	-	no		
Betfair/mike/tests/test_mike_config.py	Betfair.mike.tests.test_mike_config	py_test	102	0	0	0	0	2	-	no		
Betfair/mike/tests/test_mike_conto_dal_canale_2026_09_30.py	Betfair.mike.tests.test_mike_conto_dal_canale_2026_09_30	py_test	400	0	0	0	0	9	-	si	betfairlightweight,flumine,pytest	
Betfair/mike/tests/test_mike_conto_e_sovracopertura_2026_09_16.py	Betfair.mike.tests.test_mike_conto_e_sovracopertura_2026_09_16	py_test	814	0	1	0	0	9	-	no	pytest	Betfair/mike/tests/test_mike_conto_dal_canale_2026_09_30.py
Betfair/mike/tests/test_mike_contratto_db_2026_09_14.py	Betfair.mike.tests.test_mike_contratto_db_2026_09_14	py_test	117	0	0	0	0	2	-	no	pytest	
Betfair/mike/tests/test_mike_contratto_ordini_2026_09_15.py	Betfair.mike.tests.test_mike_contratto_ordini_2026_09_15	py_test	249	0	0	0	0	5	-	no	pytest	
Betfair/mike/tests/test_mike_copertura_canale_2026_09_23.py	Betfair.mike.tests.test_mike_copertura_canale_2026_09_23	py_test	137	0	0	0	0	4	-	no	pytest	
Betfair/mike/tests/test_mike_copertura_prezzo_coerente_2026_10_04.py	Betfair.mike.tests.test_mike_copertura_prezzo_coerente_2026_10_04	py_test	338	0	0	0	0	4	-	no		
Betfair/mike/tests/test_mike_d1_aggregati_per_modalita_2026_09_28.py	Betfair.mike.tests.test_mike_d1_aggregati_per_modalita_2026_09_28	py_test	141	0	0	0	0	9	-	no	pytest	
Betfair/mike/tests/test_mike_d1_paper_sul_runner_2026_09_29.py	Betfair.mike.tests.test_mike_d1_paper_sul_runner_2026_09_29	py_test	272	0	1	0	0	11	-	no	pytest	Betfair/mike/tests/test_mike_p4_blocco5_2026_09_29.py
Betfair/mike/tests/test_mike_d1_regolazione_al_riavvio_2026_09_28.py	Betfair.mike.tests.test_mike_d1_regolazione_al_riavvio_2026_09_28	py_test	169	0	0	0	0	7	-	no	pytest	
Betfair/mike/tests/test_mike_d1_riserva_orfana_2026_09_28.py	Betfair.mike.tests.test_mike_d1_riserva_orfana_2026_09_28	py_test	346	0	0	0	0	7	-	no	httpx,pytest	
Betfair/mike/tests/test_mike_d1bis_freno_coperture_runner_2026_09_28.py	Betfair.mike.tests.test_mike_d1bis_freno_coperture_runner_2026_09_28	py_test	264	0	2	0	0	13	-	no	pytest	Betfair/mike/tests/test_mike_d1ter_esito_ignoto_runner_2026_09_28.py;Betfair/mike/tests/test_mike_d1ter_submin_fok_parita_2026_09_28.py
Betfair/mike/tests/test_mike_d1ter_esito_ignoto_runner_2026_09_28.py	Betfair.mike.tests.test_mike_d1ter_esito_ignoto_runner_2026_09_28	py_test	177	0	0	0	0	7	-	no	pytest	
Betfair/mike/tests/test_mike_d1ter_submin_fok_parita_2026_09_28.py	Betfair.mike.tests.test_mike_d1ter_submin_fok_parita_2026_09_28	py_test	203	0	0	0	0	12	-	no	pytest	
Betfair/mike/tests/test_mike_dossier.py	Betfair.mike.tests.test_mike_dossier	py_test	138	0	0	0	0	2	-	no	pytest	
Betfair/mike/tests/test_mike_engine.py	Betfair.mike.tests.test_mike_engine	py_test	1111	0	17	0	0	4	-	no	pytest	Betfair/mike/tests/test_coordinatore_firma_dopo_decadenza_2026_09_28.py;Betfair/mike/tests/test_mike_aperture_ferme_d1quater_2026_09_29.py;Betfair/mike/tests/test_mike_banco_ondata2_2026_09_30.py;Betfair/mike/tests/test_mike_firma_stesso_motivo_2026_09_28.py;Betfair/mike/tests/test_mike_flusso_fischio_2026_09_13.py;Betfair/mike/tests/test_mike_freno_copertura_2026_09_17.py
Betfair/mike/tests/test_mike_engine_cert_2026_09_12.py	Betfair.mike.tests.test_mike_engine_cert_2026_09_12	py_test	790	0	0	0	0	3	-	no	pytest	
Betfair/mike/tests/test_mike_esito_e_riconciliazione_2026_09_15.py	Betfair.mike.tests.test_mike_esito_e_riconciliazione_2026_09_15	py_test	351	0	0	0	0	4	-	no	pytest	
Betfair/mike/tests/test_mike_feed.py	Betfair.mike.tests.test_mike_feed	py_test	166	0	27	0	0	4	-	no		Betfair/mike/tests/test_mike_audit_2026_09_11.py;Betfair/mike/tests/test_mike_audit_2026_09_12.py;Betfair/mike/tests/test_mike_avvio_app_2026_09_16.py;Betfair/mike/tests/test_mike_banco_memorie_processo_2026_09_30.py;Betfair/mike/tests/test_mike_certificazione_ui_2026_09_11.py;Betfair/mike/tests/test_mike_chiudi_per_bot_2026_09_24.py
Betfair/mike/tests/test_mike_feed_stantio_loop_2026_10_02.py	Betfair.mike.tests.test_mike_feed_stantio_loop_2026_10_02	py_test	256	0	0	0	0	10	-	no	pytest	
Betfair/mike/tests/test_mike_firma_stesso_motivo_2026_09_28.py	Betfair.mike.tests.test_mike_firma_stesso_motivo_2026_09_28	py_test	77	0	0	0	0	3	-	no		
Betfair/mike/tests/test_mike_flusso_cantiere_j2_2026_09_28.py	Betfair.mike.tests.test_mike_flusso_cantiere_j2_2026_09_28	py_test	204	0	2	0	0	8	-	no		Betfair/mike/tests/test_mike_banco_memorie_processo_2026_09_30.py;Betfair/mike/tests/test_mike_flusso_testo_linea_2026_09_30.py
Betfair/mike/tests/test_mike_flusso_fischio_2026_09_13.py	Betfair.mike.tests.test_mike_flusso_fischio_2026_09_13	py_test	839	0	0	0	0	5	-	no	pytest	
Betfair/mike/tests/test_mike_flusso_testo_linea_2026_09_30.py	Betfair.mike.tests.test_mike_flusso_testo_linea_2026_09_30	py_test	158	0	0	0	0	8	-	no		
Betfair/mike/tests/test_mike_freno_copertura_2026_09_17.py	Betfair.mike.tests.test_mike_freno_copertura_2026_09_17	py_test	614	0	1	0	0	9	-	no	pytest	Betfair/mike/tests/test_mike_p5_gemelli_banca_2026_09_29.py
Betfair/mike/tests/test_mike_indagine_mercato_deciso_2026_09_29.py	Betfair.mike.tests.test_mike_indagine_mercato_deciso_2026_09_29	py_test	184	0	3	0	0	6	-	no		Betfair/mike/tests/test_mike_mercato_deciso_2026_09_30.py;Betfair/mike/tests/test_mike_ondata2_2026_09_30.py;Betfair/mike/tests/test_mike_riga_assente_e_arresto_2026_10_02.py
Betfair/mike/tests/test_mike_kill_switch_resting_o1_2026_09_24.py	Betfair.mike.tests.test_mike_kill_switch_resting_o1_2026_09_24	py_test	122	0	0	0	0	6	-	no	pytest	
Betfair/mike/tests/test_mike_ko_green_3_minuti_2026_09_30.py	Betfair.mike.tests.test_mike_ko_green_3_minuti_2026_09_30	py_test	353	0	0	0	0	8	-	no	pytest	
Betfair/mike/tests/test_mike_ko_green_appoggiata_2026_09_16.py	Betfair.mike.tests.test_mike_ko_green_appoggiata_2026_09_16	py_test	826	0	4	0	0	6	-	no	pytest	Betfair/mike/tests/test_mike_ondata2_2026_09_30.py;Betfair/mike/tests/test_mike_p1_cancello_uscite_2026_09_29.py;Betfair/mike/tests/test_mike_p4_ordini_2026_09_29.py;Betfair/mike/tests/test_mike_uscite_automatiche_2026_09_25.py
Betfair/mike/tests/test_mike_legge_canale_2026_09_23.py	Betfair.mike.tests.test_mike_legge_canale_2026_09_23	py_test	489	0	0	0	0	11	-	no	pytest	
Betfair/mike/tests/test_mike_loop_chiusure_2026_09_15.py	Betfair.mike.tests.test_mike_loop_chiusure_2026_09_15	py_test	313	0	0	0	0	6	-	no	pytest	
Betfair/mike/tests/test_mike_loop_resting_2026_09_15.py	Betfair.mike.tests.test_mike_loop_resting_2026_09_15	py_test	266	0	0	0	0	4	-	no		
Betfair/mike/tests/test_mike_loop_taker_2026_09_16.py	Betfair.mike.tests.test_mike_loop_taker_2026_09_16	py_test	387	0	13	0	0	8	-	no	pytest	Betfair/mike/tests/test_mike_aperture_ferme_d1quater_2026_09_29.py;Betfair/mike/tests/test_mike_chiusura_copertura_2026_10_01.py;Betfair/mike/tests/test_mike_chiusura_integrata_2026_10_02.py;Betfair/mike/tests/test_mike_d1_paper_sul_runner_2026_09_29.py;Betfair/mike/tests/test_mike_d1bis_freno_coperture_runner_2026_09_28.py;Betfair/mike/tests/test_mike_d1ter_esito_ignoto_runner_2026_09_28.py
Betfair/mike/tests/test_mike_market_selection_id_2026_09_23.py	Betfair.mike.tests.test_mike_market_selection_id_2026_09_23	py_test	154	0	0	0	0	6	-	no		
Betfair/mike/tests/test_mike_mercato_deciso_2026_09_30.py	Betfair.mike.tests.test_mike_mercato_deciso_2026_09_30	py_test	224	0	0	0	0	9	-	no		
Betfair/mike/tests/test_mike_mercato_sospeso_2026_09_15.py	Betfair.mike.tests.test_mike_mercato_sospeso_2026_09_15	py_test	206	0	0	0	0	3	-	no	pytest	
Betfair/mike/tests/test_mike_migrazione_arretrati_prova_2026_09_30.py	Betfair.mike.tests.test_mike_migrazione_arretrati_prova_2026_09_30	py_test	72	0	0	0	0	0	-	no		
Betfair/mike/tests/test_mike_motivo_blocco_catena_2026_10_04.py	Betfair.mike.tests.test_mike_motivo_blocco_catena_2026_10_04	py_test	69	0	0	0	0	8	-	no		
Betfair/mike/tests/test_mike_ondata2_2026_09_30.py	Betfair.mike.tests.test_mike_ondata2_2026_09_30	py_test	539	0	1	0	0	15	-	no	pytest	Betfair/mike/tests/test_mike_riga_assente_e_arresto_2026_10_02.py
Betfair/mike/tests/test_mike_p1_cancello_uscite_2026_09_29.py	Betfair.mike.tests.test_mike_p1_cancello_uscite_2026_09_29	py_test	422	0	0	0	0	5	-	no	pytest	
Betfair/mike/tests/test_mike_p2_prepartita_2026_09_29.py	Betfair.mike.tests.test_mike_p2_prepartita_2026_09_29	py_test	402	0	1	0	0	4	-	no	pytest	Betfair/mike/tests/test_mike_p2bis_2026_09_29.py
Betfair/mike/tests/test_mike_p2bis_2026_09_29.py	Betfair.mike.tests.test_mike_p2bis_2026_09_29	py_test	139	0	0	0	0	5	-	no	pytest	
Betfair/mike/tests/test_mike_p3_rientro_2026_09_29.py	Betfair.mike.tests.test_mike_p3_rientro_2026_09_29	py_test	95	0	0	0	0	5	-	no	pytest	
Betfair/mike/tests/test_mike_p4_blocco4_2026_09_29.py	Betfair.mike.tests.test_mike_p4_blocco4_2026_09_29	py_test	154	0	0	0	0	6	-	no	pytest	
Betfair/mike/tests/test_mike_p4_blocco5_2026_09_29.py	Betfair.mike.tests.test_mike_p4_blocco5_2026_09_29	py_test	87	0	0	0	0	6	-	no		
Betfair/mike/tests/test_mike_p4_conti_dati_2026_09_29.py	Betfair.mike.tests.test_mike_p4_conti_dati_2026_09_29	py_test	363	0	2	0	0	8	-	no	pytest	Betfair/mike/tests/test_mike_p4_blocco4_2026_09_29.py;Betfair/mike/tests/test_mike_p4_dati_assenti_2026_09_29.py
Betfair/mike/tests/test_mike_p4_dati_assenti_2026_09_29.py	Betfair.mike.tests.test_mike_p4_dati_assenti_2026_09_29	py_test	128	0	0	0	0	8	-	no	pytest	
Betfair/mike/tests/test_mike_p4_ordini_2026_09_29.py	Betfair.mike.tests.test_mike_p4_ordini_2026_09_29	py_test	451	0	4	0	0	16	-	no	pytest	Betfair/mike/tests/test_mike_chiusura_copertura_2026_10_01.py;Betfair/mike/tests/test_mike_chiusura_integrata_2026_10_02.py;Betfair/mike/tests/test_mike_ondata2_2026_09_30.py;Betfair/mike/tests/test_mike_punte_multiplo_050_2026_10_04.py
Betfair/mike/tests/test_mike_p5_2b_2026_09_29.py	Betfair.mike.tests.test_mike_p5_2b_2026_09_29	py_test	109	0	0	0	0	3	-	no		
Betfair/mike/tests/test_mike_p5_4b_2026_09_29.py	Betfair.mike.tests.test_mike_p5_4b_2026_09_29	py_test	213	0	0	0	0	6	-	no	pytest	
Betfair/mike/tests/test_mike_p5_4c_2026_09_29.py	Betfair.mike.tests.test_mike_p5_4c_2026_09_29	py_test	90	0	0	0	0	3	-	no		
Betfair/mike/tests/test_mike_p5_banco_2026_09_29.py	Betfair.mike.tests.test_mike_p5_banco_2026_09_29	py_test	201	0	2	0	0	4	-	no		Betfair/mike/tests/test_mike_banco_e2_2026_09_30.py;Betfair/mike/tests/test_mike_feed_stantio_loop_2026_10_02.py
Betfair/mike/tests/test_mike_p5_compensazione_mercato_2026_09_29.py	Betfair.mike.tests.test_mike_p5_compensazione_mercato_2026_09_29	py_test	370	0	0	0	0	5	-	no	pytest	
Betfair/mike/tests/test_mike_p5_copertura_banca_2026_09_29.py	Betfair.mike.tests.test_mike_p5_copertura_banca_2026_09_29	py_test	352	0	1	0	0	3	-	no	pytest	Betfair/mike/tests/test_mike_ondata2_2026_09_30.py
Betfair/mike/tests/test_mike_p5_gemelli_banca_2026_09_29.py	Betfair.mike.tests.test_mike_p5_gemelli_banca_2026_09_29	py_test	98	0	0	0	0	4	-	no	pytest	
Betfair/mike/tests/test_mike_p5_servizio_copertura_2026_09_29.py	Betfair.mike.tests.test_mike_p5_servizio_copertura_2026_09_29	py_test	102	0	0	0	0	8	-	no		
Betfair/mike/tests/test_mike_paper_fill_al_best_2026_09_26.py	Betfair.mike.tests.test_mike_paper_fill_al_best_2026_09_26	py_test	141	0	0	0	0	7	-	no	pytest	
Betfair/mike/tests/test_mike_paper_vs_live_2026_09_13.py	Betfair.mike.tests.test_mike_paper_vs_live_2026_09_13	py_test	252	0	0	0	0	5	-	no	pytest	
Betfair/mike/tests/test_mike_pnl_reale_del_conto_2026_09_30.py	Betfair.mike.tests.test_mike_pnl_reale_del_conto_2026_09_30	py_test	605	0	0	0	0	11	-	no	pytest	
Betfair/mike/tests/test_mike_prezzo_morto_2026_09_13.py	Betfair.mike.tests.test_mike_prezzo_morto_2026_09_13	py_test	187	0	0	0	0	4	-	no		
Betfair/mike/tests/test_mike_punte_multiplo_050_2026_10_04.py	Betfair.mike.tests.test_mike_punte_multiplo_050_2026_10_04	py_test	261	0	0	0	0	8	-	no	pytest	
Betfair/mike/tests/test_mike_punteggio_ingresso_2026_09_26.py	Betfair.mike.tests.test_mike_punteggio_ingresso_2026_09_26	py_test	37	0	0	0	0	3	-	no		
Betfair/mike/tests/test_mike_regolamento_centesimi_2026_09_30.py	Betfair.mike.tests.test_mike_regolamento_centesimi_2026_09_30	py_test	120	0	0	0	0	5	-	no	flumine,pytest	
Betfair/mike/tests/test_mike_respiro_db_2026_09_13.py	Betfair.mike.tests.test_mike_respiro_db_2026_09_13	py_test	279	0	0	0	0	4	-	no	pytest	
Betfair/mike/tests/test_mike_respiro_scritture_2026_09_13.py	Betfair.mike.tests.test_mike_respiro_scritture_2026_09_13	py_test	538	0	1	0	0	4	-	no	pytest	Betfair/mike/tests/test_mike_atlante_frame_dossier_2026_09_26.py
Betfair/mike/tests/test_mike_resting_live_2026_09_14.py	Betfair.mike.tests.test_mike_resting_live_2026_09_14	py_test	368	0	0	0	0	5	-	no	pytest	
Betfair/mike/tests/test_mike_review_2026_09_11.py	Betfair.mike.tests.test_mike_review_2026_09_11	py_test	770	0	0	0	0	13	-	no	pytest	
Betfair/mike/tests/test_mike_riga_assente_e_arresto_2026_10_02.py	Betfair.mike.tests.test_mike_riga_assente_e_arresto_2026_10_02	py_test	245	0	0	0	0	10	-	no	pytest	
Betfair/mike/tests/test_mike_service.py	Betfair.mike.tests.test_mike_service	py_test	492	0	32	0	0	9	-	no	pytest	Betfair/mike/tests/test_mike_audit_2026_09_11.py;Betfair/mike/tests/test_mike_audit_2026_09_12.py;Betfair/mike/tests/test_mike_avvio_app_2026_09_16.py;Betfair/mike/tests/test_mike_banco_memorie_processo_2026_09_30.py;Betfair/mike/tests/test_mike_certificazione_ui_2026_09_11.py;Betfair/mike/tests/test_mike_chiave_approvazione_b17_2026_09_25.py
Betfair/mike/tests/test_mike_stato_mercato_resting_2026_09_24.py	Betfair.mike.tests.test_mike_stato_mercato_resting_2026_09_24	py_test	77	0	0	0	0	7	-	no		
Betfair/mike/tests/test_mike_testi_veritieri_2026_09_30.py	Betfair.mike.tests.test_mike_testi_veritieri_2026_09_30	py_test	82	0	0	0	0	3	-	no		
Betfair/mike/tests/test_mike_tetto_partite_2026_09_13.py	Betfair.mike.tests.test_mike_tetto_partite_2026_09_13	py_test	119	0	0	0	0	2	-	no		
Betfair/mike/tests/test_mike_ultimo_ingresso_2026_09_30.py	Betfair.mike.tests.test_mike_ultimo_ingresso_2026_09_30	py_test	232	0	0	0	0	4	-	no	pytest	
Betfair/mike/tests/test_mike_uscite_automatiche_2026_09_25.py	Betfair.mike.tests.test_mike_uscite_automatiche_2026_09_25	py_test	469	0	1	0	0	6	-	no	pytest	Betfair/mike/tests/test_mike_chiave_approvazione_b17_2026_09_25.py
Betfair/mike/tests/test_mike_uscite_manuali_al_riavvio_2026_09_28.py	Betfair.mike.tests.test_mike_uscite_manuali_al_riavvio_2026_09_28	py_test	44	0	0	0	0	6	-	no	pytest	
Betfair/mike/tests/test_mike_veto_p_under35_2026_09_25.py	Betfair.mike.tests.test_mike_veto_p_under35_2026_09_25	py_test	339	0	0	0	0	9	-	no	pytest	
Betfair/mike/tools/__init__.py	Betfair.mike.tools	py_strumenti	1	0	9	0	5	0	-	no		AUDIT_2026-09-29/mutazioni_coordinatore/sonda_forma_banca.py;AUDIT_2026-09-30/ereditato_29_09/sonda_indagine/sonda_mercato_deciso.py;AUDIT_2026-09-30/ko_green_3_minuti/sonda_guasto_banca_fischio.py;AUDIT_2026-10-01/sonda_motivi_mike.py;AUDIT_2026-10-02/sonda_azioni_mike_scenario.py;Betfair/mike/tests/test_mike_chiusura_integrata_2026_10_02.py
Betfair/mike/tools/banco.py	Betfair.mike.tools.banco	py_strumenti	48	0	0	0	0	1	-	no		
Betfair/mike/tools/replay_registrazioni.py	Betfair.mike.tools.replay_registrazioni	py_strumenti	2370	0	8	0	5	14	-	si	betfairlightweight,flumine	AUDIT_2026-09-29/mutazioni_coordinatore/sonda_forma_banca.py;AUDIT_2026-09-30/ereditato_29_09/sonda_indagine/sonda_mercato_deciso.py;AUDIT_2026-09-30/ko_green_3_minuti/sonda_guasto_banca_fischio.py;AUDIT_2026-10-01/sonda_motivi_mike.py;AUDIT_2026-10-02/sonda_azioni_mike_scenario.py;Betfair/mike/tests/test_mike_conto_e_sovracopertura_2026_09_16.py
Betfair/mike/tools/synth_mike.py	Betfair.mike.tools.synth_mike	py_strumenti	779	0	1	0	0	1	-	si		Betfair/mike/tests/test_mike_chiusura_integrata_2026_10_02.py
Betfair/money_management.py	Betfair.money_management	py_codice_Betfair	3397	5	0	0	0	1	-	no	gspread,gspread_formatting	Betfair/betfair_report_manager.py;aggiorna_mm_sheets.py;aggiorna_solo_fogli.py;refresh_dashboard.py;update_dashboard_only.py
Betfair/odds_refresh.py	Betfair.odds_refresh	py_codice_Betfair	263	5	2	0	0	3	-	no		Betfair/omega/omega_market.py;Betfair/order_exec.py;Betfair/order_worker.py;Betfair/refresh_worker.py;Betfair/safe_strategy/tests/test_resilienza_rete_fix_c_insieme_2026_09_26.py;Betfair/stream/odds_http.py
Betfair/omega/__init__.py	Betfair.omega	py_codice_Betfair	12	22	114	16	7	0	-	no		AUDIT_2026-09-25/e2e_fase1/strumenti/sonda.py;AUDIT_2026-09-25/e2e_fase2/verifica_omega_b.py;AUDIT_2026-09-25/oro_o5_griglia_v3_2026-09-25.py;AUDIT_2026-10-02/tabella_predefiniti.py;AUDIT_2026-10-07/omega_any_other_strumenti/base_oggi.py;AUDIT_2026-10-07/omega_apertura_35760084/strumenti/sonda_flusso.py
Betfair/omega/certificazione.py	Betfair.omega.certificazione	py_codice_Betfair	2160	0	10	1	0	3	3	no		Betfair/omega/test_a9_solo_aperture_lay_2026_09_17.py;Betfair/omega/test_omega_consapevolezza_2026_09_16.py;Betfair/omega/test_omega_proposte_2026_09_17.py;Betfair/omega/test_omega_replay_2026_09_16.py;Betfair/omega/test_omega_v3_certificazione_2026_09_16.py;Betfair/omega/test_t3_consapevolezza_2026_09_17.py
Betfair/omega/conftest.py	Betfair.omega.conftest	py_test	89	0	0	0	0	5	-	no	pytest	
Betfair/omega/liquidity_probe.py	Betfair.omega.liquidity_probe	py_codice_Betfair	402	0	2	0	0	2	0	si		Betfair/omega/test_liquidity_probe_2026_09_10.py;Betfair/omega/test_omega_matematica_2026_09_12.py
Betfair/omega/omega_advisor.py	Betfair.omega.omega_advisor	py_codice_Betfair	400	1	3	0	0	4	-	no		Betfair/omega/omega_service.py;Betfair/omega/test_omega_matematica_2026_09_12.py;Betfair/omega/test_omega_missions.py;Betfair/stream/tests/test_genera_atlante_2026_09_24.py
Betfair/omega/omega_config.py	Betfair.omega.omega_config	py_codice_Betfair	463	5	30	2	4	0	-	no		AUDIT_2026-09-25/e2e_fase1/strumenti/sonda.py;AUDIT_2026-09-25/e2e_fase2/verifica_omega_b.py;AUDIT_2026-10-02/tabella_predefiniti.py;AUDIT_2026-10-07/omega_any_other_strumenti/base_oggi.py;Betfair/omega/conftest.py;Betfair/omega/omega_engine.py
Betfair/omega/omega_db.py	Betfair.omega.omega_db	py_codice_Betfair	1081	5	10	1	2	5	-	no		AUDIT_2026-09-25/e2e_fase1/strumenti/sonda.py;AUDIT_2026-09-25/e2e_fase2/verifica_omega_b.py;Betfair/mike/db.py;Betfair/omega/omega_proposte.py;Betfair/omega/omega_service.py;Betfair/omega/test_omega_audit_2026_09_11.py
Betfair/omega/omega_empirical.py	Betfair.omega.omega_empirical	py_codice_Betfair	249	2	6	1	0	0	-	no		Betfair/mike/dossier.py;Betfair/omega/omega_service.py;Betfair/omega/test_omega_certificazione_2026_09_11.py;Betfair/omega/test_omega_certificazione_2026_09_12.py;Betfair/omega/test_omega_giornata_gambe_2026_09_11.py;Betfair/omega/test_omega_matematica_2026_09_12.py
Betfair/omega/omega_engine.py	Betfair.omega.omega_engine	py_codice_Betfair	1331	10	30	5	3	6	-	no		AUDIT_2026-09-25/e2e_fase2/verifica_omega_b.py;AUDIT_2026-10-07/omega_any_other_strumenti/base_oggi.py;AUDIT_2026-10-07/omega_apertura_35760084/strumenti/sonda_modello.py;Betfair/omega/certificazione.py;Betfair/omega/liquidity_probe.py;Betfair/omega/omega_advisor.py
Betfair/omega/omega_market.py	Betfair.omega.omega_market	py_codice_Betfair	1794	5	69	2	0	11	-	no	requests	Betfair/mike/service.py;Betfair/mike/tests/test_mike_aperture_ferme_d1quater_2026_09_29.py;Betfair/mike/tests/test_mike_chiusura_copertura_2026_10_01.py;Betfair/mike/tests/test_mike_chiusura_integrata_2026_10_02.py;Betfair/mike/tests/test_mike_conto_e_sovracopertura_2026_09_16.py;Betfair/mike/tests/test_mike_contratto_ordini_2026_09_15.py
Betfair/omega/omega_model.py	Betfair.omega.omega_model	py_codice_Betfair	1182	4	19	7	2	8	-	no		AUDIT_2026-09-25/e2e_fase2/verifica_omega_b.py;AUDIT_2026-10-07/omega_apertura_35760084/strumenti/sonda_modello.py;Betfair/mike/dossier.py;Betfair/omega/omega_proposte.py;Betfair/omega/omega_service.py;Betfair/omega/test_m2_pesi_2026_09_17.py
Betfair/omega/omega_proposte.py	Betfair.omega.omega_proposte	py_codice_Betfair	1235	1	9	6	4	9	-	no		AUDIT_2026-09-25/e2e_fase1/strumenti/sonda.py;AUDIT_2026-09-25/e2e_fase2/verifica_omega_b.py;AUDIT_2026-09-25/oro_o5_griglia_v3_2026-09-25.py;AUDIT_2026-10-07/omega_any_other_strumenti/base_oggi.py;Betfair/omega/omega_service.py;Betfair/omega/test_omega_proposte_2026_09_17.py
Betfair/omega/omega_service.py	Betfair.omega.omega_service	py_codice_Betfair	8936	6	68	2	3	35	-	si		AUDIT_2026-09-25/e2e_fase2/verifica_omega_b.py;AUDIT_2026-10-07/omega_apertura_35760084/strumenti/sonda_flusso.py;AUDIT_2026-10-07/omega_apertura_35760084/strumenti/sonda_modello.py;Betfair/omega/conftest.py;Betfair/omega/omega_proposte.py;Betfair/omega/test_gate_heartbeat_modalita_servite_2026_09_16.py
Betfair/omega/omega_v3.py	Betfair.omega.omega_v3	py_codice_Betfair	1248	4	12	9	2	0	-	no		AUDIT_2026-09-25/e2e_fase2/verifica_omega_b.py;AUDIT_2026-10-07/omega_any_other_strumenti/base_oggi.py;Betfair/omega/certificazione.py;Betfair/omega/omega_engine.py;Betfair/omega/omega_proposte.py;Betfair/omega/omega_service.py
Betfair/omega/omega_validate.py	Betfair.omega.omega_validate	py_codice_Betfair	183	0	1	1	0	0	0	no		Betfair/omega/test_omega_modello_definitivo_2026_09_11.py;tools/omega_validate_models.py
Betfair/omega/porta_ordini.py	Betfair.omega.porta_ordini	py_codice_Betfair	237	3	10	0	0	2	-	no		Betfair/omega/omega_service.py;Betfair/omega/test_omega_certificazione_2026_09_11.py;Betfair/omega/test_omega_flumine_paper.py;Betfair/omega/test_omega_giornata_gambe_2026_09_11.py;Betfair/omega/test_omega_modello_definitivo_2026_09_11.py;Betfair/omega/test_omega_v2_2026_09_09.py
Betfair/omega/test_a9_solo_aperture_lay_2026_09_17.py	Betfair.omega.test_a9_solo_aperture_lay_2026_09_17	py_test	65	0	0	0	0	3	-	no		
Betfair/omega/test_gate_heartbeat_modalita_servite_2026_09_16.py	Betfair.omega.test_gate_heartbeat_modalita_servite_2026_09_16	py_test	63	0	0	0	0	4	-	no	pytest	
Betfair/omega/test_liquidity_probe_2026_09_10.py	Betfair.omega.test_liquidity_probe_2026_09_10	py_test	122	0	0	0	0	2	-	no		
Betfair/omega/test_m2_pesi_2026_09_17.py	Betfair.omega.test_m2_pesi_2026_09_17	py_test	412	0	0	0	0	3	-	no	pytest	
Betfair/omega/test_misure_m4m5m6_2026_09_17.py	Betfair.omega.test_misure_m4m5m6_2026_09_17	py_test	416	0	0	0	0	5	-	no	pytest	
Betfair/omega/test_omega_allineamento_ui_2026_09_15.py	Betfair.omega.test_omega_allineamento_ui_2026_09_15	py_test	44	0	0	0	0	2	-	no		
Betfair/omega/test_omega_audit_2026_09_11.py	Betfair.omega.test_omega_audit_2026_09_11	py_test	1298	0	0	0	0	12	-	no	pytest	
Betfair/omega/test_omega_avvio_app_2026_09_16.py	Betfair.omega.test_omega_avvio_app_2026_09_16	py_test	170	0	1	0	0	7	-	no	pytest	Betfair/omega/test_omega_uscite_manuali_al_riavvio_2026_09_28.py
Betfair/omega/test_omega_cache_pura_2026_09_16.py	Betfair.omega.test_omega_cache_pura_2026_09_16	py_test	211	0	0	0	0	2	-	no	pytest	
Betfair/omega/test_omega_cashout_feed_fermo_2026_09_11.py	Betfair.omega.test_omega_cashout_feed_fermo_2026_09_11	py_test	265	0	0	0	0	3	-	no	pytest	
Betfair/omega/test_omega_cashout_manuale_fallito_2026_09_23.py	Betfair.omega.test_omega_cashout_manuale_fallito_2026_09_23	py_test	118	0	2	0	0	6	-	no		Betfair/omega/tests/test_cantiere_c_parita_paper_live_2026_09_28.py;Betfair/omega/tests/test_porta_ordini_omega_f6_2026_09_24.py
Betfair/omega/test_omega_certificazione_2026_09_11.py	Betfair.omega.test_omega_certificazione_2026_09_11	py_test	682	0	0	0	0	16	-	no	pytest	
Betfair/omega/test_omega_certificazione_2026_09_12.py	Betfair.omega.test_omega_certificazione_2026_09_12	py_test	341	0	0	0	0	6	-	no	pytest	
Betfair/omega/test_omega_chaos_2026_09_11.py	Betfair.omega.test_omega_chaos_2026_09_11	py_test	206	0	0	0	0	5	-	no	pytest	
Betfair/omega/test_omega_chiudi_per_bot_2026_09_24.py	Betfair.omega.test_omega_chiudi_per_bot_2026_09_24	py_test	148	0	0	0	0	6	-	no	pytest	
Betfair/omega/test_omega_chiuso_dall_utente_2026_09_16.py	Betfair.omega.test_omega_chiuso_dall_utente_2026_09_16	py_test	811	0	0	0	0	7	-	no	pytest	
Betfair/omega/test_omega_config.py	Betfair.omega.test_omega_config	py_test	52	0	0	0	0	2	-	no		
Betfair/omega/test_omega_consapevolezza_2026_09_16.py	Betfair.omega.test_omega_consapevolezza_2026_09_16	py_test	297	0	0	0	0	5	-	no	pytest	
Betfair/omega/test_omega_engine.py	Betfair.omega.test_omega_engine	py_test	442	0	0	0	0	2	-	no	pytest	
Betfair/omega/test_omega_feed_2026_09_09.py	Betfair.omega.test_omega_feed_2026_09_09	py_test	104	0	0	0	0	3	-	no		
Betfair/omega/test_omega_flumine_live.py	Betfair.omega.test_omega_flumine_live	py_test	662	0	0	0	0	6	-	no	pytest	
Betfair/omega/test_omega_flumine_paper.py	Betfair.omega.test_omega_flumine_paper	py_test	612	0	8	0	0	6	-	no	pytest	Betfair/omega/test_gate_heartbeat_modalita_servite_2026_09_16.py;Betfair/omega/test_omega_audit_2026_09_11.py;Betfair/omega/test_omega_flumine_live.py;Betfair/omega/tests/test_cantiere_c_parita_paper_live_2026_09_28.py;Betfair/omega/tests/test_consapevolezza_flumine_2026_09_17.py;Betfair/omega/tests/test_esiti_ordini_canale_2026_09_23.py
Betfair/omega/test_omega_giornata_gambe_2026_09_11.py	Betfair.omega.test_omega_giornata_gambe_2026_09_11	py_test	614	0	2	0	0	9	-	no	pytest	Betfair/omega/test_omega_certificazione_2026_09_11.py;Betfair/omega/test_omega_modello_definitivo_2026_09_11.py
Betfair/omega/test_omega_greenup_2026_09_10.py	Betfair.omega.test_omega_greenup_2026_09_10	py_test	684	0	8	0	0	9	-	no	pytest	Betfair/omega/test_omega_audit_2026_09_11.py;Betfair/omega/test_omega_cashout_manuale_fallito_2026_09_23.py;Betfair/omega/test_omega_certificazione_2026_09_11.py;Betfair/omega/test_omega_chiudi_per_bot_2026_09_24.py;Betfair/omega/tests/test_cantiere_c_parita_paper_live_2026_09_28.py;Betfair/omega/tests/test_omega_uscite_protezione_2026_09_24.py
Betfair/omega/test_omega_matematica_2026_09_12.py	Betfair.omega.test_omega_matematica_2026_09_12	py_test	485	0	0	0	0	9	-	no	pytest	
Betfair/omega/test_omega_missions.py	Betfair.omega.test_omega_missions	py_test	675	0	1	0	0	6	-	no		Betfair/omega/tests/test_cantiere_c_parita_paper_live_2026_09_28.py
Betfair/omega/test_omega_modello_definitivo_2026_09_11.py	Betfair.omega.test_omega_modello_definitivo_2026_09_11	py_test	304	0	0	0	0	11	-	no	pytest	
Betfair/omega/test_omega_pnl_netto_commissione_2026_09_30.py	Betfair.omega.test_omega_pnl_netto_commissione_2026_09_30	py_test	104	0	0	0	0	7	-	no		
Betfair/omega/test_omega_proposte_2026_09_17.py	Betfair.omega.test_omega_proposte_2026_09_17	py_test	722	0	4	0	0	7	-	no	pytest	Betfair/omega/tests/test_flusso_ht_secondo_tempo_2026_10_07.py;Betfair/omega/tests/test_o5_rossi_v3_2026_09_25.py;Betfair/omega/tests/test_omega_approvazione_ricontrolla_2026_09_28.py;Betfair/omega/tests/test_omega_scheda_al_ms_2026_09_24.py
Betfair/omega/test_omega_replay_2026_09_16.py	Betfair.omega.test_omega_replay_2026_09_16	py_test	1080	0	1	0	0	8	-	no	pytest	Betfair/omega/test_a9_solo_aperture_lay_2026_09_17.py
Betfair/omega/test_omega_respiro_db_2026_09_13.py	Betfair.omega.test_omega_respiro_db_2026_09_13	py_test	621	0	0	0	0	6	-	no	pytest	
Betfair/omega/test_omega_service.py	Betfair.omega.test_omega_service	py_test	1274	0	26	0	0	5	-	no	pytest	Betfair/omega/test_gate_heartbeat_modalita_servite_2026_09_16.py;Betfair/omega/test_omega_audit_2026_09_11.py;Betfair/omega/test_omega_avvio_app_2026_09_16.py;Betfair/omega/test_omega_cashout_manuale_fallito_2026_09_23.py;Betfair/omega/test_omega_certificazione_2026_09_11.py;Betfair/omega/test_omega_chaos_2026_09_11.py
Betfair/omega/test_omega_ui_contratto_2026_09_11.py	Betfair.omega.test_omega_ui_contratto_2026_09_11	py_test	476	0	0	0	0	7	-	no	pytest	
Betfair/omega/test_omega_uscite_manuali_al_riavvio_2026_09_28.py	Betfair.omega.test_omega_uscite_manuali_al_riavvio_2026_09_28	py_test	38	0	0	0	0	6	-	no	pytest	
Betfair/omega/test_omega_v2_2026_09_09.py	Betfair.omega.test_omega_v2_2026_09_09	py_test	315	0	1	0	0	8	-	no	pytest	Betfair/omega/tests/test_raccordo_v3_2026_09_17.py
Betfair/omega/test_omega_v3_2026_09_16.py	Betfair.omega.test_omega_v3_2026_09_16	py_test	504	0	0	0	0	2	-	no	pytest	
Betfair/omega/test_omega_v3_certificazione_2026_09_16.py	Betfair.omega.test_omega_v3_certificazione_2026_09_16	py_test	304	0	0	0	0	5	-	no	pytest	
Betfair/omega/test_place_and_trim_2026_09_13.py	Betfair.omega.test_place_and_trim_2026_09_13	py_test	418	0	0	0	0	2	-	no	pytest	
Betfair/omega/test_t3_consapevolezza_2026_09_17.py	Betfair.omega.test_t3_consapevolezza_2026_09_17	py_test	339	0	0	0	0	8	-	no		
Betfair/omega/tests/runner_paper_finto.py	Betfair.omega.tests.runner_paper_finto	py_test	118	0	15	0	0	3	-	no		Betfair/omega/test_omega_audit_2026_09_11.py;Betfair/omega/test_omega_avvio_app_2026_09_16.py;Betfair/omega/test_omega_certificazione_2026_09_11.py;Betfair/omega/test_omega_giornata_gambe_2026_09_11.py;Betfair/omega/test_omega_modello_definitivo_2026_09_11.py;Betfair/omega/test_omega_pnl_netto_commissione_2026_09_30.py
Betfair/omega/tests/test_annullo_abbinato_ignoto_2026_09_23.py	Betfair.omega.tests.test_annullo_abbinato_ignoto_2026_09_23	py_test	66	0	0	0	0	3	-	no	pytest	
Betfair/omega/tests/test_cantiere_c_parita_paper_live_2026_09_28.py	Betfair.omega.tests.test_cantiere_c_parita_paper_live_2026_09_28	py_test	627	0	0	0	0	16	-	no	httpx,postgrest,pytest	
Betfair/omega/tests/test_cert_a11_aggregati_2026_10_07.py	Betfair.omega.tests.test_cert_a11_aggregati_2026_10_07	py_test	66	0	0	0	0	6	-	no		
Betfair/omega/tests/test_consapevolezza_flumine_2026_09_17.py	Betfair.omega.tests.test_consapevolezza_flumine_2026_09_17	py_test	271	0	0	0	0	5	-	no		
Betfair/omega/tests/test_coordinatore_aggregati_modalita_2026_09_28.py	Betfair.omega.tests.test_coordinatore_aggregati_modalita_2026_09_28	py_test	78	0	0	0	0	2	-	no	pytest	
Betfair/omega/tests/test_esiti_ordini_canale_2026_09_23.py	Betfair.omega.tests.test_esiti_ordini_canale_2026_09_23	py_test	661	0	0	0	0	12	-	no	pytest,websockets	
Betfair/omega/tests/test_flusso_ht_secondo_tempo_2026_10_07.py	Betfair.omega.tests.test_flusso_ht_secondo_tempo_2026_10_07	py_test	282	0	0	0	0	6	-	no		
Betfair/omega/tests/test_ingresso_passivo_2026_09_17.py	Betfair.omega.tests.test_ingresso_passivo_2026_09_17	py_test	515	0	2	0	0	7	-	no	flumine,pytest	Betfair/omega/tests/test_politica_v4_2026_09_17.py;Betfair/omega/tests/test_quota_viva_bias_fascia_2026_09_17.py
Betfair/omega/tests/test_o1_quote_prima_2026_09_25.py	Betfair.omega.tests.test_o1_quote_prima_2026_09_25	py_test	246	0	1	0	0	6	-	no	pytest	Betfair/safe_strategy/tests/test_safe_lambda_quote_prima_2026_09_25.py
Betfair/omega/tests/test_o5_rossi_v3_2026_09_25.py	Betfair.omega.tests.test_o5_rossi_v3_2026_09_25	py_test	388	0	0	0	0	12	-	no	pytest	
Betfair/omega/tests/test_omega_approvazione_ricontrolla_2026_09_28.py	Betfair.omega.tests.test_omega_approvazione_ricontrolla_2026_09_28	py_test	120	0	0	0	0	4	-	no		
Betfair/omega/tests/test_omega_approve_contesto_b17_2026_09_25.py	Betfair.omega.tests.test_omega_approve_contesto_b17_2026_09_25	py_test	83	0	0	0	0	2	-	no		
Betfair/omega/tests/test_omega_canale_f3_2026_09_18.py	Betfair.omega.tests.test_omega_canale_f3_2026_09_18	py_test	235	0	0	0	0	5	-	no	pytest	
Betfair/omega/tests/test_omega_client_scan_condiviso_2026_09_24.py	Betfair.omega.tests.test_omega_client_scan_condiviso_2026_09_24	py_test	253	0	0	0	0	6	-	no	pytest	
Betfair/omega/tests/test_omega_freno_non_consuma_tentativi_2026_09_26.py	Betfair.omega.tests.test_omega_freno_non_consuma_tentativi_2026_09_26	py_test	198	0	0	0	0	12	-	no	pytest	
Betfair/omega/tests/test_omega_kill_switch_rest_o1_2026_09_24.py	Betfair.omega.tests.test_omega_kill_switch_rest_o1_2026_09_24	py_test	173	0	0	0	0	6	-	no	pytest	
Betfair/omega/tests/test_omega_legge_canale_2026_09_23.py	Betfair.omega.tests.test_omega_legge_canale_2026_09_23	py_test	754	0	0	0	0	10	-	no	pytest	
Betfair/omega/tests/test_omega_scheda_al_ms_2026_09_24.py	Betfair.omega.tests.test_omega_scheda_al_ms_2026_09_24	py_test	102	0	0	0	0	6	-	no		
Betfair/omega/tests/test_omega_soldi_veri_catena_2026_10_04.py	Betfair.omega.tests.test_omega_soldi_veri_catena_2026_10_04	py_test	162	0	0	0	0	8	-	no	pytest	
Betfair/omega/tests/test_omega_stato_mercato_2026_09_24.py	Betfair.omega.tests.test_omega_stato_mercato_2026_09_24	py_test	181	0	0	0	0	6	-	no		
Betfair/omega/tests/test_omega_sveglia_posizioni_vive_2026_09_23.py	Betfair.omega.tests.test_omega_sveglia_posizioni_vive_2026_09_23	py_test	234	0	0	0	0	9	-	no	pytest	
Betfair/omega/tests/test_omega_uscite_protezione_2026_09_24.py	Betfair.omega.tests.test_omega_uscite_protezione_2026_09_24	py_test	439	0	1	0	0	12	-	no	pytest	Betfair/omega/tests/test_cantiere_c_parita_paper_live_2026_09_28.py
Betfair/omega/tests/test_politica_v4_2026_09_17.py	Betfair.omega.tests.test_politica_v4_2026_09_17	py_test	455	0	1	0	0	9	-	no	flumine,pytest	Betfair/omega/tests/test_quota_viva_bias_fascia_2026_09_17.py
Betfair/omega/tests/test_porta_ordini_omega_f6_2026_09_24.py	Betfair.omega.tests.test_porta_ordini_omega_f6_2026_09_24	py_test	739	0	2	0	0	14	-	no	pytest	Betfair/omega/tests/test_cantiere_c_parita_paper_live_2026_09_28.py;Betfair/omega/tests/test_riconciliazione_tradotti_omega_2026_10_02.py
Betfair/omega/tests/test_punte_multiple_050_omega_2026_10_04.py	Betfair.omega.tests.test_punte_multiple_050_omega_2026_10_04	py_test	125	0	0	0	0	10	-	no	pytest	
Betfair/omega/tests/test_quota_viva_bias_fascia_2026_09_17.py	Betfair.omega.tests.test_quota_viva_bias_fascia_2026_09_17	py_test	452	0	0	0	0	7	-	no	pytest	
Betfair/omega/tests/test_raccordo_v3_2026_09_17.py	Betfair.omega.tests.test_raccordo_v3_2026_09_17	py_test	618	0	0	0	0	11	-	no	pytest	
Betfair/omega/tests/test_ref_strategia_per_attore_r1_2026_09_24.py	Betfair.omega.tests.test_ref_strategia_per_attore_r1_2026_09_24	py_test	165	0	0	0	0	6	-	no	pytest	
Betfair/omega/tests/test_replay_nomi_aggregati_2026_10_07.py	Betfair.omega.tests.test_replay_nomi_aggregati_2026_10_07	py_test	24	0	0	0	0	6	-	no		
Betfair/omega/tests/test_riconciliazione_tradotti_omega_2026_10_02.py	Betfair.omega.tests.test_riconciliazione_tradotti_omega_2026_10_02	py_test	410	0	0	0	0	16	-	no	pytest	
Betfair/omega/tests/test_riserva_errore_non_duplicato_2026_09_23.py	Betfair.omega.tests.test_riserva_errore_non_duplicato_2026_09_23	py_test	130	0	0	0	0	5	-	no	postgrest	
Betfair/omega/tests/test_stop_perdita_stats_2026_09_30.py	Betfair.omega.tests.test_stop_perdita_stats_2026_09_30	py_test	124	0	0	0	0	7	-	si	pytest	
Betfair/omega/tests/test_v3_any_other_2026_10_07.py	Betfair.omega.tests.test_v3_any_other_2026_10_07	py_test	749	0	0	0	0	7	-	no	pytest,scipy	
Betfair/omega/tests/traccia_canale_scan_2026_09_23.py	Betfair.omega.tests.traccia_canale_scan_2026_09_23	py_test	308	0	2	1	0	5	-	si		Betfair/omega/tests/test_omega_legge_canale_2026_09_23.py;Betfair/omega/tests/test_omega_sveglia_posizioni_vive_2026_09_23.py;Betfair/omega/tools/traccia_su_base_2026_09_23.py
Betfair/omega/tools/__init__.py	Betfair.omega.tools	py_strumenti	0	2	12	2	0	0	-	no		Betfair/omega/omega_engine.py;Betfair/omega/omega_service.py;Betfair/omega/test_m2_pesi_2026_09_17.py;Betfair/omega/test_misure_m4m5m6_2026_09_17.py;Betfair/omega/test_omega_replay_2026_09_16.py;Betfair/omega/tests/test_ingresso_passivo_2026_09_17.py
Betfair/omega/tools/banco_fusione.py	Betfair.omega.tools.banco_fusione	py_strumenti	301	0	0	0	0	6	-	si		
Betfair/omega/tools/banco_modelli.py	Betfair.omega.tools.banco_modelli	py_strumenti	432	0	0	0	0	2	-	si	scipy	
Betfair/omega/tools/deriva_margine.py	Betfair.omega.tools.deriva_margine	py_strumenti	405	0	1	0	0	4	-	si		Betfair/omega/test_misure_m4m5m6_2026_09_17.py
Betfair/omega/tools/estrai_transizioni.py	Betfair.omega.tools.estrai_transizioni	py_strumenti	109	0	0	0	0	1	-	si		
Betfair/omega/tools/ev_per_liability.py	Betfair.omega.tools.ev_per_liability	py_strumenti	129	0	0	0	0	0	-	si		
Betfair/omega/tools/falsifica_canale_scan_2026_09_23.py	Betfair.omega.tools.falsifica_canale_scan_2026_09_23	py_strumenti	137	0	0	0	0	1	-	si	pytest	
Betfair/omega/tools/falsifica_raccordo_v3_2026_09_17.py	Betfair.omega.tools.falsifica_raccordo_v3_2026_09_17	py_strumenti	147	0	0	0	0	0	-	si		
Betfair/omega/tools/genera_oro_uscita.py	Betfair.omega.tools.genera_oro_uscita	py_strumenti	82	0	1	0	0	2	-	si		Betfair/omega/tests/test_omega_scheda_al_ms_2026_09_24.py
Betfair/omega/tools/k_in_gioco.py	Betfair.omega.tools.k_in_gioco	py_strumenti	465	0	1	1	0	1	-	si		Betfair/omega/test_misure_m4m5m6_2026_09_17.py;Betfair/omega/tools/deriva_margine.py
Betfair/omega/tools/m2_pesi.py	Betfair.omega.tools.m2_pesi	py_strumenti	1477	0	1	0	0	3	-	si	scipy	Betfair/omega/test_m2_pesi_2026_09_17.py
Betfair/omega/tools/misura_ingresso_passivo.py	Betfair.omega.tools.misura_ingresso_passivo	py_strumenti	2795	0	3	0	0	10	-	si	flumine	Betfair/omega/tests/test_ingresso_passivo_2026_09_17.py;Betfair/omega/tests/test_politica_v4_2026_09_17.py;Betfair/omega/tests/test_quota_viva_bias_fascia_2026_09_17.py
Betfair/omega/tools/misura_k.py	Betfair.omega.tools.misura_k	py_strumenti	499	2	3	3	0	1	-	si		Betfair/omega/omega_engine.py;Betfair/omega/omega_service.py;Betfair/omega/tests/test_ingresso_passivo_2026_09_17.py;Betfair/omega/tests/test_politica_v4_2026_09_17.py;Betfair/omega/tests/test_quota_viva_bias_fascia_2026_09_17.py;Betfair/omega/tools/banco_fusione.py
Betfair/omega/tools/misura_prezzo_appaiata.py	Betfair.omega.tools.misura_prezzo_appaiata	py_strumenti	287	0	0	0	0	3	-	si		
Betfair/omega/tools/montecarlo_pl.py	Betfair.omega.tools.montecarlo_pl	py_strumenti	349	0	1	0	0	0	-	si		Betfair/omega/test_misure_m4m5m6_2026_09_17.py
Betfair/omega/tools/replay_registrazioni.py	Betfair.omega.tools.replay_registrazioni	py_strumenti	2593	1	7	2	0	16	-	si	flumine	Betfair/omega/test_omega_replay_2026_09_16.py;Betfair/omega/tests/test_omega_uscite_protezione_2026_09_24.py;Betfair/omega/tests/test_politica_v4_2026_09_17.py;Betfair/omega/tests/test_raccordo_v3_2026_09_17.py;Betfair/omega/tests/test_replay_nomi_aggregati_2026_10_07.py;Betfair/omega/tools/misura_ingresso_passivo.py
Betfair/omega/tools/superficie_liability.py	Betfair.omega.tools.superficie_liability	py_strumenti	534	0	1	2	0	2	-	si		Betfair/omega/test_misure_m4m5m6_2026_09_17.py;Betfair/omega/tools/deriva_margine.py;Betfair/omega/tools/k_in_gioco.py
Betfair/omega/tools/traccia_su_base_2026_09_23.py	Betfair.omega.tools.traccia_su_base_2026_09_23	py_strumenti	42	0	0	0	0	2	-	si		
Betfair/omega/tools/verifica_transizioni_2026_09_25.py	Betfair.omega.tools.verifica_transizioni_2026_09_25	py_strumenti	353	0	1	0	0	1	-	si		test_omega_transizioni_notturne_2026_09_25.py
Betfair/order_exec.py	Betfair.order_exec	py_codice_Betfair	390	2	2	0	0	4	-	no		Betfair/order_worker.py;Betfair/safe_strategy/tests/test_punte_multiple_050_2026_10_04.py;Betfair/stream/odds_http.py;Betfair/stream/tests/test_runner_minimi_correzioni_2026_10_02.py
Betfair/order_worker.py	Betfair.order_worker	py_codice_Betfair	165	1	0	0	0	3	-	no		start_order_server.py
Betfair/refresh_worker.py	Betfair.refresh_worker	py_codice_Betfair	99	1	0	0	0	2	-	no		start_order_server.py
Betfair/reject_categories.py	Betfair.reject_categories	py_codice_Betfair	62	1	0	0	0	0	-	no		migrations/backfill_engine_signals.py
Betfair/safe_strategy/__init__.py	Betfair.safe_strategy	py_codice_Betfair	6	24	148	6	9	0	-	no		AUDIT_2026-09-25/e2e_fase1/strumenti/sonda.py;AUDIT_2026-09-25/e2e_fase2/sonda_automode_ascolto.py;AUDIT_2026-09-25/e2e_fase2/sonda_automode_safe_checklist.py;AUDIT_2026-09-25/e2e_fase2/verifica_safe_c.py;AUDIT_2026-10-02/sonda_r9.py;AUDIT_2026-10-02/tabella_predefiniti.py
Betfair/safe_strategy/anomaly.py	Betfair.safe_strategy.anomaly	py_codice_Betfair	565	1	4	0	0	0	-	no		Betfair/safe_strategy/bot_service.py;Betfair/safe_strategy/tests/test_anomaly.py;Betfair/safe_strategy/tests/test_finali_2026_09_11.py;Betfair/safe_strategy/tests/test_scheda_al_ms_2026_09_24.py;Betfair/stream/tests/test_proposte_modello_2026_09_23.py
Betfair/safe_strategy/arresto_bot.py	Betfair.safe_strategy.arresto_bot	py_codice_Betfair	198	2	1	0	0	4	-	no		Betfair/omega/omega_service.py;Betfair/safe_strategy/bot_service.py;Betfair/safe_strategy/tests/test_arresto_bot_safe_omega_2026_10_02.py
Betfair/safe_strategy/bot_db.py	Betfair.safe_strategy.bot_db	py_codice_Betfair	1044	1	15	3	2	8	-	no		AUDIT_2026-09-25/e2e_fase1/strumenti/sonda.py;AUDIT_2026-09-25/e2e_fase2/verifica_safe_c.py;Betfair/mike/tests/test_mike_d1_aggregati_per_modalita_2026_09_28.py;Betfair/mike/tests/test_mike_service.py;Betfair/safe_strategy/bot_service.py;Betfair/safe_strategy/tests/test_audit_2026_09_11.py
Betfair/safe_strategy/bot_service.py	Betfair.safe_strategy.bot_service	py_codice_Betfair	11136	5	69	2	6	30	-	si		AUDIT_2026-09-25/e2e_fase1/strumenti/sonda.py;AUDIT_2026-09-25/e2e_fase2/sonda_automode_safe_checklist.py;AUDIT_2026-09-25/e2e_fase2/verifica_safe_c.py;AUDIT_2026-10-02/tabella_predefiniti.py;AUDIT_2026-10-07/conformita_calcio/strumenti/diag_safe2.py;AUDIT_2026-10-07/conformita_calcio/strumenti/diag_safe3.py
Betfair/safe_strategy/calibration.py	Betfair.safe_strategy.calibration	py_codice_Betfair	431	2	3	5	0	0	-	no		Betfair/omega/omega_model.py;Betfair/safe_strategy/opportunity.py;Betfair/safe_strategy/tests/test_backtest_opportunity.py;Betfair/safe_strategy/tests/test_calibration.py;Betfair/safe_strategy/tests/test_opportunity.py;Betfair/safe_strategy/tools/backtest_opportunity.py
Betfair/safe_strategy/canale_scan.py	Betfair.safe_strategy.canale_scan	py_codice_Betfair	529	4	8	0	0	2	-	no	websockets	Betfair/mike/service.py;Betfair/mike/tests/test_mike_copertura_canale_2026_09_23.py;Betfair/mike/tests/test_mike_legge_canale_2026_09_23.py;Betfair/omega/omega_service.py;Betfair/omega/tests/test_omega_client_scan_condiviso_2026_09_24.py;Betfair/omega/tests/test_omega_legge_canale_2026_09_23.py
Betfair/safe_strategy/certificazione.py	Betfair.safe_strategy.certificazione	py_codice_Betfair	2036	0	7	1	0	6	7	no		Betfair/safe_strategy/tests/test_b25_lascia_e_avvisa_2026_09_24.py;Betfair/safe_strategy/tests/test_b25_pulsanti_gamba_manuale_2026_09_24.py;Betfair/safe_strategy/tests/test_base_secondo_tempo_2026_10_07.py;Betfair/safe_strategy/tests/test_certificazione_c3_2026_09_16.py;Betfair/safe_strategy/tests/test_esatto_secondo_tempo_2026_10_07.py;Betfair/safe_strategy/tests/test_safe_d5_2026_09_25.py
Betfair/safe_strategy/certificazione_k.py	Betfair.safe_strategy.certificazione_k	py_codice_Betfair	533	2	1	0	0	2	-	no		Betfair/safe_strategy/certificazione.py;Betfair/safe_strategy/certificazione_tennis.py;Betfair/safe_strategy/tests/test_p_blocco3_2026_09_28.py
Betfair/safe_strategy/certificazione_tennis.py	Betfair.safe_strategy.certificazione_tennis	py_codice_Betfair	1217	0	6	1	0	6	5	no		Betfair/safe_strategy/tests/test_replay_tennis_2026_09_16.py;Betfair/safe_strategy/tests/test_safe_q1_q4_q5_2026_09_25.py;Betfair/safe_strategy/tests/test_safe_tennis_canale_f8_2026_09_25.py;Betfair/safe_strategy/tools/replay_tennis.py;Betfair/stream/tests/test_cantiere_v2_replay_veloce_2026_09_29.py;Betfair/stream/tests/test_certifica_esito_dichiarate_2026_09_17.py
Betfair/safe_strategy/combos.py	Betfair.safe_strategy.combos	py_codice_Betfair	620	1	2	0	0	2	-	no		Betfair/safe_strategy/tests/test_combos.py;Betfair/stream/backtest/proposte_modello.py;Betfair/stream/tests/test_proposte_modello_2026_09_23.py
Betfair/safe_strategy/db.py	Betfair.safe_strategy.db	py_codice_Betfair	502	1	8	1	0	5	-	no		Betfair/mike/tests/test_mike_review_2026_09_11.py;Betfair/safe_strategy/service.py;Betfair/safe_strategy/tests/conftest.py;Betfair/safe_strategy/tests/test_cert_2026_09_13.py;Betfair/safe_strategy/tests/test_certificazione_c3_2026_09_16.py;Betfair/safe_strategy/tests/test_safe_d5_2026_09_25.py
Betfair/safe_strategy/engine.py	Betfair.safe_strategy.engine	py_codice_Betfair	2254	4	11	2	4	3	-	no		AUDIT_2026-09-25/e2e_fase2/sonda_automode_ascolto.py;AUDIT_2026-09-25/e2e_fase2/sonda_automode_safe_checklist.py;AUDIT_2026-09-25/e2e_fase2/verifica_safe_c.py;AUDIT_2026-10-02/tabella_predefiniti.py;Betfair/safe_strategy/bot_service.py;Betfair/safe_strategy/certificazione.py
Betfair/safe_strategy/execution.py	Betfair.safe_strategy.execution	py_codice_Betfair	3093	10	65	1	0	18	-	no		Betfair/mike/db.py;Betfair/mike/service.py;Betfair/mike/tests/test_mike_aperture_ferme_d1quater_2026_09_29.py;Betfair/mike/tests/test_mike_audit_2026_09_11.py;Betfair/mike/tests/test_mike_d1_paper_sul_runner_2026_09_29.py;Betfair/mike/tests/test_mike_d1bis_freno_coperture_runner_2026_09_28.py
Betfair/safe_strategy/exits.py	Betfair.safe_strategy.exits	py_codice_Betfair	1273	7	15	2	3	3	-	no		AUDIT_2026-09-25/e2e_fase2/sonda_automode_safe_checklist.py;AUDIT_2026-10-07/conformita_calcio/strumenti/diag_safe2.py;AUDIT_2026-10-07/conformita_calcio/strumenti/diag_safe3.py;Betfair/omega/omega_proposte.py;Betfair/omega/omega_service.py;Betfair/omega/test_omega_ui_contratto_2026_09_11.py
Betfair/safe_strategy/opportunity.py	Betfair.safe_strategy.opportunity	py_codice_Betfair	1103	6	11	3	1	10	-	no		AUDIT_2026-09-25/sonde/esempi_note_forza.py;Betfair/mike/tests/test_mike_review_2026_09_11.py;Betfair/safe_strategy/bot_service.py;Betfair/safe_strategy/combos.py;Betfair/safe_strategy/exits.py;Betfair/safe_strategy/service.py
Betfair/safe_strategy/porta_ordini.py	Betfair.safe_strategy.porta_ordini	py_codice_Betfair	784	6	20	0	0	2	-	no	websockets	Betfair/mike/porta_ordini.py;Betfair/mike/tests/runner_finto.py;Betfair/mike/tests/test_mike_d1_paper_sul_runner_2026_09_29.py;Betfair/mike/tests/test_mike_d1bis_freno_coperture_runner_2026_09_28.py;Betfair/mike/tests/test_mike_d1ter_submin_fok_parita_2026_09_28.py;Betfair/omega/porta_ordini.py
Betfair/safe_strategy/pressure.py	Betfair.safe_strategy.pressure	py_codice_Betfair	149	3	2	0	0	0	-	no		Betfair/mike/dossier.py;Betfair/safe_strategy/opportunity.py;Betfair/safe_strategy/service.py;Betfair/safe_strategy/tests/test_cert_2026_09_13.py;Betfair/safe_strategy/tests/test_pressure.py
Betfair/safe_strategy/proposte_opportunita.py	Betfair.safe_strategy.proposte_opportunita	py_codice_Betfair	742	2	7	2	0	2	-	no	flumine	Betfair/safe_strategy/bot_service.py;Betfair/safe_strategy/tests/test_combos_anomalie_proposte_2026_09_18.py;Betfair/safe_strategy/tests/test_esecuzione_a_mercato_d7_2026_09_25.py;Betfair/safe_strategy/tests/test_prezzo_fuori_tolleranza_2026_09_18.py;Betfair/safe_strategy/tests/test_prezzo_segnale_b17_2026_09_25.py;Betfair/safe_strategy/tests/test_proposte_opportunita_2026_09_17.py
Betfair/safe_strategy/risk.py	Betfair.safe_strategy.risk	py_codice_Betfair	221	5	5	2	0	0	-	no		Betfair/mike/db.py;Betfair/mike/service.py;Betfair/mike/tests/test_mike_d1_aggregati_per_modalita_2026_09_28.py;Betfair/mike/tests/test_mike_service.py;Betfair/safe_strategy/bot_db.py;Betfair/safe_strategy/bot_service.py
Betfair/safe_strategy/scanner.py	Betfair.safe_strategy.scanner	py_codice_Betfair	909	3	18	1	1	2	-	no		AUDIT_2026-10-02/sonda_r9.py;Betfair/mike/tests/test_mike_audit_2026_09_11.py;Betfair/mike/tests/test_mike_review_2026_09_11.py;Betfair/omega/tests/test_o1_quote_prima_2026_09_25.py;Betfair/safe_strategy/service.py;Betfair/safe_strategy/tests/test_attesa_fischio_2026_10_01.py
Betfair/safe_strategy/selezione.py	Betfair.safe_strategy.selezione	py_codice_Betfair	525	2	3	0	1	2	-	no	thefuzz	AUDIT_2026-09-25/e2e_fase2/sonda_automode_safe_checklist.py;Betfair/safe_strategy/bot_service.py;Betfair/safe_strategy/service.py;Betfair/safe_strategy/tests/test_atlante_collegato_2026_09_24.py;Betfair/safe_strategy/tests/test_safe_d5_2026_09_25.py;Betfair/safe_strategy/tests/test_selezione_esatto_2026_09_16.py
Betfair/safe_strategy/service.py	Betfair.safe_strategy.service	py_codice_Betfair	3444	1	23	0	2	20	-	si	betfairlightweight	AUDIT_2026-10-02/sonda_r9.py;AUDIT_2026-10-07/omega_apertura_35760084/strumenti/sonda_ht_book.py;Betfair/safe_strategy/tests/test_attesa_fischio_2026_10_01.py;Betfair/safe_strategy/tests/test_bot_mai_ciechi_2026_10_01.py;Betfair/safe_strategy/tests/test_canale_scan_f4_2026_09_18.py;Betfair/safe_strategy/tests/test_canale_scanner_al_ms_2026_09_18.py
Betfair/safe_strategy/stream.py	Betfair.safe_strategy.stream	py_codice_Betfair	567	2	7	0	0	2	-	no	betfairlightweight	Betfair/safe_strategy/service.py;Betfair/safe_strategy/tests/test_flusso_interrotto_cantiere_j_2026_09_28.py;Betfair/safe_strategy/tests/test_incidente_quote_2026_09_17.py;Betfair/safe_strategy/tests/test_resilienza_rete_fix_c_2026_09_26.py;Betfair/safe_strategy/tests/test_scanner.py;Betfair/safe_strategy/tests/test_scanner_mai_cieco_2026_10_02.py
Betfair/safe_strategy/tennis_opportunity.py	Betfair.safe_strategy.tennis_opportunity	py_codice_Betfair	521	1	4	0	0	7	-	no		Betfair/safe_strategy/tests/test_cert_2026_09_13.py;Betfair/safe_strategy/tests/test_scheda_al_ms_2026_09_24.py;Betfair/safe_strategy/tests/test_tennis_opportunity.py;Betfair/stream/backtest/proposte_modello.py;Betfair/stream/tests/test_proposte_modello_2026_09_23.py
Betfair/safe_strategy/tests/conftest.py	Betfair.safe_strategy.tests.conftest	py_test	93	0	0	0	0	5	-	no	pytest	
Betfair/safe_strategy/tests/runner_finto.py	Betfair.safe_strategy.tests.runner_finto	py_test	104	0	4	0	0	5	-	no		Betfair/omega/test_omega_audit_2026_09_11.py;Betfair/omega/test_omega_greenup_2026_09_10.py;Betfair/safe_strategy/tests/test_bot_service.py;Betfair/safe_strategy/tests/test_execution.py
Betfair/safe_strategy/tests/test_allineamento_ui_2026_09_15.py	Betfair.safe_strategy.tests.test_allineamento_ui_2026_09_15	py_test	46	0	0	0	0	2	-	no		
Betfair/safe_strategy/tests/test_anomaly.py	Betfair.safe_strategy.tests.test_anomaly	py_test	399	0	0	0	0	1	-	no	pytest	
Betfair/safe_strategy/tests/test_apertura_scrive_consapevolezza_2026_09_17.py	Betfair.safe_strategy.tests.test_apertura_scrive_consapevolezza_2026_09_17	py_test	117	0	0	0	0	3	-	no		
Betfair/safe_strategy/tests/test_arresto_bot_safe_omega_2026_10_02.py	Betfair.safe_strategy.tests.test_arresto_bot_safe_omega_2026_10_02	py_test	266	0	0	0	0	8	-	no	pytest	
Betfair/safe_strategy/tests/test_atlante_collegato_2026_09_24.py	Betfair.safe_strategy.tests.test_atlante_collegato_2026_09_24	py_test	317	0	0	0	0	8	-	no	pytest	
Betfair/safe_strategy/tests/test_atlante_note_livello_2026_09_25.py	Betfair.safe_strategy.tests.test_atlante_note_livello_2026_09_25	py_test	88	0	0	0	0	5	-	no		
Betfair/safe_strategy/tests/test_attesa_fischio_2026_10_01.py	Betfair.safe_strategy.tests.test_attesa_fischio_2026_10_01	py_test	254	0	0	0	0	5	-	no		
Betfair/safe_strategy/tests/test_audit_2026_09_11.py	Betfair.safe_strategy.tests.test_audit_2026_09_11	py_test	1685	0	2	0	0	9	-	no	pytest	Betfair/safe_strategy/tests/test_b25_lascia_e_avvisa_2026_09_24.py;Betfair/safe_strategy/tests/test_b25_pulsanti_gamba_manuale_2026_09_24.py
Betfair/safe_strategy/tests/test_avvio_app_2026_09_16.py	Betfair.safe_strategy.tests.test_avvio_app_2026_09_16	py_test	239	0	1	0	0	6	-	no	pytest	Betfair/safe_strategy/tests/test_uscite_manuali_al_riavvio_2026_09_28.py
Betfair/safe_strategy/tests/test_b25_lascia_e_avvisa_2026_09_24.py	Betfair.safe_strategy.tests.test_b25_lascia_e_avvisa_2026_09_24	py_test	494	0	1	0	0	7	-	no	pytest	Betfair/safe_strategy/tests/test_b25_pulsanti_gamba_manuale_2026_09_24.py
Betfair/safe_strategy/tests/test_b25_pulsanti_gamba_manuale_2026_09_24.py	Betfair.safe_strategy.tests.test_b25_pulsanti_gamba_manuale_2026_09_24	py_test	444	0	0	0	0	7	-	no	pytest	
Betfair/safe_strategy/tests/test_backtest_opportunity.py	Betfair.safe_strategy.tests.test_backtest_opportunity	py_test	318	0	0	0	0	6	-	no	pytest	
Betfair/safe_strategy/tests/test_base_secondo_tempo_2026_10_07.py	Betfair.safe_strategy.tests.test_base_secondo_tempo_2026_10_07	py_test	235	0	0	0	0	5	-	no	pytest	
Betfair/safe_strategy/tests/test_bot_mai_ciechi_2026_10_01.py	Betfair.safe_strategy.tests.test_bot_mai_ciechi_2026_10_01	py_test	249	0	0	0	0	6	-	no	pytest	
Betfair/safe_strategy/tests/test_bot_service.py	Betfair.safe_strategy.tests.test_bot_service	py_test	4025	0	30	0	0	12	-	no	pytest	Betfair/safe_strategy/tests/test_arresto_bot_safe_omega_2026_10_02.py;Betfair/safe_strategy/tests/test_audit_2026_09_11.py;Betfair/safe_strategy/tests/test_avvio_app_2026_09_16.py;Betfair/safe_strategy/tests/test_b25_lascia_e_avvisa_2026_09_24.py;Betfair/safe_strategy/tests/test_b25_pulsanti_gamba_manuale_2026_09_24.py;Betfair/safe_strategy/tests/test_bot_mai_ciechi_2026_10_01.py
Betfair/safe_strategy/tests/test_calibration.py	Betfair.safe_strategy.tests.test_calibration	py_test	203	0	0	0	0	3	-	no	pytest	
Betfair/safe_strategy/tests/test_canale_scan_f4_2026_09_18.py	Betfair.safe_strategy.tests.test_canale_scan_f4_2026_09_18	py_test	478	0	0	0	0	8	-	no	pytest	
Betfair/safe_strategy/tests/test_canale_scanner_al_ms_2026_09_18.py	Betfair.safe_strategy.tests.test_canale_scanner_al_ms_2026_09_18	py_test	992	0	1	0	0	6	-	no	betfairlightweight,pytest,websockets	Betfair/safe_strategy/tests/test_volume_mo_2026_09_26.py
Betfair/safe_strategy/tests/test_cashout_event_ids_b17_2026_09_25.py	Betfair.safe_strategy.tests.test_cashout_event_ids_b17_2026_09_25	py_test	101	0	0	0	0	5	-	no	pytest	
Betfair/safe_strategy/tests/test_cert_2026_09_13.py	Betfair.safe_strategy.tests.test_cert_2026_09_13	py_test	1254	0	0	0	0	13	-	no	pytest	
Betfair/safe_strategy/tests/test_cert_safe_2026_09_11.py	Betfair.safe_strategy.tests.test_cert_safe_2026_09_11	py_test	309	0	0	0	0	4	-	no	pytest	
Betfair/safe_strategy/tests/test_certificazione_c3_2026_09_16.py	Betfair.safe_strategy.tests.test_certificazione_c3_2026_09_16	py_test	1120	0	2	0	0	11	-	no	pytest	Betfair/safe_strategy/tests/test_safe_d5_2026_09_25.py;Betfair/safe_strategy/tests/test_selezione_esatto_2026_09_16.py
Betfair/safe_strategy/tests/test_chiudi_per_bot_2026_09_24.py	Betfair.safe_strategy.tests.test_chiudi_per_bot_2026_09_24	py_test	171	0	0	0	0	4	-	no	pytest	
Betfair/safe_strategy/tests/test_chiusura_dell_utente_2026_09_16.py	Betfair.safe_strategy.tests.test_chiusura_dell_utente_2026_09_16	py_test	560	0	1	0	0	8	-	no	pytest	Betfair/safe_strategy/tests/test_cashout_event_ids_b17_2026_09_25.py
Betfair/safe_strategy/tests/test_combos.py	Betfair.safe_strategy.tests.test_combos	py_test	374	0	0	0	0	1	-	no	pytest	
Betfair/safe_strategy/tests/test_combos_anomalie_proposte_2026_09_18.py	Betfair.safe_strategy.tests.test_combos_anomalie_proposte_2026_09_18	py_test	1146	0	1	0	0	3	-	no		Betfair/safe_strategy/tests/test_safe_stato_mercato_2026_09_24.py
Betfair/safe_strategy/tests/test_consapevolezza_backfill_hedged_2026_09_17.py	Betfair.safe_strategy.tests.test_consapevolezza_backfill_hedged_2026_09_17	py_test	124	0	0	0	0	2	-	no		
Betfair/safe_strategy/tests/test_d1_enqueue_ignoto_paper_live_2026_09_28.py	Betfair.safe_strategy.tests.test_d1_enqueue_ignoto_paper_live_2026_09_28	py_test	243	0	0	0	0	6	-	no	httpx,pytest	
Betfair/safe_strategy/tests/test_d1_proposte_uscita_2026_09_28.py	Betfair.safe_strategy.tests.test_d1_proposte_uscita_2026_09_28	py_test	247	0	0	0	0	5	-	no	pytest	
Betfair/safe_strategy/tests/test_d1_regolazione_al_riavvio_2026_09_28.py	Betfair.safe_strategy.tests.test_d1_regolazione_al_riavvio_2026_09_28	py_test	126	0	0	0	0	6	-	no	pytest	
Betfair/safe_strategy/tests/test_d1_rischio_per_modalita_2026_09_28.py	Betfair.safe_strategy.tests.test_d1_rischio_per_modalita_2026_09_28	py_test	79	0	0	0	0	6	-	no	pytest	
Betfair/safe_strategy/tests/test_due_motori_tennis_2026_09_17.py	Betfair.safe_strategy.tests.test_due_motori_tennis_2026_09_17	py_test	336	0	0	0	0	2	-	no		
Betfair/safe_strategy/tests/test_engine.py	Betfair.safe_strategy.tests.test_engine	py_test	1209	0	7	0	0	2	-	no	pytest	Betfair/safe_strategy/tests/test_base_secondo_tempo_2026_10_07.py;Betfair/safe_strategy/tests/test_cert_2026_09_13.py;Betfair/safe_strategy/tests/test_certificazione_c3_2026_09_16.py;Betfair/safe_strategy/tests/test_esatto_secondo_tempo_2026_10_07.py;Betfair/safe_strategy/tests/test_safe_d5_2026_09_25.py;Betfair/safe_strategy/tests/test_safe_q1_q4_q5_2026_09_25.py
Betfair/safe_strategy/tests/test_esatto_secondo_tempo_2026_10_07.py	Betfair.safe_strategy.tests.test_esatto_secondo_tempo_2026_10_07	py_test	319	0	0	0	0	6	-	no	pytest	
Betfair/safe_strategy/tests/test_esecuzione_a_mercato_d7_2026_09_25.py	Betfair.safe_strategy.tests.test_esecuzione_a_mercato_d7_2026_09_25	py_test	232	0	0	0	0	8	-	no	pytest	
Betfair/safe_strategy/tests/test_eta_proposta_approvata_2026_09_23.py	Betfair.safe_strategy.tests.test_eta_proposta_approvata_2026_09_23	py_test	68	0	0	0	0	3	-	no		
Betfair/safe_strategy/tests/test_execution.py	Betfair.safe_strategy.tests.test_execution	py_test	1382	0	1	0	0	7	-	no	pytest	Betfair/safe_strategy/tests/test_paper_fill_al_best_2026_09_26.py
Betfair/safe_strategy/tests/test_exit_hold_dedup_2026_09_17.py	Betfair.safe_strategy.tests.test_exit_hold_dedup_2026_09_17	py_test	228	0	0	0	0	3	-	no		
Betfair/safe_strategy/tests/test_exit_hold_dovuta_tentata_2026_09_23.py	Betfair.safe_strategy.tests.test_exit_hold_dovuta_tentata_2026_09_23	py_test	162	0	0	0	0	3	-	no		
Betfair/safe_strategy/tests/test_exits.py	Betfair.safe_strategy.tests.test_exits	py_test	799	0	0	0	0	2	-	no	pytest	
Betfair/safe_strategy/tests/test_finali_2026_09_11.py	Betfair.safe_strategy.tests.test_finali_2026_09_11	py_test	28	0	0	0	0	3	-	no		
Betfair/safe_strategy/tests/test_firma_stesso_motivo_2026_09_29.py	Betfair.safe_strategy.tests.test_firma_stesso_motivo_2026_09_29	py_test	47	0	0	0	0	3	-	no	pytest	
Betfair/safe_strategy/tests/test_flusso_interrotto_cantiere_j_2026_09_28.py	Betfair.safe_strategy.tests.test_flusso_interrotto_cantiere_j_2026_09_28	py_test	648	0	4	0	0	14	-	no	betfairlightweight,pytest	Betfair/omega/tests/test_flusso_ht_secondo_tempo_2026_10_07.py;Betfair/safe_strategy/tests/test_flusso_interrotto_cantiere_j_bis_2026_09_28.py;Betfair/safe_strategy/tests/test_flusso_su_master_cantiere_j2_2026_09_28.py;Betfair/stream/tests/test_banco_flusso_interrotto_cantiere_j2_2026_09_28.py
Betfair/safe_strategy/tests/test_flusso_interrotto_cantiere_j_bis_2026_09_28.py	Betfair.safe_strategy.tests.test_flusso_interrotto_cantiere_j_bis_2026_09_28	py_test	434	0	1	0	0	11	-	no	pytest	Betfair/safe_strategy/tests/test_flusso_su_master_cantiere_j2_2026_09_28.py
Betfair/safe_strategy/tests/test_flusso_su_master_cantiere_j2_2026_09_28.py	Betfair.safe_strategy.tests.test_flusso_su_master_cantiere_j2_2026_09_28	py_test	470	0	0	0	0	11	-	no	pytest	
Betfair/safe_strategy/tests/test_giro_veloce_c6a_2026_09_23.py	Betfair.safe_strategy.tests.test_giro_veloce_c6a_2026_09_23	py_test	503	0	0	0	0	4	-	no	pytest	
Betfair/safe_strategy/tests/test_hedge_sull_abbinato_2026_09_18.py	Betfair.safe_strategy.tests.test_hedge_sull_abbinato_2026_09_18	py_test	63	0	0	0	0	2	-	no		
Betfair/safe_strategy/tests/test_incidente_quote_2026_09_17.py	Betfair.safe_strategy.tests.test_incidente_quote_2026_09_17	py_test	1169	0	1	0	0	5	-	no	betfairlightweight,pytest	Betfair/safe_strategy/tests/test_velocita_feed_2026_09_30.py
Betfair/safe_strategy/tests/test_modalita_model_manual_2026_09_24.py	Betfair.safe_strategy.tests.test_modalita_model_manual_2026_09_24	py_test	235	0	0	0	0	6	-	no	pytest	
Betfair/safe_strategy/tests/test_opportunity.py	Betfair.safe_strategy.tests.test_opportunity	py_test	754	0	4	0	2	6	-	no	pytest	AUDIT_2026-09-25/sonde/esempi_note_forza.py;AUDIT_2026-09-25/sonde/esempi_note_v4.py;Betfair/safe_strategy/tests/test_atlante_collegato_2026_09_24.py;Betfair/safe_strategy/tests/test_atlante_note_livello_2026_09_25.py;Betfair/stream/tests/test_atlante_v4_collegato_2026_09_25.py;Betfair/stream/tests/test_atlante_v4_forza_id_squadra_2026_09_25.py
Betfair/safe_strategy/tests/test_p_blocco3_2026_09_28.py	Betfair.safe_strategy.tests.test_p_blocco3_2026_09_28	py_test	408	0	0	0	0	13	-	no	pytest	
Betfair/safe_strategy/tests/test_p_nessun_fill_di_casa_2026_09_28.py	Betfair.safe_strategy.tests.test_p_nessun_fill_di_casa_2026_09_28	py_test	314	0	0	0	0	7	-	no	pytest	
Betfair/safe_strategy/tests/test_paper_fill_al_best_2026_09_26.py	Betfair.safe_strategy.tests.test_paper_fill_al_best_2026_09_26	py_test	80	0	0	0	0	4	-	no	pytest	
Betfair/safe_strategy/tests/test_pnl_netto_commissione_2026_09_30.py	Betfair.safe_strategy.tests.test_pnl_netto_commissione_2026_09_30	py_test	447	0	0	0	0	7	-	no	pytest	
Betfair/safe_strategy/tests/test_porta_ordini_f5_2026_09_24.py	Betfair.safe_strategy.tests.test_porta_ordini_f5_2026_09_24	py_test	1096	0	5	0	0	9	-	no	pytest	Betfair/omega/tests/test_porta_ordini_omega_f6_2026_09_24.py;Betfair/safe_strategy/tests/test_safe_tennis_canale_f8_2026_09_25.py;Betfair/safe_strategy/tests/test_soldi_veri_catena_2026_10_04.py;Betfair/safe_strategy/tests/test_soldi_veri_catena_aggancio_2026_10_04.py;Betfair/stream/tests/test_strada_unica_banco_2026_09_25.py
Betfair/safe_strategy/tests/test_pre_ko_ou.py	Betfair.safe_strategy.tests.test_pre_ko_ou	py_test	184	0	0	0	0	3	-	no		
Betfair/safe_strategy/tests/test_pressure.py	Betfair.safe_strategy.tests.test_pressure	py_test	80	0	0	0	0	2	-	no	pytest	
Betfair/safe_strategy/tests/test_prezzo_fuori_tolleranza_2026_09_18.py	Betfair.safe_strategy.tests.test_prezzo_fuori_tolleranza_2026_09_18	py_test	165	0	0	0	0	1	-	no	pytest	
Betfair/safe_strategy/tests/test_prezzo_segnale_b17_2026_09_25.py	Betfair.safe_strategy.tests.test_prezzo_segnale_b17_2026_09_25	py_test	129	0	0	0	0	5	-	no	pytest	
Betfair/safe_strategy/tests/test_proposte_opportunita_2026_09_17.py	Betfair.safe_strategy.tests.test_proposte_opportunita_2026_09_17	py_test	451	0	4	0	0	3	-	no		Betfair/safe_strategy/tests/test_esecuzione_a_mercato_d7_2026_09_25.py;Betfair/safe_strategy/tests/test_prezzo_segnale_b17_2026_09_25.py;Betfair/safe_strategy/tests/test_proposte_scadute_2026_09_26.py;Betfair/safe_strategy/tests/test_scheda_al_ms_2026_09_24.py
Betfair/safe_strategy/tests/test_proposte_scadute_2026_09_26.py	Betfair.safe_strategy.tests.test_proposte_scadute_2026_09_26	py_test	127	0	0	0	0	4	-	no		
Betfair/safe_strategy/tests/test_punte_multiple_050_2026_10_04.py	Betfair.safe_strategy.tests.test_punte_multiple_050_2026_10_04	py_test	359	0	0	0	0	11	-	no	pytest	
Betfair/safe_strategy/tests/test_reperto1_adozione_canale_safe_2026_10_02.py	Betfair.safe_strategy.tests.test_reperto1_adozione_canale_safe_2026_10_02	py_test	183	0	0	0	0	7	-	no	pytest	
Betfair/safe_strategy/tests/test_replay_tennis_2026_09_16.py	Betfair.safe_strategy.tests.test_replay_tennis_2026_09_16	py_test	955	0	2	0	0	10	-	no	pytest	Betfair/safe_strategy/tests/test_safe_q1_q4_q5_2026_09_25.py;Betfair/safe_strategy/tests/test_safe_tennis_canale_f8_2026_09_25.py
Betfair/safe_strategy/tests/test_resilienza_rete_fix_c_2026_09_26.py	Betfair.safe_strategy.tests.test_resilienza_rete_fix_c_2026_09_26	py_test	511	0	0	0	0	4	-	no	betfairlightweight,pytest,requests	
Betfair/safe_strategy/tests/test_resilienza_rete_fix_c_insieme_2026_09_26.py	Betfair.safe_strategy.tests.test_resilienza_rete_fix_c_insieme_2026_09_26	py_test	289	0	0	0	0	9	-	no	betfairlightweight,pytest,requests	
Betfair/safe_strategy/tests/test_riconciliazione_tradotti_safe_2026_10_02.py	Betfair.safe_strategy.tests.test_riconciliazione_tradotti_safe_2026_10_02	py_test	722	0	0	0	0	15	-	no	pytest	
Betfair/safe_strategy/tests/test_risk.py	Betfair.safe_strategy.tests.test_risk	py_test	164	0	0	0	0	2	-	no		
Betfair/safe_strategy/tests/test_safe_canale_f3_2026_09_18.py	Betfair.safe_strategy.tests.test_safe_canale_f3_2026_09_18	py_test	308	0	0	0	0	5	-	no	pytest	
Betfair/safe_strategy/tests/test_safe_d5_2026_09_25.py	Betfair.safe_strategy.tests.test_safe_d5_2026_09_25	py_test	609	0	0	0	0	9	-	no	pytest	
Betfair/safe_strategy/tests/test_safe_kill_switch_rest_o1_2026_09_24.py	Betfair.safe_strategy.tests.test_safe_kill_switch_rest_o1_2026_09_24	py_test	170	0	0	0	0	6	-	no	pytest	
Betfair/safe_strategy/tests/test_safe_lambda_quote_prima_2026_09_25.py	Betfair.safe_strategy.tests.test_safe_lambda_quote_prima_2026_09_25	py_test	87	0	0	0	0	6	-	no	pytest	
Betfair/safe_strategy/tests/test_safe_q1_q4_q5_2026_09_25.py	Betfair.safe_strategy.tests.test_safe_q1_q4_q5_2026_09_25	py_test	275	0	0	0	0	6	-	no	pytest	
Betfair/safe_strategy/tests/test_safe_q7_q12_2026_09_25.py	Betfair.safe_strategy.tests.test_safe_q7_q12_2026_09_25	py_test	387	0	0	0	0	8	-	no	pytest	
Betfair/safe_strategy/tests/test_safe_stato_mercato_2026_09_24.py	Betfair.safe_strategy.tests.test_safe_stato_mercato_2026_09_24	py_test	225	0	0	0	0	5	-	no		
Betfair/safe_strategy/tests/test_safe_tennis_canale_f8_2026_09_25.py	Betfair.safe_strategy.tests.test_safe_tennis_canale_f8_2026_09_25	py_test	124	0	0	0	0	9	-	no		
Betfair/safe_strategy/tests/test_scanner.py	Betfair.safe_strategy.tests.test_scanner	py_test	720	0	0	0	0	4	-	no		
Betfair/safe_strategy/tests/test_scanner_mai_cieco_2026_10_02.py	Betfair.safe_strategy.tests.test_scanner_mai_cieco_2026_10_02	py_test	636	0	0	0	0	5	-	no	postgrest,pytest	
Betfair/safe_strategy/tests/test_scanner_mike_followed_c1.py	Betfair.safe_strategy.tests.test_scanner_mike_followed_c1	py_test	94	0	0	0	0	4	-	no	pytest	
Betfair/safe_strategy/tests/test_scheda_al_ms_2026_09_24.py	Betfair.safe_strategy.tests.test_scheda_al_ms_2026_09_24	py_test	537	0	2	0	0	9	-	no	pytest	Betfair/safe_strategy/tests/test_esecuzione_a_mercato_d7_2026_09_25.py;Betfair/safe_strategy/tests/test_prezzo_segnale_b17_2026_09_25.py
Betfair/safe_strategy/tests/test_selezione_esatto_2026_09_16.py	Betfair.safe_strategy.tests.test_selezione_esatto_2026_09_16	py_test	373	0	0	0	0	7	-	no	pytest	
Betfair/safe_strategy/tests/test_settlement_betfair_truth_2026_09_17.py	Betfair.safe_strategy.tests.test_settlement_betfair_truth_2026_09_17	py_test	212	0	0	0	0	4	-	no		
Betfair/safe_strategy/tests/test_soldi_veri_catena_2026_10_04.py	Betfair.safe_strategy.tests.test_soldi_veri_catena_2026_10_04	py_test	285	0	0	0	0	9	-	no	pytest	
Betfair/safe_strategy/tests/test_soldi_veri_catena_aggancio_2026_10_04.py	Betfair.safe_strategy.tests.test_soldi_veri_catena_aggancio_2026_10_04	py_test	294	0	0	0	0	7	-	no	pytest	
Betfair/safe_strategy/tests/test_svuota_le_cache_d2_2026_09_24.py	Betfair.safe_strategy.tests.test_svuota_le_cache_d2_2026_09_24	py_test	182	0	0	0	0	2	-	no	pytest	
Betfair/safe_strategy/tests/test_tennis_opportunity.py	Betfair.safe_strategy.tests.test_tennis_opportunity	py_test	351	0	0	0	0	5	-	no	pytest	
Betfair/safe_strategy/tests/test_uscite_automatiche_2026_09_25.py	Betfair.safe_strategy.tests.test_uscite_automatiche_2026_09_25	py_test	229	0	0	0	0	3	-	no	pytest	
Betfair/safe_strategy/tests/test_uscite_manuali_al_riavvio_2026_09_28.py	Betfair.safe_strategy.tests.test_uscite_manuali_al_riavvio_2026_09_28	py_test	51	0	0	0	0	6	-	no	pytest	
Betfair/safe_strategy/tests/test_velocita_feed_2026_09_30.py	Betfair.safe_strategy.tests.test_velocita_feed_2026_09_30	py_test	602	0	0	0	0	6	-	no		
Betfair/safe_strategy/tests/test_volume_mo_2026_09_26.py	Betfair.safe_strategy.tests.test_volume_mo_2026_09_26	py_test	50	0	0	0	0	1	-	no		
Betfair/safe_strategy/tools/__init__.py	Betfair.safe_strategy.tools	py_strumenti	1	0	10	5	2	0	-	no		AUDIT_2026-10-07/conformita_calcio/strumenti/diag_safe2.py;AUDIT_2026-10-07/conformita_calcio/strumenti/diag_safe3.py;Betfair/omega/tests/test_replay_nomi_aggregati_2026_10_07.py;Betfair/safe_strategy/tests/test_backtest_opportunity.py;Betfair/safe_strategy/tests/test_certificazione_c3_2026_09_16.py;Betfair/safe_strategy/tests/test_esecuzione_a_mercato_d7_2026_09_25.py
Betfair/safe_strategy/tools/backtest_opportunity.py	Betfair.safe_strategy.tools.backtest_opportunity	py_strumenti	447	0	1	0	0	4	-	si		Betfair/safe_strategy/tests/test_backtest_opportunity.py
Betfair/safe_strategy/tools/conta_operazioni_live.py	Betfair.safe_strategy.tools.conta_operazioni_live	py_strumenti	81	0	0	0	0	0	-	si	dotenv	
Betfair/safe_strategy/tools/falsifica_c6a_2026_09_23.py	Betfair.safe_strategy.tools.falsifica_c6a_2026_09_23	py_strumenti	160	0	0	0	0	0	-	si		
Betfair/safe_strategy/tools/falsifica_f0_f1_2026_09_18.py	Betfair.safe_strategy.tools.falsifica_f0_f1_2026_09_18	py_strumenti	333	0	0	0	0	0	-	si		
Betfair/safe_strategy/tools/falsifica_f4_2026_09_18.py	Betfair.safe_strategy.tools.falsifica_f4_2026_09_18	py_strumenti	144	0	0	0	0	0	-	si		
Betfair/safe_strategy/tools/genera_oro_banda_strategia.py	Betfair.safe_strategy.tools.genera_oro_banda_strategia	py_strumenti	92	0	1	0	0	3	-	si		Betfair/safe_strategy/tests/test_esecuzione_a_mercato_d7_2026_09_25.py
Betfair/safe_strategy/tools/genera_oro_valuta_proposta.py	Betfair.safe_strategy.tools.genera_oro_valuta_proposta	py_strumenti	119	0	2	1	0	2	-	si		Betfair/safe_strategy/tests/test_esecuzione_a_mercato_d7_2026_09_25.py;Betfair/safe_strategy/tests/test_scheda_al_ms_2026_09_24.py;Betfair/safe_strategy/tools/genera_oro_banda_strategia.py
Betfair/safe_strategy/tools/replay_registrazioni.py	Betfair.safe_strategy.tools.replay_registrazioni	py_strumenti	2092	1	4	1	2	20	-	si	flumine	AUDIT_2026-10-07/conformita_calcio/strumenti/diag_safe2.py;AUDIT_2026-10-07/conformita_calcio/strumenti/diag_safe3.py;Betfair/safe_strategy/tests/test_certificazione_c3_2026_09_16.py;Betfair/safe_strategy/tools/replay_tennis.py;Betfair/stream/backtest/trasporto_rapido.py;Betfair/stream/tests/test_applica_bot_tutti_2026_10_07.py
Betfair/safe_strategy/tools/replay_tennis.py	Betfair.safe_strategy.tools.replay_tennis	py_strumenti	1577	0	4	0	0	16	-	si	betfairlightweight,flumine	Betfair/safe_strategy/tests/test_replay_tennis_2026_09_16.py;Betfair/stream/tests/test_applica_bot_tutti_2026_10_07.py;Betfair/stream/tests/test_chiusura_parziale_2026_09_23.py;Betfair/stream/tests/test_proposte_modello_2026_09_23.py
Betfair/safe_strategy/tools/sonda_canale_scan_2026_09_18.py	Betfair.safe_strategy.tools.sonda_canale_scan_2026_09_18	py_strumenti	225	0	0	0	0	2	-	si	websockets	
Betfair/safe_strategy/tools/sonda_righe_scan_2026_09_18.py	Betfair.safe_strategy.tools.sonda_righe_scan_2026_09_18	py_strumenti	67	0	0	0	0	2	-	no		
Betfair/safe_strategy/tools/storia_operazioni.py	Betfair.safe_strategy.tools.storia_operazioni	py_strumenti	168	0	0	0	0	0	-	si	dotenv	
Betfair/safe_strategy/tools/synth_safe.py	Betfair.safe_strategy.tools.synth_safe	py_strumenti	973	0	0	0	0	2	-	si		
Betfair/safe_strategy/tools/validate_opportunity.py	Betfair.safe_strategy.tools.validate_opportunity	py_strumenti	876	0	3	7	0	5	-	si		Betfair/omega/tests/test_replay_nomi_aggregati_2026_10_07.py;Betfair/safe_strategy/tests/test_backtest_opportunity.py;Betfair/safe_strategy/tests/test_opportunity.py;Betfair/safe_strategy/tools/backtest_opportunity.py;Betfair/safe_strategy/tools/replay_registrazioni.py;Betfair/safe_strategy/tools/synth_safe.py
Betfair/safe_strategy/veto_campionati.py	Betfair.safe_strategy.veto_campionati	py_codice_Betfair	233	1	2	0	1	0	-	no		AUDIT_2026-09-25/e2e_fase2/sonda_automode_safe_checklist.py;Betfair/safe_strategy/engine.py;Betfair/safe_strategy/tests/test_safe_d5_2026_09_25.py;Betfair/safe_strategy/tests/test_safe_q1_q4_q5_2026_09_25.py
Betfair/stream/__init__.py	Betfair.stream	py_codice_Betfair	13	54	132	6	8	0	-	no		AUDIT_2026-09-25/e2e_fase1/strumenti/sonda.py;AUDIT_2026-09-25/e2e_fase2/sonda_libro_a.py;AUDIT_2026-09-30/app_tabellone/sonda_board_feed.py;AUDIT_2026-09-30/app_tabellone/sonda_board_flumine.py;AUDIT_2026-09-30/app_tabellone/sonda_board_intero.py;AUDIT_2026-09-30/app_tabellone/sonda_board_rest.py
Betfair/stream/arresto_ordinato.py	Betfair.stream.arresto_ordinato	py_codice_Betfair	77	9	5	0	0	1	-	no		Betfair/mike/service.py;Betfair/omega/omega_service.py;Betfair/safe_strategy/bot_service.py;Betfair/safe_strategy/service.py;Betfair/stream/runner.py;Betfair/stream/scalper/scalper_service.py
Betfair/stream/auth.py	Betfair.stream.auth	py_codice_Betfair	294	14	3	1	7	1	-	no	betfairlightweight,requests	AUDIT_2026-09-25/e2e_fase2/sonda_libro_a.py;AUDIT_2026-09-25/e2e_fase2_z0/semantica_A.py;AUDIT_2026-09-30/app_tabellone/sonda_board_confronto.py;AUDIT_2026-09-30/app_tabellone/sonda_board_feed.py;AUDIT_2026-09-30/app_tabellone/sonda_board_flumine.py;AUDIT_2026-09-30/app_tabellone/sonda_board_intero.py
Betfair/stream/auto_follow.py	Betfair.stream.auto_follow	py_codice_Betfair	1111	3	7	0	0	4	-	no		Betfair/stream/backtest/trasporto_rapido.py;Betfair/stream/frammenti_mercato.py;Betfair/stream/runner.py;Betfair/stream/tests/test_auto_follow_2026_09_25.py;Betfair/stream/tests/test_fine_evento_2026_09_28.py;Betfair/stream/tests/test_frammenti_fine_evento_2026_09_28.py
Betfair/stream/avvio_app.py	Betfair.stream.avvio_app	py_codice_Betfair	336	10	14	0	0	0	-	no		Betfair/mike/service.py;Betfair/mike/tests/test_mike_avvio_app_2026_09_16.py;Betfair/mike/tests/test_mike_uscite_manuali_al_riavvio_2026_09_28.py;Betfair/omega/omega_service.py;Betfair/omega/test_omega_avvio_app_2026_09_16.py;Betfair/omega/test_omega_uscite_manuali_al_riavvio_2026_09_28.py
Betfair/stream/backtest/__init__.py	Betfair.stream.backtest	py_codice_Betfair	31	4	56	8	16	2	-	no		AUDIT_2026-09-28/cantiere_n/sonda_uf2.py;AUDIT_2026-09-28/replay/cantiere_v/sonda_tempo_replay.py;AUDIT_2026-09-29/mutazioni_coordinatore/sonda_forma_banca.py;AUDIT_2026-09-30/ereditato_29_09/sonda_indagine/sonda_mercato_deciso.py;AUDIT_2026-09-30/ko_green_3_minuti/sonda_guasto_banca_fischio.py;AUDIT_2026-10-01/sonda_motivi_mike.py
Betfair/stream/backtest/applica_bot.py	Betfair.stream.backtest.applica_bot	py_codice_Betfair	892	1	4	0	1	6	-	si		AUDIT_2026-10-07/replay_pro/strumenti/serie.py;Betfair/stream/backtest/worker.py;Betfair/stream/tests/test_applica_bot_2026_10_06.py;Betfair/stream/tests/test_applica_bot_cartelle_tennis_2026_10_08.py;Betfair/stream/tests/test_applica_bot_tutti_2026_10_07.py;Betfair/stream/tests/test_replay_professionale_2026_10_07.py
Betfair/stream/backtest/banco_comune.py	Betfair.stream.backtest.banco_comune	py_codice_Betfair	3046	2	32	9	2	13	-	no	betfairlightweight,flumine,smart_open	AUDIT_2026-10-02/misura_ab.py;AUDIT_2026-10-07/omega_apertura_35760084/strumenti/sonda_ht_book.py;Betfair/mike/tests/test_mike_conto_e_sovracopertura_2026_09_16.py;Betfair/mike/tests/test_mike_loop_taker_2026_09_16.py;Betfair/mike/tests/test_mike_market_selection_id_2026_09_23.py;Betfair/mike/tests/test_mike_regolamento_centesimi_2026_09_30.py
Betfair/stream/backtest/certifica.py	Betfair.stream.backtest.certifica	py_codice_Betfair	1084	1	20	3	13	13	-	si	betfairlightweight,flumine,psutil	AUDIT_2026-09-28/replay/cantiere_v/sonda_tempo_replay.py;AUDIT_2026-09-29/mutazioni_coordinatore/sonda_forma_banca.py;AUDIT_2026-09-30/ko_green_3_minuti/sonda_guasto_banca_fischio.py;AUDIT_2026-10-01/sonda_motivi_mike.py;AUDIT_2026-10-02/misura_ab.py;AUDIT_2026-10-02/sonda_azioni_mike_scenario.py
Betfair/stream/backtest/chiusura_parziale.py	Betfair.stream.backtest.chiusura_parziale	py_codice_Betfair	994	1	5	6	1	0	-	no	flumine	AUDIT_2026-09-30/ko_green_3_minuti/sonda_guasto_banca_fischio.py;Betfair/mike/tools/replay_registrazioni.py;Betfair/omega/tools/replay_registrazioni.py;Betfair/safe_strategy/tools/replay_registrazioni.py;Betfair/safe_strategy/tools/replay_tennis.py;Betfair/stream/backtest/certifica.py
Betfair/stream/backtest/minimi_banco.py	Betfair.stream.backtest.minimi_banco	py_codice_Betfair	282	3	11	1	0	1	-	no	flumine	Betfair/stream/backtest/applica_bot.py;Betfair/stream/backtest/banco_comune.py;Betfair/stream/backtest/certifica.py;Betfair/stream/tennis_live/tests/test_certificazione_pro_scalper_2026_10_04.py;Betfair/stream/tennis_live/tools/replay_bot.py;Betfair/stream/tests/test_banco_minimi_it_2026_10_02.py
Betfair/stream/backtest/porta_banco.py	Betfair.stream.backtest.porta_banco	py_codice_Betfair	834	2	5	1	0	8	-	no	flumine	Betfair/stream/backtest/trasporto.py;Betfair/stream/backtest/trasporto_rapido.py;Betfair/stream/tennis_live/tests/test_certificazione_pro_scalper_2026_10_04.py;Betfair/stream/tennis_live/tests/test_motore_ordini_tennis_2026_09_25.py;Betfair/stream/tennis_live/tools/replay_bot.py;Betfair/stream/tests/test_banco_annullo_confermato_2026_09_30.py
Betfair/stream/backtest/proposte_modello.py	Betfair.stream.backtest.proposte_modello	py_codice_Betfair	1393	1	1	2	0	8	-	no		Betfair/safe_strategy/tools/replay_registrazioni.py;Betfair/safe_strategy/tools/replay_tennis.py;Betfair/stream/backtest/certifica.py;Betfair/stream/tests/test_proposte_modello_2026_09_23.py
Betfair/stream/backtest/registro_bot.py	Betfair.stream.backtest.registro_bot	py_codice_Betfair	440	2	15	0	1	1	-	no		AUDIT_2026-10-02/sonda_diario_azioni.py;Betfair/mike/tests/test_mike_p5_4b_2026_09_29.py;Betfair/stream/backtest/applica_bot.py;Betfair/stream/backtest/certifica.py;Betfair/stream/tests/test_applica_bot_cartelle_tennis_2026_10_08.py;Betfair/stream/tests/test_applica_bot_tutti_2026_10_07.py
Betfair/stream/backtest/run_backtest.py	Betfair.stream.backtest.run_backtest	py_codice_Betfair	493	4	2	0	0	6	-	no	flumine	Betfair/stream/backtest/__init__.py;Betfair/stream/backtest/worker.py;Betfair/stream/scalper/run_scalper.py;Betfair/stream/scalper/run_theta.py;Betfair/stream/tests/test_backtest.py;Betfair/stream/tests/test_backtest_coverage_2026_07_17.py
Betfair/stream/backtest/sim_strategy.py	Betfair.stream.backtest.sim_strategy	py_codice_Betfair	360	3	0	3	0	1	-	no	flumine	Betfair/mike/tools/replay_registrazioni.py;Betfair/omega/tools/replay_registrazioni.py;Betfair/stream/backtest/__init__.py;Betfair/stream/backtest/banco_comune.py;Betfair/stream/backtest/run_backtest.py;Betfair/stream/scalper/tools/replay_registrazioni.py
Betfair/stream/backtest/tools/__init__.py	Betfair.stream.backtest.tools	py_strumenti	0	0	0	0	0	0	-	no		
Betfair/stream/backtest/tools/misura_punto8/__init__.py	Betfair.stream.backtest.tools.misura_punto8	py_strumenti	0	0	1	8	0	0	-	no		Betfair/omega/tests/test_o5_rossi_v3_2026_09_25.py;Betfair/stream/backtest/tools/misura_punto8/m1_mike.py;Betfair/stream/backtest/tools/misura_punto8/o1_catena_lambda.py;Betfair/stream/backtest/tools/misura_punto8/o5_rossi.py;Betfair/stream/backtest/tools/misura_punto8/o6_coda.py;Betfair/stream/backtest/tools/misura_punto8/s2_calibrazione_uscita.py
Betfair/stream/backtest/tools/misura_punto8/comune.py	Betfair.stream.backtest.tools.misura_punto8.comune	py_strumenti	216	0	0	8	0	0	-	no	numpy	Betfair/stream/backtest/tools/misura_punto8/m1_mike.py;Betfair/stream/backtest/tools/misura_punto8/o1_catena_lambda.py;Betfair/stream/backtest/tools/misura_punto8/o5_rossi.py;Betfair/stream/backtest/tools/misura_punto8/o6_coda.py;Betfair/stream/backtest/tools/misura_punto8/s2_calibrazione_uscita.py;Betfair/stream/backtest/tools/misura_punto8/t1_superficie.py
Betfair/stream/backtest/tools/misura_punto8/estrai_db.py	Betfair.stream.backtest.tools.misura_punto8.estrai_db	py_strumenti	396	0	0	1	0	1	-	si		Betfair/stream/backtest/tools/misura_punto8/test_misura_punto8.py
Betfair/stream/backtest/tools/misura_punto8/falsifica_misura_punto8.py	Betfair.stream.backtest.tools.misura_punto8.falsifica_misura_punto8	py_strumenti	141	0	0	0	0	0	-	si		
Betfair/stream/backtest/tools/misura_punto8/m1_mike.py	Betfair.stream.backtest.tools.misura_punto8.m1_mike	py_strumenti	263	0	0	1	0	4	-	si		Betfair/stream/backtest/tools/misura_punto8/test_misura_punto8.py
Betfair/stream/backtest/tools/misura_punto8/o1_catena_lambda.py	Betfair.stream.backtest.tools.misura_punto8.o1_catena_lambda	py_strumenti	484	0	0	3	0	10	-	si		Betfair/stream/backtest/tools/misura_punto8/o5_rossi.py;Betfair/stream/backtest/tools/misura_punto8/o6_coda.py;Betfair/stream/backtest/tools/misura_punto8/test_misura_punto8.py
Betfair/stream/backtest/tools/misura_punto8/o5_rossi.py	Betfair.stream.backtest.tools.misura_punto8.o5_rossi	py_strumenti	318	0	1	1	0	11	-	si		Betfair/omega/tests/test_o5_rossi_v3_2026_09_25.py;Betfair/stream/backtest/tools/misura_punto8/test_misura_punto8.py
Betfair/stream/backtest/tools/misura_punto8/o6_coda.py	Betfair.stream.backtest.tools.misura_punto8.o6_coda	py_strumenti	209	0	0	1	0	7	-	si		Betfair/stream/backtest/tools/misura_punto8/test_misura_punto8.py
Betfair/stream/backtest/tools/misura_punto8/percorsi.py	Betfair.stream.backtest.tools.misura_punto8.percorsi	py_strumenti	63	0	0	7	0	0	-	no		Betfair/stream/backtest/tools/misura_punto8/o1_catena_lambda.py;Betfair/stream/backtest/tools/misura_punto8/o5_rossi.py;Betfair/stream/backtest/tools/misura_punto8/o6_coda.py;Betfair/stream/backtest/tools/misura_punto8/s2_calibrazione_uscita.py;Betfair/stream/backtest/tools/misura_punto8/t1_superficie.py;Betfair/stream/backtest/tools/misura_punto8/test_misura_punto8.py
Betfair/stream/backtest/tools/misura_punto8/s2_calibrazione_uscita.py	Betfair.stream.backtest.tools.misura_punto8.s2_calibrazione_uscita	py_strumenti	231	0	0	1	0	7	-	si		Betfair/stream/backtest/tools/misura_punto8/test_misura_punto8.py
Betfair/stream/backtest/tools/misura_punto8/t1_superficie.py	Betfair.stream.backtest.tools.misura_punto8.t1_superficie	py_strumenti	197	0	0	1	0	3	-	si		Betfair/stream/backtest/tools/misura_punto8/test_misura_punto8.py
Betfair/stream/backtest/tools/misura_punto8/test_misura_punto8.py	Betfair.stream.backtest.tools.misura_punto8.test_misura_punto8	py_strumenti	777	0	0	0	0	16	-	no	pytest	
Betfair/stream/backtest/tools/misura_punto8/x1_bias.py	Betfair.stream.backtest.tools.misura_punto8.x1_bias	py_strumenti	345	0	0	1	0	5	-	si		Betfair/stream/backtest/tools/misura_punto8/test_misura_punto8.py
Betfair/stream/backtest/trasporto.py	Betfair.stream.backtest.trasporto	py_codice_Betfair	633	3	6	1	4	8	-	no		AUDIT_2026-09-30/ereditato_29_09/sonda_indagine/sonda_mercato_deciso.py;AUDIT_2026-10-01/sonda_motivi_mike.py;AUDIT_2026-10-02/sonda_azioni_mike_scenario.py;AUDIT_2026-10-02/sonda_diario_azioni.py;Betfair/mike/tools/replay_registrazioni.py;Betfair/stream/backtest/banco_comune.py
Betfair/stream/backtest/trasporto_rapido.py	Betfair.stream.backtest.trasporto_rapido	py_codice_Betfair	1778	1	5	0	0	23	-	no	flumine	Betfair/stream/backtest/certifica.py;Betfair/stream/tennis_live/tests/test_motore_ordini_tennis_2026_09_25.py;Betfair/stream/tests/test_banco_annullo_confermato_2026_09_30.py;Betfair/stream/tests/test_banco_minimi_it_2026_10_02.py;Betfair/stream/tests/test_minimi_punte_050_2026_10_04.py;Betfair/stream/tests/test_strada_unica_banco_2026_09_25.py
Betfair/stream/backtest/uscite_manuali.py	Betfair.stream.backtest.uscite_manuali	py_codice_Betfair	568	1	6	2	1	3	-	no		AUDIT_2026-09-28/cantiere_n/sonda_uf2.py;Betfair/stream/backtest/certifica.py;Betfair/stream/scalper/tools/replay_registrazioni.py;Betfair/stream/tennis_live/tests/test_residui_ricordati_2026_10_04.py;Betfair/stream/tennis_live/tools/replay_bot.py;Betfair/stream/tennis_scalper/tests/test_cantiere_u_proposte_a_zero_2026_09_29.py
Betfair/stream/backtest/varianti_bot.py	Betfair.stream.backtest.varianti_bot	py_codice_Betfair	461	1	4	6	0	1	-	no		Betfair/mike/tools/replay_registrazioni.py;Betfair/omega/tools/replay_registrazioni.py;Betfair/safe_strategy/tools/replay_registrazioni.py;Betfair/safe_strategy/tools/replay_tennis.py;Betfair/stream/backtest/applica_bot.py;Betfair/stream/scalper/tools/replay_registrazioni.py
Betfair/stream/backtest/worker.py	Betfair.stream.backtest.worker	py_codice_Betfair	102	0	1	0	0	4	5	si		Betfair/stream/tests/test_applica_bot_2026_10_06.py
Betfair/stream/board_worker.py	Betfair.stream.board_worker	py_codice_Betfair	230	2	2	0	4	4	-	no	betfairlightweight	AUDIT_2026-09-30/app_tabellone/sonda_board_feed.py;AUDIT_2026-09-30/app_tabellone/sonda_board_flumine.py;AUDIT_2026-09-30/app_tabellone/sonda_board_intero.py;AUDIT_2026-09-30/app_tabellone/sonda_board_rest.py;Betfair/stream/runner.py;Betfair/stream/tennis_live/tennis_runner.py
Betfair/stream/canale_bot.py	Betfair.stream.canale_bot	py_codice_Betfair	426	16	13	0	0	2	-	no		Betfair/mike/db.py;Betfair/mike/tests/test_mike_canale_f3_2026_09_18.py;Betfair/omega/omega_db.py;Betfair/omega/tests/test_omega_canale_f3_2026_09_18.py;Betfair/safe_strategy/bot_db.py;Betfair/safe_strategy/canale_scan.py
Betfair/stream/client_paper_affiancato.py	Betfair.stream.client_paper_affiancato	py_codice_Betfair	53	2	0	0	0	0	-	no	flumine	Betfair/stream/runner.py;Betfair/stream/tennis_live/guardie_tennis.py
Betfair/stream/config_stream.py	Betfair.stream.config_stream	py_codice_Betfair	339	17	7	2	1	1	-	no	dotenv	AUDIT_2026-09-28/sonda_stream_runner.py;Betfair/mike/tools/synth_mike.py;Betfair/safe_strategy/execution.py;Betfair/safe_strategy/tests/test_certificazione_c3_2026_09_16.py;Betfair/stream/arresto_ordinato.py;Betfair/stream/auto_follow.py
Betfair/stream/curator.py	Betfair.stream.curator	py_codice_Betfair	186	2	3	1	1	0	-	no		AUDIT_2026-10-07/replay_tennis/curatore_calcio_prima_dopo.py;Betfair/stream/tennis_replay/convertitore.py;Betfair/stream/tennis_replay/tests/test_convertitore_2026_10_07.py;Betfair/stream/tests/test_curator.py;Betfair/stream/tests/test_curatore_stato_2026_10_07.py;Betfair/stream/uploader.py
Betfair/stream/daily_stop_worker.py	Betfair.stream.daily_stop_worker	py_codice_Betfair	508	1	1	0	0	6	-	no		Betfair/stream/runner.py;Betfair/stream/tests/test_daily_stop_worker.py
Betfair/stream/db.py	Betfair.stream.db	py_codice_Betfair	1189	21	37	2	0	4	-	no	postgrest	Betfair/mike/db.py;Betfair/mike/tests/test_mike_atlante_frame_dossier_2026_09_26.py;Betfair/omega/omega_service.py;Betfair/omega/test_omega_certificazione_2026_09_11.py;Betfair/omega/test_omega_giornata_gambe_2026_09_11.py;Betfair/omega/test_omega_greenup_2026_09_10.py
Betfair/stream/engine/__init__.py	Betfair.stream.engine	py_codice_Betfair	1	1	6	0	0	0	-	no		Betfair/omega/tests/test_o5_rossi_v3_2026_09_25.py;Betfair/stream/runner.py;Betfair/stream/tests/test_conto_ordini_canale_2026_09_30.py;Betfair/stream/tests/test_frammenti_mercato_2026_09_28.py;Betfair/stream/tests/test_motore_ordini_riavvio2_2026_09_26.py;Betfair/stream/tests/test_motore_probabilistico_2026_09_12.py
Betfair/stream/engine/live_engine.py	Betfair.stream.engine.live_engine	py_codice_Betfair	386	4	3	1	0	1	-	no		Betfair/omega/omega_engine.py;Betfair/omega/omega_model.py;Betfair/omega/tests/test_o5_rossi_v3_2026_09_25.py;Betfair/safe_strategy/opportunity.py;Betfair/stream/backtest/tools/misura_punto8/o5_rossi.py;Betfair/stream/engine/live_engine_pro.py
Betfair/stream/engine/live_engine_pro.py	Betfair.stream.engine.live_engine_pro	py_codice_Betfair	633	6	5	0	0	4	-	no		Betfair/mike/dossier.py;Betfair/omega/omega_service.py;Betfair/safe_strategy/opportunity.py;Betfair/safe_strategy/tests/test_atlante_collegato_2026_09_24.py;Betfair/safe_strategy/tests/test_atlante_note_livello_2026_09_25.py;Betfair/safe_strategy/tests/test_opportunity.py
Betfair/stream/engine/live_trading_strategy.py	Betfair.stream.engine.live_trading_strategy	py_codice_Betfair	424	5	15	1	1	5	-	no	flumine	AUDIT_2026-09-28/sonda_stream_runner.py;Betfair/mike/tests/test_mike_conto_dal_canale_2026_09_30.py;Betfair/omega/tests/test_esiti_ordini_canale_2026_09_23.py;Betfair/safe_strategy/tests/test_porta_ordini_f5_2026_09_24.py;Betfair/stream/backtest/porta_banco.py;Betfair/stream/backtest/trasporto.py
Betfair/stream/esiti_ordini_canale.py	Betfair.stream.esiti_ordini_canale	py_codice_Betfair	850	5	3	1	0	1	-	no	websockets	Betfair/mike/service.py;Betfair/mike/tests/test_mike_conto_dal_canale_2026_09_30.py;Betfair/mike/tools/replay_registrazioni.py;Betfair/omega/omega_service.py;Betfair/omega/tests/test_esiti_ordini_canale_2026_09_23.py;Betfair/safe_strategy/bot_service.py
Betfair/stream/flusso_prezzi.py	Betfair.stream.flusso_prezzi	py_codice_Betfair	345	7	8	0	1	0	-	no		AUDIT_2026-10-07/omega_apertura_35760084/strumenti/sonda_flusso.py;Betfair/mike/certificazione.py;Betfair/mike/feed.py;Betfair/mike/tests/test_mike_flusso_cantiere_j2_2026_09_28.py;Betfair/mike/tests/test_mike_flusso_testo_linea_2026_09_30.py;Betfair/mike/tests/test_mike_legge_canale_2026_09_23.py
Betfair/stream/frammenti_mercato.py	Betfair.stream.frammenti_mercato	py_codice_Betfair	665	1	4	0	0	5	-	no	flumine	Betfair/stream/runner.py;Betfair/stream/tests/test_frammenti_fine_evento_2026_09_28.py;Betfair/stream/tests/test_frammenti_mercato_2026_09_28.py;Betfair/stream/tests/test_frammenti_tcp_2026_09_28.py;Betfair/stream/tests/test_stream_muto_cablato_cantiere_j2_2026_09_28.py
Betfair/stream/ladder_canale.py	Betfair.stream.ladder_canale	py_codice_Betfair	169	3	2	0	0	0	-	no		Betfair/stream/config_stream.py;Betfair/stream/runner.py;Betfair/stream/tennis_live/tennis_runner.py;Betfair/stream/tests/test_ladder_canale_2026_09_23.py;Betfair/stream/tests/test_ladder_worker.py
Betfair/stream/limits.py	Betfair.stream.limits	py_codice_Betfair	74	1	0	0	0	0	-	no		Betfair/stream/runner.py
Betfair/stream/live_order_build.py	Betfair.stream.live_order_build	py_codice_Betfair	942	15	11	1	1	2	-	no	flumine	AUDIT_2026-10-02/sonda_calcoli_runner_minimi.py;Betfair/mike/engine.py;Betfair/omega/omega_market.py;Betfair/omega/omega_service.py;Betfair/omega/tests/test_riconciliazione_tradotti_omega_2026_10_02.py;Betfair/order_exec.py
Betfair/stream/live_order_worker.py	Betfair.stream.live_order_worker	py_codice_Betfair	3997	10	33	0	0	20	-	no		Betfair/safe_strategy/tests/test_riconciliazione_tradotti_safe_2026_10_02.py;Betfair/stream/backtest/trasporto_rapido.py;Betfair/stream/daily_stop_worker.py;Betfair/stream/motore_ordini.py;Betfair/stream/reconcile_worker.py;Betfair/stream/risk_engine_worker.py
Betfair/stream/local_channel.py	Betfair.stream.local_channel	py_codice_Betfair	767	21	24	0	0	0	-	no	websockets	Betfair/mike/service.py;Betfair/mike/tests/test_mike_canale_locale_2026_09_14.py;Betfair/mike/tests/test_mike_conto_dal_canale_2026_09_30.py;Betfair/omega/omega_service.py;Betfair/omega/tests/test_esiti_ordini_canale_2026_09_23.py;Betfair/safe_strategy/bot_service.py
Betfair/stream/modo_ordini.py	Betfair.stream.modo_ordini	py_codice_Betfair	406	8	19	3	1	3	-	no		AUDIT_2026-09-25/e2e_fase1/strumenti/sonda.py;Betfair/mike/tests/test_mike_aperture_ferme_d1quater_2026_09_29.py;Betfair/mike/tests/test_mike_p4_ordini_2026_09_29.py;Betfair/omega/conftest.py;Betfair/omega/tests/test_omega_soldi_veri_catena_2026_10_04.py;Betfair/safe_strategy/execution.py
Betfair/stream/motore_ordini.py	Betfair.stream.motore_ordini	py_codice_Betfair	2434	4	23	0	0	8	-	no		Betfair/mike/tests/runner_finto.py;Betfair/mike/tests/test_mike_d1bis_freno_coperture_runner_2026_09_28.py;Betfair/mike/tests/test_mike_d1ter_esito_ignoto_runner_2026_09_28.py;Betfair/omega/tests/test_omega_freno_non_consuma_tentativi_2026_09_26.py;Betfair/omega/tests/test_omega_soldi_veri_catena_2026_10_04.py;Betfair/omega/tests/test_porta_ordini_omega_f6_2026_09_24.py
Betfair/stream/net_retry.py	Betfair.stream.net_retry	py_codice_Betfair	108	4	1	0	0	0	-	no		Betfair/stream/db.py;Betfair/stream/live_order_worker.py;Betfair/stream/reconcile_worker.py;Betfair/stream/tennis_live/tennis_db.py;Betfair/stream/tests/test_net_retry.py
Betfair/stream/odds_http.py	Betfair.stream.odds_http	py_codice_Betfair	234	1	0	0	0	2	-	no		start_order_server.py
Betfair/stream/orologio.py	Betfair.stream.orologio	py_codice_Betfair	217	1	1	1	0	0	-	no		Betfair/safe_strategy/scanner.py;Betfair/safe_strategy/tests/test_canale_scanner_al_ms_2026_09_18.py;Betfair/safe_strategy/tools/sonda_canale_scan_2026_09_18.py
Betfair/stream/raw_listener.py	Betfair.stream.raw_listener	py_codice_Betfair	325	4	7	0	1	1	-	no	betfairlightweight,flumine	AUDIT_2026-09-28/sonda_stream_runner.py;Betfair/stream/frammenti_mercato.py;Betfair/stream/runner.py;Betfair/stream/tennis_scalper/run_tennis_pro.py;Betfair/stream/tennis_scalper/run_tennis_scalper.py;Betfair/stream/tests/test_punto6_battito_modo_ordini_2026_09_25.py
Betfair/stream/reconcile_worker.py	Betfair.stream.reconcile_worker	py_codice_Betfair	1355	3	9	0	0	8	-	no	betfairlightweight	Betfair/mike/regolato_conto.py;Betfair/mike/tests/test_mike_pnl_reale_del_conto_2026_09_30.py;Betfair/safe_strategy/execution.py;Betfair/stream/runner.py;Betfair/stream/tests/test_motore_ordini_riavvio2_2026_09_26.py;Betfair/stream/tests/test_pnl_betfair_reale_2026_09_24.py
Betfair/stream/recorder.py	Betfair.stream.recorder	py_codice_Betfair	249	4	7	0	1	0	-	no	betfairlightweight,flumine	AUDIT_2026-09-28/sonda_stream_runner.py;Betfair/stream/runner.py;Betfair/stream/tennis_live/tennis_runner.py;Betfair/stream/tennis_replay/convertitore.py;Betfair/stream/tennis_replay/tests/test_convertitore_2026_10_07.py;Betfair/stream/tennis_scalper/record_tennis.py
Betfair/stream/riserva_prezzi.py	Betfair.stream.riserva_prezzi	py_codice_Betfair	190	3	1	0	0	4	-	no		Betfair/stream/live_order_worker.py;Betfair/stream/risk_engine_worker.py;Betfair/stream/runner.py;Betfair/stream/tests/test_riserva_runner_cantiere_j2_2026_09_28.py
Betfair/stream/risk_engine_worker.py	Betfair.stream.risk_engine_worker	py_codice_Betfair	1237	1	3	0	0	8	-	no		Betfair/stream/runner.py;Betfair/stream/tests/test_audit_fixes_2026_07.py;Betfair/stream/tests/test_riserva_runner_cantiere_j2_2026_09_28.py;Betfair/stream/tests/test_risk_engine_worker.py
Betfair/stream/runner.py	Betfair.stream.runner	py_codice_Betfair	3171	0	32	0	0	40	32	si	betfairlightweight,flumine	Betfair/stream/tests/conftest.py;Betfair/stream/tests/test_annuncio_modo_2026_09_26.py;Betfair/stream/tests/test_arresto_ordinato_comportamento_2026_09_28.py;Betfair/stream/tests/test_auto_follow_2026_09_25.py;Betfair/stream/tests/test_build_order_client.py;Betfair/stream/tests/test_custode_sessione_runner_2026_09_26.py
Betfair/stream/runner_lifecycle.py	Betfair.stream.runner_lifecycle	py_codice_Betfair	291	6	5	0	0	0	-	no	httpx,postgrest,requests	Betfair/stream/frammenti_mercato.py;Betfair/stream/raw_listener.py;Betfair/stream/runner.py;Betfair/stream/tennis_live/tennis_recorder.py;Betfair/stream/tennis_live/tennis_runner.py;Betfair/stream/tests/test_raw_recmeta_stall.py
Betfair/stream/saldo_evento.py	Betfair.stream.saldo_evento	py_codice_Betfair	252	3	1	0	0	3	-	no	flumine	Betfair/omega/omega_market.py;Betfair/stream/reconcile_worker.py;Betfair/stream/tennis_live/tennis_runner.py;Betfair/stream/tests/test_saldo_evento_2026_09_23.py
Betfair/stream/scalper/__init__.py	Betfair.stream.scalper	py_codice_Betfair	34	10	42	1	11	1	-	no		AUDIT_2026-09-25/e2e_fase1/strumenti/sonda.py;AUDIT_2026-09-25/e2e_fase2/sonda_automode_armate.py;AUDIT_2026-09-25/sonde/confronto_lookup_head.py;AUDIT_2026-09-25/sonde/costo_forza_v4.py;AUDIT_2026-09-25/sonde/costo_v4_collegato.py;AUDIT_2026-09-25/sonde/esempi_note_forza.py
Betfair/stream/scalper/atlante_a_domanda.py	Betfair.stream.scalper.atlante_a_domanda	py_codice_Betfair	532	1	3	0	0	3	-	no		Betfair/stream/scalper/hazard_atlas_sync.py;Betfair/stream/tests/test_atlante_a_domanda_2026_09_25.py;Betfair/stream/tests/test_atlante_a_domanda_coda_scrittura_2026_09_26.py;Betfair/stream/tests/test_atlante_v4_collegato_2026_09_25.py
Betfair/stream/scalper/atlante_v4.py	Betfair.stream.scalper.atlante_v4	py_codice_Betfair	848	5	5	0	6	8	-	no	numpy	AUDIT_2026-09-25/e2e_fase2/sonda_feed_atlante_793_ricalcolo.py;AUDIT_2026-09-25/sonde/costo_forza_v4.py;AUDIT_2026-09-25/sonde/costo_v4_collegato.py;AUDIT_2026-09-25/sonde/esempi_note_forza.py;AUDIT_2026-09-25/sonde/esempi_note_v4.py;AUDIT_2026-09-25/validazione_hazard/sonde/costo_modulo.py
Betfair/stream/scalper/auto_mode.py	Betfair.stream.scalper.auto_mode	py_codice_Betfair	440	3	5	1	1	1	-	no		AUDIT_2026-09-25/e2e_fase2/sonda_automode_armate.py;Betfair/stream/scalper/media_under_bot.py;Betfair/stream/scalper/scalper_service.py;Betfair/stream/scalper/scalper_session.py;Betfair/stream/scalper/tools/replay_registrazioni.py;Betfair/stream/tests/test_banco_scalper_sniper_2026_09_28.py
Betfair/stream/scalper/bias_resolver.py	Betfair.stream.scalper.bias_resolver	py_codice_Betfair	229	1	2	2	0	0	-	no		Betfair/stream/backtest/tools/misura_punto8/test_misura_punto8.py;Betfair/stream/backtest/tools/misura_punto8/x1_bias.py;Betfair/stream/scalper/scalper_session.py;Betfair/stream/tests/test_bias_resolver.py;Betfair/stream/tests/test_scalper_audit_2026_07_09.py
Betfair/stream/scalper/certificazione.py	Betfair.stream.scalper.certificazione	py_codice_Betfair	2472	0	14	1	0	4	2	no	flumine	Betfair/stream/scalper/tools/replay_registrazioni.py;Betfair/stream/tests/test_banco_scalper_sniper_2026_09_28.py;Betfair/stream/tests/test_banco_uscite_dichiarate_n3_2026_09_28.py;Betfair/stream/tests/test_banco_uscite_manuali_n3_2026_09_28.py;Betfair/stream/tests/test_cantiere_s_bis_sniper_2026_09_29.py;Betfair/stream/tests/test_cantiere_s_scalper_ko_2026_09_29.py
Betfair/stream/scalper/genera_atlante.py	Betfair.stream.scalper.genera_atlante	py_codice_Betfair	1289	7	8	0	5	2	-	si		AUDIT_2026-09-25/sonde/costo_forza_v4.py;AUDIT_2026-09-25/sonde/costo_v4_collegato.py;AUDIT_2026-09-25/sonde/sonda_db_colonna_extra.py;AUDIT_2026-09-25/validazione_hazard/sonde/sonda5_filtri.py;AUDIT_2026-09-25/validazione_hazard/sonde/sonda6_minute_extra.py;Betfair/stream/scalper/atlante_a_domanda.py
Betfair/stream/scalper/habitat_scan.py	Betfair.stream.scalper.habitat_scan	py_codice_Betfair	196	1	0	0	0	1	-	si	betfairlightweight	Betfair/stream/scalper/scalper_service.py
Betfair/stream/scalper/hazard_atlas.py	Betfair.stream.scalper.hazard_atlas	py_codice_Betfair	425	9	7	0	2	0	-	no		AUDIT_2026-09-25/sonde/confronto_lookup_head.py;AUDIT_2026-09-25/sonde/esempi_note_v4.py;Betfair/mike/dossier.py;Betfair/omega/omega_advisor.py;Betfair/safe_strategy/opportunity.py;Betfair/safe_strategy/selezione.py
Betfair/stream/scalper/hazard_atlas_sync.py	Betfair.stream.scalper.hazard_atlas_sync	py_codice_Betfair	213	1	1	0	0	4	-	no		Betfair/safe_strategy/service.py;Betfair/stream/tests/test_genera_atlante_2026_09_24.py
Betfair/stream/scalper/media_under_bot.py	Betfair.stream.scalper.media_under_bot	py_codice_Betfair	2637	2	8	1	0	3	-	no	flumine	Betfair/stream/scalper/certificazione.py;Betfair/stream/scalper/scalper_session.py;Betfair/stream/scalper/tools/replay_registrazioni.py;Betfair/stream/tests/banco_media_under.py;Betfair/stream/tests/test_replay_scalper_attiva_adesso_2026_10_07.py;Betfair/stream/tests/test_scalper_media_under_2026_10_05.py
Betfair/stream/scalper/risk_semaphore.py	Betfair.stream.scalper.risk_semaphore	py_codice_Betfair	92	5	1	0	0	0	-	no		Betfair/stream/scalper/run_theta.py;Betfair/stream/scalper/scalper_bot.py;Betfair/stream/scalper/scalper_session.py;Betfair/stream/scalper/sniper_bot.py;Betfair/stream/scalper/theta_bot.py;Betfair/stream/tests/test_risk_semaphore_2026_07_11.py
Betfair/stream/scalper/run_scalper.py	Betfair.stream.scalper.run_scalper	py_codice_Betfair	152	0	1	0	0	4	5	no	flumine	Betfair/stream/tests/test_backtest_coverage_2026_07_17.py
Betfair/stream/scalper/run_scalper_live.py	Betfair.stream.scalper.run_scalper_live	py_codice_Betfair	292	0	2	0	0	3	2	si	betfairlightweight,flumine	Betfair/stream/tests/test_scalper_audit_2026_07_09.py;Betfair/stream/tests/test_scalper_live_cli_guardia_2026_09_24.py
Betfair/stream/scalper/run_theta.py	Betfair.stream.scalper.run_theta	py_codice_Betfair	289	0	1	0	0	5	2	si	flumine	Betfair/stream/tests/test_backtest_coverage_2026_07_17.py
Betfair/stream/scalper/scalper_bot.py	Betfair.stream.scalper.scalper_bot	py_codice_Betfair	3315	12	16	0	2	7	-	no	flumine	AUDIT_2026-10-07/conformita_calcio/strumenti/diag_scalper.py;AUDIT_2026-10-07/replay_scalper_chiusura_al_centesimo/diag_ordini.py;Betfair/mike/engine.py;Betfair/stream/scalper/__init__.py;Betfair/stream/scalper/certificazione.py;Betfair/stream/scalper/media_under_bot.py
Betfair/stream/scalper/scalper_service.py	Betfair.stream.scalper.scalper_service	py_codice_Betfair	982	0	11	1	1	12	8	si		AUDIT_2026-09-25/e2e_fase1/strumenti/sonda.py;Betfair/stream/scalper/tools/replay_registrazioni.py;Betfair/stream/tests/test_arresto_ordinato_comportamento_2026_09_28.py;Betfair/stream/tests/test_avvio_app_2026_09_16.py;Betfair/stream/tests/test_r3_freno_unico_2026_09_25.py;Betfair/stream/tests/test_resilienza_rete_fix_c_scalper_2026_09_26.py
Betfair/stream/scalper/scalper_session.py	Betfair.stream.scalper.scalper_session	py_codice_Betfair	2303	1	27	1	0	22	-	si	betfairlightweight,flumine	Betfair/stream/scalper/scalper_service.py;Betfair/stream/scalper/tools/replay_registrazioni.py;Betfair/stream/tests/banco_media_under.py;Betfair/stream/tests/test_banco_scalper_sniper_2026_09_28.py;Betfair/stream/tests/test_cantiere_s_bis_sniper_2026_09_29.py;Betfair/stream/tests/test_cantiere_s_scalper_ko_2026_09_29.py
Betfair/stream/scalper/sniper_bot.py	Betfair.stream.scalper.sniper_bot	py_codice_Betfair	1387	2	7	1	1	5	-	no	flumine	AUDIT_2026-10-07/conformita_calcio/strumenti/diag_scalper.py;Betfair/stream/scalper/scalper_session.py;Betfair/stream/scalper/theta_bot.py;Betfair/stream/scalper/tools/replay_registrazioni.py;Betfair/stream/tests/test_cantiere_s_bis_sniper_2026_09_29.py;Betfair/stream/tests/test_risk_semaphore_2026_07_11.py
Betfair/stream/scalper/theta_bot.py	Betfair.stream.scalper.theta_bot	py_codice_Betfair	1313	2	2	0	0	4	-	no	flumine	Betfair/stream/scalper/run_theta.py;Betfair/stream/scalper/scalper_session.py;Betfair/stream/tests/test_theta_bot_2026_07_15.py;Betfair/stream/tests/test_theta_cecchino_2026_07_16.py
Betfair/stream/scalper/tools/__init__.py	Betfair.stream.scalper.tools	py_strumenti	1	0	14	0	1	0	-	no		AUDIT_2026-10-07/conformita_calcio/strumenti/diag_scalper.py;Betfair/stream/tests/test_applica_bot_2026_10_06.py;Betfair/stream/tests/test_banco_scalper_sniper_2026_09_28.py;Betfair/stream/tests/test_banco_uscite_dichiarate_n3_2026_09_28.py;Betfair/stream/tests/test_banco_uscite_manuali_n3_2026_09_28.py;Betfair/stream/tests/test_cantiere_v_replay_veloce_2026_09_29.py
Betfair/stream/scalper/tools/atlas_report.py	Betfair.stream.scalper.tools.atlas_report	py_strumenti	96	0	0	0	0	0	-	no		
Betfair/stream/scalper/tools/atlas_v0.py	Betfair.stream.scalper.tools.atlas_v0	py_strumenti	275	0	0	0	0	1	-	si		
Betfair/stream/scalper/tools/mcm.py	Betfair.stream.scalper.tools.mcm	py_strumenti	180	0	0	1	0	0	-	no		Betfair/stream/scalper/tools/atlas_v0.py
Betfair/stream/scalper/tools/replay_registrazioni.py	Betfair.stream.scalper.tools.replay_registrazioni	py_strumenti	3803	0	14	0	1	22	-	no	betfairlightweight,flumine	AUDIT_2026-10-07/conformita_calcio/strumenti/diag_scalper.py;Betfair/stream/tests/test_applica_bot_2026_10_06.py;Betfair/stream/tests/test_banco_scalper_sniper_2026_09_28.py;Betfair/stream/tests/test_banco_uscite_dichiarate_n3_2026_09_28.py;Betfair/stream/tests/test_banco_uscite_manuali_n3_2026_09_28.py;Betfair/stream/tests/test_cantiere_v_replay_veloce_2026_09_29.py
Betfair/stream/scalper/validazione_hazard/__init__.py	Betfair.stream.scalper.validazione_hazard	py_codice_Betfair	11	3	4	0	6	0	-	no		AUDIT_2026-09-25/sonde/esempi_note_forza.py;AUDIT_2026-09-25/validazione_hazard/per_lega.py;AUDIT_2026-09-25/validazione_hazard/sonde/costo_modulo.py;AUDIT_2026-09-25/validazione_hazard/sonde/diagnosi_85_90.py;AUDIT_2026-09-25/validazione_hazard/sonde/diagnosi_extra_2025.py;AUDIT_2026-09-25/validazione_hazard/sonde/diagnosi_extra_2025b.py
Betfair/stream/scalper/validazione_hazard/banco.py	Betfair.stream.scalper.validazione_hazard.banco	py_codice_Betfair	695	1	0	0	5	12	-	si	lightgbm,numpy	AUDIT_2026-09-25/validazione_hazard/per_lega.py;AUDIT_2026-09-25/validazione_hazard/sonde/costo_modulo.py;AUDIT_2026-09-25/validazione_hazard/sonde/diagnosi_85_90.py;AUDIT_2026-09-25/validazione_hazard/sonde/diagnosi_extra_2025.py;AUDIT_2026-09-25/validazione_hazard/sonde/diagnosi_extra_2025b.py;Betfair/stream/scalper/validazione_hazard/taratura_b1.py
Betfair/stream/scalper/validazione_hazard/candidati.py	Betfair.stream.scalper.validazione_hazard.candidati	py_codice_Betfair	437	2	4	0	2	0	-	no	numpy,scipy	AUDIT_2026-09-25/sonde/esempi_note_forza.py;AUDIT_2026-09-25/validazione_hazard/sonde/diagnosi_85_90.py;Betfair/stream/scalper/atlante_v4.py;Betfair/stream/scalper/validazione_hazard/banco.py;Betfair/stream/tests/test_atlante_v4_2026_09_25.py;Betfair/stream/tests/test_atlante_v4_collegato_2026_09_25.py
Betfair/stream/scalper/validazione_hazard/dati.py	Betfair.stream.scalper.validazione_hazard.dati	py_codice_Betfair	240	4	4	0	3	1	-	no		AUDIT_2026-09-25/validazione_hazard/per_lega.py;AUDIT_2026-09-25/validazione_hazard/sonde/prova_parita.py;AUDIT_2026-09-25/validazione_hazard/sonde/prova_stati.py;Betfair/stream/scalper/atlante_v4.py;Betfair/stream/scalper/validazione_hazard/banco.py;Betfair/stream/scalper/validazione_hazard/forza.py
Betfair/stream/scalper/validazione_hazard/forza.py	Betfair.stream.scalper.validazione_hazard.forza	py_codice_Betfair	50	3	2	0	0	1	-	no		Betfair/stream/scalper/atlante_v4.py;Betfair/stream/scalper/validazione_hazard/banco.py;Betfair/stream/scalper/validazione_hazard/taratura_b1.py;Betfair/stream/tests/test_atlante_v4_forza_id_squadra_2026_09_25.py;Betfair/stream/tests/test_validazione_hazard_2026_09_25.py
Betfair/stream/scalper/validazione_hazard/metriche.py	Betfair.stream.scalper.validazione_hazard.metriche	py_codice_Betfair	132	2	1	0	1	0	-	no	numpy	AUDIT_2026-09-25/validazione_hazard/per_lega.py;Betfair/stream/scalper/validazione_hazard/banco.py;Betfair/stream/scalper/validazione_hazard/taratura_b1.py;Betfair/stream/tests/test_validazione_hazard_2026_09_25.py
Betfair/stream/scalper/validazione_hazard/modello_b1.py	Betfair.stream.scalper.validazione_hazard.modello_b1	py_codice_Betfair	105	2	0	0	0	0	-	no	lightgbm,numpy	Betfair/stream/scalper/validazione_hazard/banco.py;Betfair/stream/scalper/validazione_hazard/taratura_b1.py
Betfair/stream/scalper/validazione_hazard/parita.py	Betfair.stream.scalper.validazione_hazard.parita	py_codice_Betfair	57	0	0	0	1	1	0	no		AUDIT_2026-09-25/validazione_hazard/sonde/prova_parita.py
Betfair/stream/scalper/validazione_hazard/produzione.py	Betfair.stream.scalper.validazione_hazard.produzione	py_codice_Betfair	123	1	1	0	1	3	-	no	numpy	AUDIT_2026-09-25/validazione_hazard/sonde/prova_parita.py;Betfair/stream/scalper/validazione_hazard/banco.py;Betfair/stream/tests/test_validazione_hazard_2026_09_25.py
Betfair/stream/scalper/validazione_hazard/raccogli.py	Betfair.stream.scalper.validazione_hazard.raccogli	py_codice_Betfair	167	1	3	0	6	1	-	si		AUDIT_2026-09-25/sonde/sonda_db_colonna_extra.py;AUDIT_2026-09-25/validazione_hazard/sonde/esplora_cache.py;AUDIT_2026-09-25/validazione_hazard/sonde/prova_parita.py;AUDIT_2026-09-25/validazione_hazard/sonde/prova_stati.py;AUDIT_2026-09-25/validazione_hazard/sonde/sonda5_filtri.py;AUDIT_2026-09-25/validazione_hazard/sonde/sonda6_minute_extra.py
Betfair/stream/scalper/validazione_hazard/stati.py	Betfair.stream.scalper.validazione_hazard.stati	py_codice_Betfair	97	2	4	0	1	1	-	no	numpy	AUDIT_2026-09-25/validazione_hazard/sonde/prova_stati.py;Betfair/stream/scalper/atlante_v4.py;Betfair/stream/scalper/validazione_hazard/banco.py;Betfair/stream/tests/test_atlante_v4_2026_09_25.py;Betfair/stream/tests/test_atlante_v4_collegato_2026_09_25.py;Betfair/stream/tests/test_atlante_v4_forza_id_squadra_2026_09_25.py
Betfair/stream/scalper/validazione_hazard/taratura_b1.py	Betfair.stream.scalper.validazione_hazard.taratura_b1	py_codice_Betfair	66	0	0	0	0	5	0	si	numpy	
Betfair/stream/scores/__init__.py	Betfair.stream.scores	py_codice_Betfair	1	3	7	1	0	0	-	no		Betfair/mike/feed.py;Betfair/omega/omega_service.py;Betfair/omega/test_omega_respiro_db_2026_09_13.py;Betfair/omega/tests/test_omega_client_scan_condiviso_2026_09_24.py;Betfair/omega/tests/test_omega_legge_canale_2026_09_23.py;Betfair/omega/tests/test_omega_sveglia_posizioni_vive_2026_09_23.py
Betfair/stream/scores/api_football.py	Betfair.stream.scores.api_football	py_codice_Betfair	89	1	1	0	0	2	-	no		Betfair/stream/runner.py;Betfair/stream/tests/test_scores_parse.py
Betfair/stream/scores/base.py	Betfair.stream.scores.base	py_codice_Betfair	57	4	2	0	0	0	-	no		Betfair/stream/scores/api_football.py;Betfair/stream/scores/betfair_inplay.py;Betfair/stream/scores/poller.py;Betfair/stream/scores/scan_feed.py;Betfair/stream/tests/test_poller.py;Betfair/stream/tests/test_scan_feed_2026_09_09.py
Betfair/stream/scores/betfair_inplay.py	Betfair.stream.scores.betfair_inplay	py_codice_Betfair	198	6	2	0	1	1	-	no	betfairlightweight	AUDIT_2026-09-25/e2e_fase2_z0/semantica_A.py;Betfair/omega/omega_market.py;Betfair/omega/omega_service.py;Betfair/safe_strategy/service.py;Betfair/stream/runner.py;Betfair/stream/scores/scan_feed.py
Betfair/stream/scores/poller.py	Betfair.stream.scores.poller	py_codice_Betfair	104	1	1	0	0	1	-	no		Betfair/stream/runner.py;Betfair/stream/tests/test_poller.py
Betfair/stream/scores/scan_feed.py	Betfair.stream.scores.scan_feed	py_codice_Betfair	540	6	7	1	2	6	-	no		AUDIT_2026-09-30/app_tabellone/sonda_board_confronto.py;AUDIT_2026-09-30/app_tabellone/sonda_board_feed.py;Betfair/mike/feed.py;Betfair/omega/omega_service.py;Betfair/omega/test_omega_respiro_db_2026_09_13.py;Betfair/omega/tests/test_omega_client_scan_condiviso_2026_09_24.py
Betfair/stream/single_instance.py	Betfair.stream.single_instance	py_codice_Betfair	36	9	2	0	0	0	-	no		Betfair/mike/service.py;Betfair/mike/tests/test_mike_riga_assente_e_arresto_2026_10_02.py;Betfair/safe_strategy/bot_service.py;Betfair/safe_strategy/service.py;Betfair/stream/runner.py;Betfair/stream/scalper/run_scalper_live.py
Betfair/stream/sottoscrizione_a_caldo.py	Betfair.stream.sottoscrizione_a_caldo	py_codice_Betfair	113	3	4	0	0	0	-	no	betfairlightweight,flumine	Betfair/stream/auto_follow.py;Betfair/stream/frammenti_mercato.py;Betfair/stream/tennis_live/iscrizione_a_caldo.py;Betfair/stream/tests/test_frammenti_fine_evento_2026_09_28.py;Betfair/stream/tests/test_frammenti_mercato_2026_09_28.py;Betfair/stream/tests/test_frammenti_tcp_2026_09_28.py
Betfair/stream/stream_muto.py	Betfair.stream.stream_muto	py_codice_Betfair	292	3	3	1	0	1	-	no		Betfair/stream/runner.py;Betfair/stream/scalper/scalper_session.py;Betfair/stream/scalper/tools/replay_registrazioni.py;Betfair/stream/tennis_live/tennis_runner.py;Betfair/stream/tests/test_replay_scalper_attiva_adesso_2026_10_07.py;Betfair/stream/tests/test_stream_muto_cablato_cantiere_j2_2026_09_28.py
Betfair/stream/sveglia_canale.py	Betfair.stream.sveglia_canale	py_codice_Betfair	390	4	5	0	0	1	-	no	websockets	Betfair/mike/service.py;Betfair/omega/omega_service.py;Betfair/omega/tests/test_omega_legge_canale_2026_09_23.py;Betfair/omega/tests/test_omega_sveglia_posizioni_vive_2026_09_23.py;Betfair/stream/tennis_live/canale_bot_tennis.py;Betfair/stream/tennis_live/tennis_bot_service.py
Betfair/stream/tempi_ordine.py	Betfair.stream.tempi_ordine	py_codice_Betfair	455	4	1	0	0	0	-	no		Betfair/stream/engine/live_trading_strategy.py;Betfair/stream/live_order_worker.py;Betfair/stream/tennis_live/esecutore_tennis.py;Betfair/stream/tennis_live/tennis_live_order_worker.py;Betfair/stream/tests/test_tempi_ordine_f0_2026_09_25.py
Betfair/stream/tennis_live/__init__.py	Betfair.stream.tennis_live	py_codice_Betfair	12	8	50	1	2	0	-	no		AUDIT_2026-09-25/e2e_fase1/strumenti/sonda.py;AUDIT_2026-09-25/e2e_fase2/sonda_automode_armate.py;Betfair/stream/backtest/porta_banco.py;Betfair/stream/backtest/trasporto_rapido.py;Betfair/stream/tennis_live/chiusura_manuale.py;Betfair/stream/tennis_live/esecutore_tennis.py
Betfair/stream/tennis_live/auto_mode.py	Betfair.stream.tennis_live.auto_mode	py_codice_Betfair	270	3	3	0	1	0	-	no		AUDIT_2026-09-25/e2e_fase2/sonda_automode_armate.py;Betfair/stream/scalper/auto_mode.py;Betfair/stream/tennis_live/tennis_bot_service.py;Betfair/stream/tennis_live/tennis_runner.py;Betfair/stream/tennis_live/tests/test_cantiere_d2_minimo_e_specchio_2026_09_28.py;Betfair/stream/tennis_live/tests/test_tennis_auto_mode_2026_09_25.py
Betfair/stream/tennis_live/canale_bot_tennis.py	Betfair.stream.tennis_live.canale_bot_tennis	py_codice_Betfair	357	3	1	0	0	4	-	no	websockets	Betfair/stream/tennis_live/tennis_bot_service.py;Betfair/stream/tennis_live/tennis_db.py;Betfair/stream/tennis_live/tennis_runner.py;Betfair/stream/tennis_live/tests/test_tennis_bot_canale_posizioni_2026_09_24.py
Betfair/stream/tennis_live/certificazione_bot.py	Betfair.stream.tennis_live.certificazione_bot	py_codice_Betfair	1189	0	5	1	0	7	2	no	flumine	Betfair/stream/tennis_live/tests/test_cantiere_d2_chiusure_esatte_2026_09_28.py;Betfair/stream/tennis_live/tests/test_certificazione_pro_scalper_2026_10_04.py;Betfair/stream/tennis_live/tests/test_chiudi_ora_bot_tennis_2026_09_24.py;Betfair/stream/tennis_live/tests/test_falsificazione_bot_tennis_2026_09_17.py;Betfair/stream/tennis_live/tests/test_residui_ricordati_2026_10_04.py;Betfair/stream/tennis_live/tools/replay_bot.py
Betfair/stream/tennis_live/chiusura_manuale.py	Betfair.stream.tennis_live.chiusura_manuale	py_codice_Betfair	425	3	2	1	1	7	-	no		AUDIT_2026-09-25/e2e_fase2/sonda_automode_armate.py;Betfair/stream/tennis_live/tennis_bot_service.py;Betfair/stream/tennis_live/tennis_live_order_worker.py;Betfair/stream/tennis_live/tennis_runner.py;Betfair/stream/tennis_live/tests/test_chiudi_ora_bot_tennis_2026_09_24.py;Betfair/stream/tennis_live/tests/test_tennis_auto_mode_2026_09_25.py
Betfair/stream/tennis_live/esecutore_tennis.py	Betfair.stream.tennis_live.esecutore_tennis	py_codice_Betfair	618	3	5	0	0	9	-	no		Betfair/stream/backtest/porta_banco.py;Betfair/stream/backtest/trasporto_rapido.py;Betfair/stream/tennis_live/tennis_runner.py;Betfair/stream/tennis_live/tests/test_cantiere_d2_minimo_e_specchio_2026_09_28.py;Betfair/stream/tennis_live/tests/test_modo_effettivo_tennis_2026_10_04.py;Betfair/stream/tennis_live/tests/test_motore_ordini_tennis_2026_09_25.py
Betfair/stream/tennis_live/guardie_tennis.py	Betfair.stream.tennis_live.guardie_tennis	py_codice_Betfair	487	4	8	1	0	13	-	no	flumine	Betfair/stream/backtest/trasporto_rapido.py;Betfair/stream/tennis_live/certificazione_bot.py;Betfair/stream/tennis_live/tennis_live_order_worker.py;Betfair/stream/tennis_live/tennis_runner.py;Betfair/stream/tennis_live/tests/test_chiudi_ora_bot_tennis_2026_09_24.py;Betfair/stream/tennis_live/tests/test_modalita_e_guardie_tennis_2026_09_24.py
Betfair/stream/tennis_live/iscrizione_a_caldo.py	Betfair.stream.tennis_live.iscrizione_a_caldo	py_codice_Betfair	322	4	4	0	0	1	-	no	flumine	Betfair/stream/backtest/porta_banco.py;Betfair/stream/backtest/trasporto_rapido.py;Betfair/stream/tennis_live/esecutore_tennis.py;Betfair/stream/tennis_live/tennis_runner.py;Betfair/stream/tennis_live/tests/test_motore_ordini_tennis_2026_09_25.py;Betfair/stream/tennis_live/tests/test_rec_tutti_i_mercati_2026_10_07.py
Betfair/stream/tennis_live/mercati_registrati.py	Betfair.stream.tennis_live.mercati_registrati	py_codice_Betfair	95	2	1	0	0	0	-	no	betfairlightweight	Betfair/stream/tennis_live/tennis_recorder.py;Betfair/stream/tennis_live/tennis_runner.py;Betfair/stream/tennis_live/tests/test_rec_tutti_i_mercati_2026_10_07.py
Betfair/stream/tennis_live/paper_execution.py	Betfair.stream.tennis_live.paper_execution	py_codice_Betfair	113	2	1	0	0	0	-	no	flumine,requests	Betfair/stream/scalper/scalper_session.py;Betfair/stream/tennis_live/tennis_runner.py;Betfair/stream/tennis_live/tests/test_paper_execution_gap5.py
Betfair/stream/tennis_live/tennis_bot_service.py	Betfair.stream.tennis_live.tennis_bot_service	py_codice_Betfair	1183	2	20	0	1	14	-	si		AUDIT_2026-09-25/e2e_fase1/strumenti/sonda.py;Betfair/stream/tennis_live/guardie_tennis.py;Betfair/stream/tennis_live/tennis_runner.py;Betfair/stream/tennis_live/tests/test_cantiere_d2_minimo_e_specchio_2026_09_28.py;Betfair/stream/tennis_live/tests/test_chiudi_ora_bot_tennis_2026_09_24.py;Betfair/stream/tennis_live/tests/test_fine_evento_tennis_2026_09_28.py
Betfair/stream/tennis_live/tennis_db.py	Betfair.stream.tennis_live.tennis_db	py_codice_Betfair	869	6	9	0	1	7	-	no	supabase	AUDIT_2026-09-25/e2e_fase1/strumenti/sonda.py;Betfair/stream/tennis_live/chiusura_manuale.py;Betfair/stream/tennis_live/esecutore_tennis.py;Betfair/stream/tennis_live/guardie_tennis.py;Betfair/stream/tennis_live/tennis_bot_service.py;Betfair/stream/tennis_live/tennis_live_order_worker.py
Betfair/stream/tennis_live/tennis_live_order_worker.py	Betfair.stream.tennis_live.tennis_live_order_worker	py_codice_Betfair	1831	6	15	1	0	15	-	no	flumine	Betfair/stream/backtest/porta_banco.py;Betfair/stream/backtest/trasporto_rapido.py;Betfair/stream/tennis_live/chiusura_manuale.py;Betfair/stream/tennis_live/esecutore_tennis.py;Betfair/stream/tennis_live/guardie_tennis.py;Betfair/stream/tennis_live/tennis_runner.py
Betfair/stream/tennis_live/tennis_recorder.py	Betfair.stream.tennis_live.tennis_recorder	py_codice_Betfair	384	1	4	1	0	4	-	no	betfairlightweight,flumine	Betfair/stream/tennis_live/tennis_runner.py;Betfair/stream/tennis_live/tests/test_rec_tutti_i_mercati_2026_10_07.py;Betfair/stream/tennis_live/tests/test_tennis_recorder.py;Betfair/stream/tennis_live/tools/replay_bot.py;Betfair/stream/tennis_replay/tests/test_fine_partita_runner_2026_10_07.py;Betfair/stream/tests/test_stream_stallo_2026_09_26.py
Betfair/stream/tennis_live/tennis_runner.py	Betfair.stream.tennis_live.tennis_runner	py_codice_Betfair	3483	3	37	1	0	42	-	si	betfairlightweight,flumine	Betfair/stream/tennis_live/guardie_tennis.py;Betfair/stream/tennis_live/tennis_bot_service.py;Betfair/stream/tennis_live/tests/test_cantiere_d2_chiusure_esatte_2026_09_28.py;Betfair/stream/tennis_live/tests/test_cantiere_d2_minimo_e_specchio_2026_09_28.py;Betfair/stream/tennis_live/tests/test_chiudi_ora_bot_tennis_2026_09_24.py;Betfair/stream/tennis_live/tests/test_fine_evento_tennis_2026_09_28.py
Betfair/stream/tennis_live/tests/__init__.py	Betfair.stream.tennis_live.tests	py_test	0	0	1	0	0	0	-	no		Betfair/stream/tennis_live/tests/test_cantiere_d2_minimo_e_specchio_2026_09_28.py
Betfair/stream/tennis_live/tests/test_cantiere_d2_chiusure_esatte_2026_09_28.py	Betfair.stream.tennis_live.tests.test_cantiere_d2_chiusure_esatte_2026_09_28	py_test	380	0	7	0	0	9	-	no	betfairlightweight,flumine,pytest	Betfair/stream/tennis_live/tests/test_cantiere_d2_chiusure_via_bot_2026_09_28.py;Betfair/stream/tennis_live/tests/test_cantiere_t_scalper_sequenze_2026_09_28.py;Betfair/stream/tennis_live/tests/test_paper_live_separati_tennis_2026_10_04.py;Betfair/stream/tennis_live/tests/test_residui_flb_swing_2026_10_04.py;Betfair/stream/tennis_live/tests/test_residui_ricordati_2026_10_04.py;Betfair/stream/tennis_live/tests/test_scalper_tennis_cp4_parcheggio_2026_10_07.py
Betfair/stream/tennis_live/tests/test_cantiere_d2_chiusure_via_bot_2026_09_28.py	Betfair.stream.tennis_live.tests.test_cantiere_d2_chiusure_via_bot_2026_09_28	py_test	165	0	5	0	0	7	-	no	pytest	Betfair/stream/tennis_live/tests/test_cantiere_t_pro_residuo_2026_09_28.py;Betfair/stream/tennis_live/tests/test_cantiere_t_scalper_sequenze_2026_09_28.py;Betfair/stream/tennis_live/tests/test_residui_flb_swing_2026_10_04.py;Betfair/stream/tennis_live/tests/test_residui_ricordati_2026_10_04.py;Betfair/stream/tennis_live/tests/test_scalper_tennis_cp4_parcheggio_2026_10_07.py
Betfair/stream/tennis_live/tests/test_cantiere_d2_minimo_e_specchio_2026_09_28.py	Betfair.stream.tennis_live.tests.test_cantiere_d2_minimo_e_specchio_2026_09_28	py_test	353	0	0	0	0	15	-	no	betfairlightweight,pytest	
Betfair/stream/tennis_live/tests/test_cantiere_t_pro_residuo_2026_09_28.py	Betfair.stream.tennis_live.tests.test_cantiere_t_pro_residuo_2026_09_28	py_test	173	0	11	0	0	4	-	no	flumine,pytest	Betfair/stream/tennis_live/tests/test_cantiere_t_scalper_sequenze_2026_09_28.py;Betfair/stream/tennis_live/tests/test_residui_ricordati_2026_10_04.py;Betfair/stream/tennis_live/tests/test_scalper_tennis_cp4_parcheggio_2026_10_07.py;Betfair/stream/tests/test_cantiere_s_bis_sniper_2026_09_29.py;Betfair/stream/tests/test_cantiere_s_scalper_ko_2026_09_29.py;Betfair/stream/tests/test_scalper_media_under_2026_10_05.py
Betfair/stream/tennis_live/tests/test_cantiere_t_scalper_sequenze_2026_09_28.py	Betfair.stream.tennis_live.tests.test_cantiere_t_scalper_sequenze_2026_09_28	py_test	280	0	1	0	0	9	-	no	pytest	Betfair/stream/tennis_live/tests/test_residui_ricordati_2026_10_04.py
Betfair/stream/tennis_live/tests/test_certificazione_pro_scalper_2026_10_04.py	Betfair.stream.tennis_live.tests.test_certificazione_pro_scalper_2026_10_04	py_test	253	0	0	0	0	10	-	no	flumine,pytest	
Betfair/stream/tennis_live/tests/test_chiudi_ora_bot_tennis_2026_09_24.py	Betfair.stream.tennis_live.tests.test_chiudi_ora_bot_tennis_2026_09_24	py_test	808	0	0	0	0	17	-	no	betfairlightweight,flumine,pytest	
Betfair/stream/tennis_live/tests/test_falsificazione_bot_tennis_2026_09_17.py	Betfair.stream.tennis_live.tests.test_falsificazione_bot_tennis_2026_09_17	py_test	333	0	0	0	0	6	-	no	flumine,pytest	
Betfair/stream/tennis_live/tests/test_fine_evento_tennis_2026_09_28.py	Betfair.stream.tennis_live.tests.test_fine_evento_tennis_2026_09_28	py_test	411	0	0	0	0	10	-	no	pytest	
Betfair/stream/tennis_live/tests/test_ladder_modo_effettivo_tennis_2026_10_04.py	Betfair.stream.tennis_live.tests.test_ladder_modo_effettivo_tennis_2026_10_04	py_test	71	0	0	0	0	4	-	no	pytest	
Betfair/stream/tennis_live/tests/test_modalita_e_guardie_tennis_2026_09_24.py	Betfair.stream.tennis_live.tests.test_modalita_e_guardie_tennis_2026_09_24	py_test	834	0	2	0	0	12	-	no	betfairlightweight,flumine,pytest	Betfair/stream/tennis_live/tests/test_modo_effettivo_tennis_2026_10_04.py;Betfair/stream/tennis_live/tests/test_soldi_veri_bot_tennis_2026_10_04.py
Betfair/stream/tennis_live/tests/test_modo_effettivo_tennis_2026_10_04.py	Betfair.stream.tennis_live.tests.test_modo_effettivo_tennis_2026_10_04	py_test	378	0	0	0	0	10	-	no	flumine,pytest	
Betfair/stream/tennis_live/tests/test_motore_ordini_tennis_2026_09_25.py	Betfair.stream.tennis_live.tests.test_motore_ordini_tennis_2026_09_25	py_test	508	0	2	0	0	15	-	no	flumine,pytest	Betfair/stream/tennis_live/tests/test_cantiere_d2_minimo_e_specchio_2026_09_28.py;Betfair/stream/tennis_live/tests/test_soldi_veri_bot_tennis_2026_10_04.py
Betfair/stream/tennis_live/tests/test_paper_execution_gap5.py	Betfair.stream.tennis_live.tests.test_paper_execution_gap5	py_test	357	0	0	0	0	3	-	no	flumine,pytest	
Betfair/stream/tennis_live/tests/test_paper_live_separati_tennis_2026_10_04.py	Betfair.stream.tennis_live.tests.test_paper_live_separati_tennis_2026_10_04	py_test	224	0	1	0	0	7	-	no	betfairlightweight,flumine,pytest	Betfair/stream/tennis_live/tests/test_soldi_veri_bot_tennis_2026_10_04.py
Betfair/stream/tennis_live/tests/test_ponte_interruttori_2026_09_17.py	Betfair.stream.tennis_live.tests.test_ponte_interruttori_2026_09_17	py_test	244	0	0	0	0	2	-	no	pytest	
Betfair/stream/tennis_live/tests/test_pro_fade_dopo_break_2026_10_07.py	Betfair.stream.tennis_live.tests.test_pro_fade_dopo_break_2026_10_07	py_test	157	0	0	0	0	2	-	no	betfairlightweight	
Betfair/stream/tennis_live/tests/test_pro_nome_ips_troncato_2026_10_07.py	Betfair.stream.tennis_live.tests.test_pro_nome_ips_troncato_2026_10_07	py_test	32	0	0	0	0	1	-	no	betfairlightweight	
Betfair/stream/tennis_live/tests/test_pro_prezzo_vivo_2026_10_07.py	Betfair.stream.tennis_live.tests.test_pro_prezzo_vivo_2026_10_07	py_test	92	0	0	0	0	2	-	no	betfairlightweight	
Betfair/stream/tennis_live/tests/test_r2_tennis_paper_al_nuovo_avvio_2026_09_25.py	Betfair.stream.tennis_live.tests.test_r2_tennis_paper_al_nuovo_avvio_2026_09_25	py_test	278	0	1	0	0	3	-	no	pytest	Betfair/stream/tennis_live/tests/test_tennis_uscite_manuali_al_riavvio_2026_09_28.py
Betfair/stream/tennis_live/tests/test_rec_tutti_i_mercati_2026_10_07.py	Betfair.stream.tennis_live.tests.test_rec_tutti_i_mercati_2026_10_07	py_test	272	0	0	0	0	6	-	no	betfairlightweight,pytest	
Betfair/stream/tennis_live/tests/test_residui_flb_swing_2026_10_04.py	Betfair.stream.tennis_live.tests.test_residui_flb_swing_2026_10_04	py_test	90	0	0	0	0	5	-	no	pytest	
Betfair/stream/tennis_live/tests/test_residui_ricordati_2026_10_04.py	Betfair.stream.tennis_live.tests.test_residui_ricordati_2026_10_04	py_test	269	0	0	0	0	18	-	no	flumine,pytest	
Betfair/stream/tennis_live/tests/test_scalper_tennis_cp4_parcheggio_2026_10_07.py	Betfair.stream.tennis_live.tests.test_scalper_tennis_cp4_parcheggio_2026_10_07	py_test	199	0	0	0	0	11	-	no	flumine,pytest	
Betfair/stream/tennis_live/tests/test_set_summary_2026_09_26.py	Betfair.stream.tennis_live.tests.test_set_summary_2026_09_26	py_test	53	0	0	0	0	2	-	no		
Betfair/stream/tennis_live/tests/test_soldi_veri_bot_tennis_2026_10_04.py	Betfair.stream.tennis_live.tests.test_soldi_veri_bot_tennis_2026_10_04	py_test	193	0	0	0	0	10	-	no	betfairlightweight,pytest	
Betfair/stream/tennis_live/tests/test_specchio_pnl_ref_2026_09_17.py	Betfair.stream.tennis_live.tests.test_specchio_pnl_ref_2026_09_17	py_test	249	0	1	0	0	2	-	no	flumine,pytest	Betfair/stream/tennis_live/tests/test_cantiere_d2_minimo_e_specchio_2026_09_28.py
Betfair/stream/tennis_live/tests/test_tennis_audit_runner.py	Betfair.stream.tennis_live.tests.test_tennis_audit_runner	py_test	604	0	0	0	0	3	-	no	flumine,pytest	
Betfair/stream/tennis_live/tests/test_tennis_auto_mode_2026_09_25.py	Betfair.stream.tennis_live.tests.test_tennis_auto_mode_2026_09_25	py_test	910	0	2	0	0	6	-	no	betfairlightweight,pytest	Betfair/stream/tennis_live/tests/test_cantiere_d2_minimo_e_specchio_2026_09_28.py;Betfair/stream/tennis_live/tests/test_tennis_firme_e_proposte_2026_09_28.py
Betfair/stream/tennis_live/tests/test_tennis_bot_canale_f3_2026_09_18.py	Betfair.stream.tennis_live.tests.test_tennis_bot_canale_f3_2026_09_18	py_test	297	0	0	0	0	5	-	no	pytest	
Betfair/stream/tennis_live/tests/test_tennis_bot_canale_posizioni_2026_09_24.py	Betfair.stream.tennis_live.tests.test_tennis_bot_canale_posizioni_2026_09_24	py_test	524	0	0	0	0	8	-	no	pytest	
Betfair/stream/tennis_live/tests/test_tennis_bot_params.py	Betfair.stream.tennis_live.tests.test_tennis_bot_params	py_test	74	0	0	0	0	2	-	no	betfairlightweight	
Betfair/stream/tennis_live/tests/test_tennis_bot_service_lock.py	Betfair.stream.tennis_live.tests.test_tennis_bot_service_lock	py_test	86	0	0	0	0	5	-	no	pytest	
Betfair/stream/tennis_live/tests/test_tennis_cashout_amount_2026_09_10.py	Betfair.stream.tennis_live.tests.test_tennis_cashout_amount_2026_09_10	py_test	103	0	0	0	0	2	-	no	pytest	
Betfair/stream/tennis_live/tests/test_tennis_chiusura_2026_09_26.py	Betfair.stream.tennis_live.tests.test_tennis_chiusura_2026_09_26	py_test	542	0	1	0	0	4	-	no	betfairlightweight,flumine,pytest	Betfair/stream/tennis_live/tests/test_fine_evento_tennis_2026_09_28.py
Betfair/stream/tennis_live/tests/test_tennis_firme_e_proposte_2026_09_28.py	Betfair.stream.tennis_live.tests.test_tennis_firme_e_proposte_2026_09_28	py_test	70	0	0	0	0	6	-	no		
Betfair/stream/tennis_live/tests/test_tennis_hardening.py	Betfair.stream.tennis_live.tests.test_tennis_hardening	py_test	498	0	0	0	0	3	-	no	betfairlightweight,flumine,pytest	
Betfair/stream/tennis_live/tests/test_tennis_iscrizione_a_caldo_2026_09_25.py	Betfair.stream.tennis_live.tests.test_tennis_iscrizione_a_caldo_2026_09_25	py_test	732	0	13	0	0	4	-	no	betfairlightweight,flumine,pytest	Betfair/stream/tennis_live/tests/test_cantiere_d2_chiusure_esatte_2026_09_28.py;Betfair/stream/tennis_live/tests/test_cantiere_d2_chiusure_via_bot_2026_09_28.py;Betfair/stream/tennis_live/tests/test_cantiere_d2_minimo_e_specchio_2026_09_28.py;Betfair/stream/tennis_live/tests/test_cantiere_t_pro_residuo_2026_09_28.py;Betfair/stream/tennis_live/tests/test_cantiere_t_scalper_sequenze_2026_09_28.py;Betfair/stream/tennis_live/tests/test_motore_ordini_tennis_2026_09_25.py
Betfair/stream/tennis_live/tests/test_tennis_ladder.py	Betfair.stream.tennis_live.tests.test_tennis_ladder	py_test	93	0	0	0	0	1	-	no		
Betfair/stream/tennis_live/tests/test_tennis_mission_done.py	Betfair.stream.tennis_live.tests.test_tennis_mission_done	py_test	134	0	0	0	0	2	-	no		
Betfair/stream/tennis_live/tests/test_tennis_order_payload.py	Betfair.stream.tennis_live.tests.test_tennis_order_payload	py_test	196	0	0	0	0	1	-	no	pytest	
Betfair/stream/tennis_live/tests/test_tennis_pro_superficie_runner_2026_09_25.py	Betfair.stream.tennis_live.tests.test_tennis_pro_superficie_runner_2026_09_25	py_test	296	0	0	0	0	4	-	no	betfairlightweight,pytest	
Betfair/stream/tennis_live/tests/test_tennis_recorder.py	Betfair.stream.tennis_live.tests.test_tennis_recorder	py_test	259	0	0	0	0	3	-	no	pytest	
Betfair/stream/tennis_live/tests/test_tennis_score_state.py	Betfair.stream.tennis_live.tests.test_tennis_score_state	py_test	96	0	0	0	0	2	-	no		
Betfair/stream/tennis_live/tests/test_tennis_single_stream_2026_09_09.py	Betfair.stream.tennis_live.tests.test_tennis_single_stream_2026_09_09	py_test	92	0	0	0	0	2	-	no	betfairlightweight,flumine	
Betfair/stream/tennis_live/tests/test_tennis_uscite_manuali_al_riavvio_2026_09_28.py	Betfair.stream.tennis_live.tests.test_tennis_uscite_manuali_al_riavvio_2026_09_28	py_test	113	0	0	0	0	4	-	no		
Betfair/stream/tennis_live/tests/test_worker_minimi_tennis_2026_10_04.py	Betfair.stream.tennis_live.tests.test_worker_minimi_tennis_2026_10_04	py_test	123	0	0	0	0	4	-	no	flumine,pytest	
Betfair/stream/tennis_live/tools/__init__.py	Betfair.stream.tennis_live.tools	py_strumenti	0	0	7	0	3	0	-	no		AUDIT_2026-09-28/cantiere_n/sonda_uf2.py;AUDIT_2026-10-04/strumenti/misura_arrotondamenti_scalper_tennis.py;AUDIT_2026-10-07/replay_conformita_tennis_pro/sonda.py;Betfair/stream/tennis_live/tests/test_certificazione_pro_scalper_2026_10_04.py;Betfair/stream/tennis_live/tests/test_chiudi_ora_bot_tennis_2026_09_24.py;Betfair/stream/tennis_live/tests/test_residui_ricordati_2026_10_04.py
Betfair/stream/tennis_live/tools/replay_bot.py	Betfair.stream.tennis_live.tools.replay_bot	py_strumenti	1679	0	7	0	3	20	-	si	betfairlightweight,flumine	AUDIT_2026-09-28/cantiere_n/sonda_uf2.py;AUDIT_2026-10-04/strumenti/misura_arrotondamenti_scalper_tennis.py;AUDIT_2026-10-07/replay_conformita_tennis_pro/sonda.py;Betfair/stream/tennis_live/tests/test_certificazione_pro_scalper_2026_10_04.py;Betfair/stream/tennis_live/tests/test_chiudi_ora_bot_tennis_2026_09_24.py;Betfair/stream/tennis_live/tests/test_residui_ricordati_2026_10_04.py
Betfair/stream/tennis_replay/__init__.py	Betfair.stream.tennis_replay	py_codice_Betfair	11	0	3	0	0	0	8	no		Betfair/stream/tennis_replay/tests/test_caricamento_importa_2026_10_07.py;Betfair/stream/tennis_replay/tests/test_convertitore_2026_10_07.py;Betfair/stream/tennis_replay/tests/test_fine_partita_runner_2026_10_07.py
Betfair/stream/tennis_replay/caricamento.py	Betfair.stream.tennis_replay.caricamento	py_codice_Betfair	112	2	2	0	0	4	-	no		Betfair/stream/tennis_live/tennis_recorder.py;Betfair/stream/tennis_replay/importa.py;Betfair/stream/tennis_replay/tests/test_caricamento_importa_2026_10_07.py;Betfair/stream/tennis_replay/tests/test_fine_partita_runner_2026_10_07.py
Betfair/stream/tennis_replay/convertitore.py	Betfair.stream.tennis_replay.convertitore	py_codice_Betfair	523	3	2	0	3	5	-	no	betfairlightweight	AUDIT_2026-10-07/replay_tennis/curatore_calcio_prima_dopo.py;AUDIT_2026-10-07/replay_tennis/genera_fixture_frontend.py;AUDIT_2026-10-07/replay_tennis/verifica_migrazione_pg.py;Betfair/stream/tennis_live/tennis_recorder.py;Betfair/stream/tennis_replay/caricamento.py;Betfair/stream/tennis_replay/importa.py
Betfair/stream/tennis_replay/importa.py	Betfair.stream.tennis_replay.importa	py_codice_Betfair	165	1	1	0	0	3	-	si		Betfair/stream/backtest/applica_bot.py;Betfair/stream/tennis_replay/tests/test_caricamento_importa_2026_10_07.py
Betfair/stream/tennis_replay/tests/__init__.py	Betfair.stream.tennis_replay.tests	py_test	0	0	3	0	0	0	-	no		Betfair/stream/tennis_replay/tests/test_caricamento_importa_2026_10_07.py;Betfair/stream/tennis_replay/tests/test_convertitore_2026_10_07.py;Betfair/stream/tennis_replay/tests/test_fine_partita_runner_2026_10_07.py
Betfair/stream/tennis_replay/tests/dati_tennis.py	Betfair.stream.tennis_replay.tests.dati_tennis	py_test	123	0	3	0	2	0	-	no		AUDIT_2026-10-07/replay_tennis/genera_fixture_frontend.py;AUDIT_2026-10-07/replay_tennis/verifica_migrazione_pg.py;Betfair/stream/tennis_replay/tests/test_caricamento_importa_2026_10_07.py;Betfair/stream/tennis_replay/tests/test_convertitore_2026_10_07.py;Betfair/stream/tennis_replay/tests/test_fine_partita_runner_2026_10_07.py
Betfair/stream/tennis_replay/tests/test_caricamento_importa_2026_10_07.py	Betfair.stream.tennis_replay.tests.test_caricamento_importa_2026_10_07	py_test	227	0	0	0	0	8	-	no	pytest	
Betfair/stream/tennis_replay/tests/test_convertitore_2026_10_07.py	Betfair.stream.tennis_replay.tests.test_convertitore_2026_10_07	py_test	353	0	0	0	0	6	-	no	flumine,pytest	
Betfair/stream/tennis_replay/tests/test_fine_partita_runner_2026_10_07.py	Betfair.stream.tennis_replay.tests.test_fine_partita_runner_2026_10_07	py_test	150	0	0	0	0	6	-	no	pytest	
Betfair/stream/tennis_scalper/__init__.py	Betfair.stream.tennis_scalper	py_codice_Betfair	0	4	14	0	1	0	-	no		AUDIT_2026-10-04/strumenti/misura_arrotondamenti_scalper_tennis.py;Betfair/safe_strategy/tennis_opportunity.py;Betfair/safe_strategy/tests/test_tennis_opportunity.py;Betfair/stream/tennis_live/certificazione_bot.py;Betfair/stream/tennis_live/chiusura_manuale.py;Betfair/stream/tennis_live/tennis_runner.py
Betfair/stream/tennis_scalper/backtest_pro.py	Betfair.stream.tennis_scalper.backtest_pro	py_codice_Betfair	169	0	0	0	0	3	1	si	betfairlightweight,flumine	
Betfair/stream/tennis_scalper/condotta_ordini.py	Betfair.stream.tennis_scalper.condotta_ordini	py_codice_Betfair	867	7	9	0	0	4	-	no	flumine	Betfair/stream/tennis_live/certificazione_bot.py;Betfair/stream/tennis_live/chiusura_manuale.py;Betfair/stream/tennis_live/tennis_live_order_worker.py;Betfair/stream/tennis_live/tests/test_cantiere_d2_chiusure_esatte_2026_09_28.py;Betfair/stream/tennis_live/tests/test_cantiere_d2_chiusure_via_bot_2026_09_28.py;Betfair/stream/tennis_live/tests/test_cantiere_t_scalper_sequenze_2026_09_28.py
Betfair/stream/tennis_scalper/flb_backtest.py	Betfair.stream.tennis_scalper.flb_backtest	py_codice_Betfair	141	0	0	0	0	3	1	si	flumine	
Betfair/stream/tennis_scalper/record_multi.py	Betfair.stream.tennis_scalper.record_multi	py_codice_Betfair	333	0	0	0	0	2	1	si	betfairlightweight,flumine	
Betfair/stream/tennis_scalper/record_tennis.py	Betfair.stream.tennis_scalper.record_tennis	py_codice_Betfair	71	0	0	0	0	2	1	si	betfairlightweight,flumine	
Betfair/stream/tennis_scalper/research_data.py	Betfair.stream.tennis_scalper.research_data	py_codice_Betfair	130	0	0	0	0	1	1	no	betfairlightweight	
Betfair/stream/tennis_scalper/run_tennis_pro.py	Betfair.stream.tennis_scalper.run_tennis_pro	py_codice_Betfair	159	0	0	0	0	4	1	si	betfairlightweight,flumine	
Betfair/stream/tennis_scalper/run_tennis_scalper.py	Betfair.stream.tennis_scalper.run_tennis_scalper	py_codice_Betfair	329	1	0	0	0	4	-	si	betfairlightweight,flumine	Betfair/stream/tennis_live/tennis_runner.py
Betfair/stream/tennis_scalper/superficie.py	Betfair.stream.tennis_scalper.superficie	py_codice_Betfair	322	1	1	0	0	0	-	no		Betfair/stream/tennis_live/tennis_runner.py;Betfair/stream/tennis_scalper/tests/test_tennis_pro_superficie_2026_09_25.py
Betfair/stream/tennis_scalper/tennis_flb_bot.py	Betfair.stream.tennis_scalper.tennis_flb_bot	py_codice_Betfair	727	3	12	0	0	4	-	no	flumine	Betfair/stream/tennis_live/certificazione_bot.py;Betfair/stream/tennis_live/tennis_runner.py;Betfair/stream/tennis_live/tests/test_falsificazione_bot_tennis_2026_09_17.py;Betfair/stream/tennis_live/tests/test_modalita_e_guardie_tennis_2026_09_24.py;Betfair/stream/tennis_live/tests/test_residui_flb_swing_2026_10_04.py;Betfair/stream/tennis_scalper/flb_backtest.py
Betfair/stream/tennis_scalper/tennis_pro_bot.py	Betfair.stream.tennis_scalper.tennis_pro_bot	py_codice_Betfair	1317	3	17	0	0	5	-	no	flumine	Betfair/stream/tennis_live/tennis_runner.py;Betfair/stream/tennis_live/tests/test_cantiere_t_pro_residuo_2026_09_28.py;Betfair/stream/tennis_live/tests/test_chiudi_ora_bot_tennis_2026_09_24.py;Betfair/stream/tennis_live/tests/test_falsificazione_bot_tennis_2026_09_17.py;Betfair/stream/tennis_live/tests/test_pro_fade_dopo_break_2026_10_07.py;Betfair/stream/tennis_live/tests/test_pro_nome_ips_troncato_2026_10_07.py
Betfair/stream/tennis_scalper/tennis_scalper_bot.py	Betfair.stream.tennis_scalper.tennis_scalper_bot	py_codice_Betfair	2974	8	17	0	1	6	-	no	flumine	AUDIT_2026-10-04/strumenti/misura_arrotondamenti_scalper_tennis.py;Betfair/stream/tennis_live/certificazione_bot.py;Betfair/stream/tennis_live/tennis_runner.py;Betfair/stream/tennis_live/tests/test_cantiere_d2_chiusure_esatte_2026_09_28.py;Betfair/stream/tennis_live/tests/test_cantiere_d2_chiusure_via_bot_2026_09_28.py;Betfair/stream/tennis_live/tests/test_cantiere_t_scalper_sequenze_2026_09_28.py
Betfair/stream/tennis_scalper/tennis_score.py	Betfair.stream.tennis_scalper.tennis_score	py_codice_Betfair	265	11	10	1	0	0	-	no		Betfair/safe_strategy/service.py;Betfair/safe_strategy/tennis_opportunity.py;Betfair/stream/tennis_live/tennis_runner.py;Betfair/stream/tennis_live/tests/test_chiudi_ora_bot_tennis_2026_09_24.py;Betfair/stream/tennis_live/tests/test_pro_fade_dopo_break_2026_10_07.py;Betfair/stream/tennis_live/tests/test_pro_prezzo_vivo_2026_10_07.py
Betfair/stream/tennis_scalper/tennis_serve_data.py	Betfair.stream.tennis_scalper.tennis_serve_data	py_codice_Betfair	71	1	2	0	0	0	-	no		Betfair/safe_strategy/tennis_opportunity.py;Betfair/safe_strategy/tests/test_tennis_opportunity.py;Betfair/stream/tennis_scalper/tests/test_tennis_serve_data.py
Betfair/stream/tennis_scalper/tennis_swing_bot.py	Betfair.stream.tennis_scalper.tennis_swing_bot	py_codice_Betfair	810	3	9	0	0	4	-	no	flumine	Betfair/stream/tennis_live/tennis_runner.py;Betfair/stream/tennis_live/tests/test_falsificazione_bot_tennis_2026_09_17.py;Betfair/stream/tennis_scalper/flb_backtest.py;Betfair/stream/tennis_scalper/tests/test_cantiere_u_proposte_a_zero_2026_09_29.py;Betfair/stream/tennis_scalper/tests/test_reperti_money_critical_2026_09_17.py;Betfair/stream/tennis_scalper/tests/test_tennis_audit_fixes.py
Betfair/stream/tennis_scalper/tennis_winprob.py	Betfair.stream.tennis_scalper.tennis_winprob	py_codice_Betfair	97	4	1	0	0	0	-	si		Betfair/safe_strategy/bot_service.py;Betfair/safe_strategy/tennis_opportunity.py;Betfair/safe_strategy/tests/test_tennis_opportunity.py;Betfair/stream/tennis_live/tennis_runner.py;laboratorio/tennis_lab/tennis_lab_score.py
Betfair/stream/tennis_scalper/tests/__init__.py	Betfair.stream.tennis_scalper.tests	py_test	0	0	3	0	0	0	-	no		Betfair/stream/tennis_scalper/tests/test_cantiere_u_proposte_a_zero_2026_09_29.py;Betfair/stream/tennis_scalper/tests/test_uscite_manuali_bot_tennis_2026_09_25.py;Betfair/stream/tennis_scalper/tests/test_uscite_proposte_bot_tennis_2026_09_28.py
Betfair/stream/tennis_scalper/tests/test_cantiere_u_proposte_a_zero_2026_09_29.py	Betfair.stream.tennis_scalper.tests.test_cantiere_u_proposte_a_zero_2026_09_29	py_test	362	0	0	0	0	10	-	no	flumine,pytest	
Betfair/stream/tennis_scalper/tests/test_condotta_ordini_2026_09_17.py	Betfair.stream.tennis_scalper.tests.test_condotta_ordini_2026_09_17	py_test	273	0	0	0	0	2	-	no	flumine,pytest	
Betfair/stream/tennis_scalper/tests/test_reperti_money_critical_2026_09_17.py	Betfair.stream.tennis_scalper.tests.test_reperti_money_critical_2026_09_17	py_test	270	0	0	0	0	4	-	no	flumine,pytest	
Betfair/stream/tennis_scalper/tests/test_tennis_audit_fixes.py	Betfair.stream.tennis_scalper.tests.test_tennis_audit_fixes	py_test	513	0	0	0	0	4	-	no	betfairlightweight,flumine,pytest	
Betfair/stream/tennis_scalper/tests/test_tennis_config.py	Betfair.stream.tennis_scalper.tests.test_tennis_config	py_test	47	0	0	0	0	1	-	no	betfairlightweight,pytest	
Betfair/stream/tennis_scalper/tests/test_tennis_flb.py	Betfair.stream.tennis_scalper.tests.test_tennis_flb	py_test	135	0	0	0	0	1	-	no	betfairlightweight,pytest	
Betfair/stream/tennis_scalper/tests/test_tennis_flb_hybrid.py	Betfair.stream.tennis_scalper.tests.test_tennis_flb_hybrid	py_test	97	0	3	0	0	1	-	no	betfairlightweight	Betfair/stream/tennis_scalper/tests/test_cantiere_u_proposte_a_zero_2026_09_29.py;Betfair/stream/tennis_scalper/tests/test_uscite_manuali_bot_tennis_2026_09_25.py;Betfair/stream/tennis_scalper/tests/test_uscite_proposte_bot_tennis_2026_09_28.py
Betfair/stream/tennis_scalper/tests/test_tennis_greenup.py	Betfair.stream.tennis_scalper.tests.test_tennis_greenup	py_test	52	0	0	0	0	1	-	no	pytest	
Betfair/stream/tennis_scalper/tests/test_tennis_mission.py	Betfair.stream.tennis_scalper.tests.test_tennis_mission	py_test	237	0	0	0	0	1	-	no	betfairlightweight,flumine,pytest	
Betfair/stream/tennis_scalper/tests/test_tennis_pro.py	Betfair.stream.tennis_scalper.tests.test_tennis_pro	py_test	215	0	0	0	0	2	-	no	betfairlightweight,pytest	
Betfair/stream/tennis_scalper/tests/test_tennis_pro_staged.py	Betfair.stream.tennis_scalper.tests.test_tennis_pro_staged	py_test	137	0	3	0	0	1	-	no	betfairlightweight,flumine	Betfair/stream/tennis_scalper/tests/test_cantiere_u_proposte_a_zero_2026_09_29.py;Betfair/stream/tennis_scalper/tests/test_uscite_manuali_bot_tennis_2026_09_25.py;Betfair/stream/tennis_scalper/tests/test_uscite_proposte_bot_tennis_2026_09_28.py
Betfair/stream/tennis_scalper/tests/test_tennis_pro_superficie_2026_09_25.py	Betfair.stream.tennis_scalper.tests.test_tennis_pro_superficie_2026_09_25	py_test	190	0	0	0	0	4	-	no	betfairlightweight,pytest	
Betfair/stream/tennis_scalper/tests/test_tennis_score.py	Betfair.stream.tennis_scalper.tests.test_tennis_score	py_test	144	0	0	0	0	1	-	no		
Betfair/stream/tennis_scalper/tests/test_tennis_serve_data.py	Betfair.stream.tennis_scalper.tests.test_tennis_serve_data	py_test	25	0	0	0	0	2	-	no		
Betfair/stream/tennis_scalper/tests/test_tennis_swing.py	Betfair.stream.tennis_scalper.tests.test_tennis_swing	py_test	262	0	3	0	0	1	-	no	betfairlightweight	Betfair/stream/tennis_scalper/tests/test_cantiere_u_proposte_a_zero_2026_09_29.py;Betfair/stream/tennis_scalper/tests/test_uscite_manuali_bot_tennis_2026_09_25.py;Betfair/stream/tennis_scalper/tests/test_uscite_proposte_bot_tennis_2026_09_28.py
Betfair/stream/tennis_scalper/tests/test_tennis_timeouts.py	Betfair.stream.tennis_scalper.tests.test_tennis_timeouts	py_test	169	0	0	0	0	3	-	no	betfairlightweight	
Betfair/stream/tennis_scalper/tests/test_uscite_manuali_bot_tennis_2026_09_25.py	Betfair.stream.tennis_scalper.tests.test_uscite_manuali_bot_tennis_2026_09_25	py_test	197	0	0	0	0	8	-	no	pytest	
Betfair/stream/tennis_scalper/tests/test_uscite_proposte_bot_tennis_2026_09_28.py	Betfair.stream.tennis_scalper.tests.test_uscite_proposte_bot_tennis_2026_09_28	py_test	472	0	1	0	0	13	-	no	pytest	Betfair/stream/tests/test_firma_scaduta_ttl_n3_2026_09_28.py
Betfair/stream/tennis_scalper/tune_tennis.py	Betfair.stream.tennis_scalper.tune_tennis	py_codice_Betfair	161	0	0	0	0	2	1	si	flumine	
Betfair/stream/tests/__init__.py	Betfair.stream.tests	py_test	0	0	4	0	2	0	-	no		AUDIT_2026-09-25/sonde/esempi_note_forza.py;AUDIT_2026-09-25/sonde/esempi_note_v4.py;Betfair/stream/tests/test_cantiere_s3_critical_e_replacing_2026_09_29.py;Betfair/stream/tests/test_cantiere_s4_scratch_firmato_esatto_2026_09_29.py;Betfair/stream/tests/test_cashout_pro_2026_09_10.py;Betfair/stream/tests/test_scalper_residui_e_soldi_veri_2026_10_04.py
Betfair/stream/tests/banco_media_under.py	Betfair.stream.tests.banco_media_under	py_test	268	0	8	0	0	5	-	no	betfairlightweight,flumine	Betfair/stream/tests/test_replay_scalper_attiva_adesso_2026_10_07.py;Betfair/stream/tests/test_replay_scalper_db_isolato_2026_10_06.py;Betfair/stream/tests/test_scalper_media_under_2026_10_05.py;Betfair/stream/tests/test_scalper_media_under_attiva_adesso_2026_10_07.py;Betfair/stream/tests/test_scalper_media_under_banca_spostata_2026_10_07.py;Betfair/stream/tests/test_scalper_media_under_giro2_2026_10_05.py
Betfair/stream/tests/conftest.py	Betfair.stream.tests.conftest	py_test	106	0	0	0	0	2	-	no	pytest	
Betfair/stream/tests/test_annuncio_modo_2026_09_26.py	Betfair.stream.tests.test_annuncio_modo_2026_09_26	py_test	93	0	0	0	0	3	-	no	pytest	
Betfair/stream/tests/test_applica_bot_2026_10_06.py	Betfair.stream.tests.test_applica_bot_2026_10_06	py_test	118	0	0	0	0	5	-	no	pytest	
Betfair/stream/tests/test_applica_bot_cartelle_tennis_2026_10_08.py	Betfair.stream.tests.test_applica_bot_cartelle_tennis_2026_10_08	py_test	150	0	0	0	0	3	-	no	pytest	
Betfair/stream/tests/test_applica_bot_tutti_2026_10_07.py	Betfair.stream.tests.test_applica_bot_tutti_2026_10_07	py_test	557	0	0	0	0	16	-	no	flumine,pytest	
Betfair/stream/tests/test_arresto_ordinato_comportamento_2026_09_28.py	Betfair.stream.tests.test_arresto_ordinato_comportamento_2026_09_28	py_test	482	0	0	0	0	15	-	no	pytest	
Betfair/stream/tests/test_atlante_a_domanda_2026_09_25.py	Betfair.stream.tests.test_atlante_a_domanda_2026_09_25	py_test	562	0	3	0	0	4	-	no	pytest	Betfair/stream/tests/test_atlante_a_domanda_coda_scrittura_2026_09_26.py;Betfair/stream/tests/test_atlante_v4_collegato_2026_09_25.py;Betfair/stream/tests/test_atlante_v4_forza_id_squadra_2026_09_25.py
Betfair/stream/tests/test_atlante_a_domanda_coda_scrittura_2026_09_26.py	Betfair.stream.tests.test_atlante_a_domanda_coda_scrittura_2026_09_26	py_test	102	0	0	0	0	3	-	no		
Betfair/stream/tests/test_atlante_v4_2026_09_25.py	Betfair.stream.tests.test_atlante_v4_2026_09_25	py_test	209	0	0	0	0	8	-	no	numpy,pytest	
Betfair/stream/tests/test_atlante_v4_collegato_2026_09_25.py	Betfair.stream.tests.test_atlante_v4_collegato_2026_09_25	py_test	494	0	1	0	2	17	-	no	numpy,pytest	AUDIT_2026-09-25/sonde/costo_v4_collegato.py;AUDIT_2026-09-25/sonde/esempi_note_v4.py;Betfair/stream/tests/test_atlante_v4_forza_id_squadra_2026_09_25.py
Betfair/stream/tests/test_atlante_v4_forza_id_squadra_2026_09_25.py	Betfair.stream.tests.test_atlante_v4_forza_id_squadra_2026_09_25	py_test	655	0	0	0	2	23	-	no	numpy,pytest	AUDIT_2026-09-25/sonde/costo_forza_v4.py;AUDIT_2026-09-25/sonde/esempi_note_forza.py
Betfair/stream/tests/test_atlante_v4_stagione_rif_per_lega_2026_09_26.py	Betfair.stream.tests.test_atlante_v4_stagione_rif_per_lega_2026_09_26	py_test	71	0	0	0	0	3	-	no	pytest	
Betfair/stream/tests/test_audit_fixes_2026_07.py	Betfair.stream.tests.test_audit_fixes_2026_07	py_test	678	0	0	0	0	10	-	no	flumine,pytest	
Betfair/stream/tests/test_audit_non_silenzioso_2026_09_23.py	Betfair.stream.tests.test_audit_non_silenzioso_2026_09_23	py_test	87	0	0	0	0	2	-	no		
Betfair/stream/tests/test_auto_follow_2026_09_25.py	Betfair.stream.tests.test_auto_follow_2026_09_25	py_test	729	0	2	0	0	9	-	no	betfairlightweight,flumine,pytest	Betfair/stream/tests/test_runner_minimi_correzioni_2026_10_02.py;Betfair/stream/tests/test_segui_live_aggancio_a_caldo_2026_10_06.py
Betfair/stream/tests/test_avvio_app_2026_09_16.py	Betfair.stream.tests.test_avvio_app_2026_09_16	py_test	422	0	6	0	0	7	-	no	pytest	Betfair/mike/tests/test_mike_avvio_app_2026_09_16.py;Betfair/omega/test_omega_avvio_app_2026_09_16.py;Betfair/safe_strategy/tests/test_avvio_app_2026_09_16.py;Betfair/safe_strategy/tests/test_modalita_model_manual_2026_09_24.py;Betfair/stream/tests/test_punto6_b_stato_bot_e_battito_tennis_2026_09_25.py;Betfair/stream/tests/test_uscite_manuali_al_nuovo_avvio_2026_09_28.py
Betfair/stream/tests/test_backtest.py	Betfair.stream.tests.test_backtest	py_test	302	0	1	0	0	2	-	no	pytest	Betfair/stream/tests/test_auto_follow_2026_09_25.py
Betfair/stream/tests/test_backtest_coverage_2026_07_17.py	Betfair.stream.tests.test_backtest_coverage_2026_07_17	py_test	193	0	0	0	0	5	-	no	pytest	
Betfair/stream/tests/test_banco_ambiente_dichiarato_2026_10_02.py	Betfair.stream.tests.test_banco_ambiente_dichiarato_2026_10_02	py_test	214	0	0	0	0	9	-	no	dotenv,pytest	
Betfair/stream/tests/test_banco_annullo_confermato_2026_09_30.py	Betfair.stream.tests.test_banco_annullo_confermato_2026_09_30	py_test	292	0	0	0	0	10	-	no	flumine,pytest	
Betfair/stream/tests/test_banco_attraversa_2026_10_08.py	Betfair.stream.tests.test_banco_attraversa_2026_10_08	py_test	306	0	0	0	0	4	-	no	betfairlightweight,flumine,pytest	
Betfair/stream/tests/test_banco_comune_2026_09_16.py	Betfair.stream.tests.test_banco_comune_2026_09_16	py_test	1106	0	0	0	0	7	-	no	flumine,pytest	
Betfair/stream/tests/test_banco_flusso_interrotto_cantiere_j2_2026_09_28.py	Betfair.stream.tests.test_banco_flusso_interrotto_cantiere_j2_2026_09_28	py_test	113	0	0	0	0	4	-	no		
Betfair/stream/tests/test_banco_identita_2026_09_16.py	Betfair.stream.tests.test_banco_identita_2026_09_16	py_test	701	0	0	0	0	3	-	no	flumine,pytest	
Betfair/stream/tests/test_banco_mike_ondata2_2026_09_30.py	Betfair.stream.tests.test_banco_mike_ondata2_2026_09_30	py_test	246	0	0	0	0	11	-	no	betfairlightweight,flumine,pytest	
Betfair/stream/tests/test_banco_minimi_it_2026_10_02.py	Betfair.stream.tests.test_banco_minimi_it_2026_10_02	py_test	189	0	0	0	0	8	-	no	pytest	
Betfair/stream/tests/test_banco_prestazioni_2026_09_30.py	Betfair.stream.tests.test_banco_prestazioni_2026_09_30	py_test	274	0	0	0	0	6	-	no	betfairlightweight,flumine,pytest	
Betfair/stream/tests/test_banco_replay_veloce_2026_10_02.py	Betfair.stream.tests.test_banco_replay_veloce_2026_10_02	py_test	439	0	0	0	0	4	-	no	betfairlightweight,flumine,pytest	
Betfair/stream/tests/test_banco_rifiuto_sul_canale_2026_09_30.py	Betfair.stream.tests.test_banco_rifiuto_sul_canale_2026_09_30	py_test	294	0	0	0	0	6	-	no	flumine,pytest	
Betfair/stream/tests/test_banco_scalper_sniper_2026_09_28.py	Betfair.stream.tests.test_banco_scalper_sniper_2026_09_28	py_test	165	0	0	0	0	6	-	no	pytest	
Betfair/stream/tests/test_banco_uscite_dichiarate_n3_2026_09_28.py	Betfair.stream.tests.test_banco_uscite_dichiarate_n3_2026_09_28	py_test	164	0	0	0	0	8	-	no	flumine,pytest	
Betfair/stream/tests/test_banco_uscite_manuali_n3_2026_09_28.py	Betfair.stream.tests.test_banco_uscite_manuali_n3_2026_09_28	py_test	764	0	2	0	0	15	-	no	pytest	Betfair/stream/tests/test_cantiere_s3_uf2_attribuzione_2026_09_29.py;Betfair/stream/tests/test_cantiere_s4_uf2_altro_mercato_2026_09_29.py
Betfair/stream/tests/test_beta_forza_da_artefatto_2026_09_25.py	Betfair.stream.tests.test_beta_forza_da_artefatto_2026_09_25	py_test	76	0	0	0	0	2	-	no		
Betfair/stream/tests/test_bias_resolver.py	Betfair.stream.tests.test_bias_resolver	py_test	132	0	0	0	0	1	-	no	pytest	
Betfair/stream/tests/test_board_quote_flumine_2026_09_30.py	Betfair.stream.tests.test_board_quote_flumine_2026_09_30	py_test	130	0	0	0	0	2	-	no	betfairlightweight,flumine,pytest	
Betfair/stream/tests/test_build_order_client.py	Betfair.stream.tests.test_build_order_client	py_test	84	0	0	0	0	2	-	no	pytest	
Betfair/stream/tests/test_canale_bot_cancellazione_c6c_2026_09_23.py	Betfair.stream.tests.test_canale_bot_cancellazione_c6c_2026_09_23	py_test	129	0	0	0	0	2	-	no	pytest	
Betfair/stream/tests/test_canale_bot_f3_2026_09_18.py	Betfair.stream.tests.test_canale_bot_f3_2026_09_18	py_test	240	0	0	0	0	2	-	no	pytest	
Betfair/stream/tests/test_canale_origine_token_c1_2026_09_24.py	Betfair.stream.tests.test_canale_origine_token_c1_2026_09_24	py_test	213	0	0	0	0	2	-	no	pytest,websockets	
Betfair/stream/tests/test_cantiere_s3_critical_e_replacing_2026_09_29.py	Betfair.stream.tests.test_cantiere_s3_critical_e_replacing_2026_09_29	py_test	163	0	0	0	0	3	-	no		
Betfair/stream/tests/test_cantiere_s3_uf2_attribuzione_2026_09_29.py	Betfair.stream.tests.test_cantiere_s3_uf2_attribuzione_2026_09_29	py_test	196	0	1	0	0	5	-	no	pytest	Betfair/stream/tests/test_cantiere_s4_uf2_altro_mercato_2026_09_29.py
Betfair/stream/tests/test_cantiere_s4_scratch_firmato_esatto_2026_09_29.py	Betfair.stream.tests.test_cantiere_s4_scratch_firmato_esatto_2026_09_29	py_test	105	0	0	0	0	2	-	no		
Betfair/stream/tests/test_cantiere_s4_uf2_altro_mercato_2026_09_29.py	Betfair.stream.tests.test_cantiere_s4_uf2_altro_mercato_2026_09_29	py_test	51	0	0	0	0	6	-	no		
Betfair/stream/tests/test_cantiere_s_bis_sniper_2026_09_29.py	Betfair.stream.tests.test_cantiere_s_bis_sniper_2026_09_29	py_test	404	0	1	0	0	5	-	no	betfairlightweight,flumine,pytest	Betfair/stream/tests/test_cantiere_s3_critical_e_replacing_2026_09_29.py
Betfair/stream/tests/test_cantiere_s_scalper_ko_2026_09_29.py	Betfair.stream.tests.test_cantiere_s_scalper_ko_2026_09_29	py_test	660	0	3	0	0	5	-	no	betfairlightweight,flumine,pytest	Betfair/stream/tests/test_cantiere_s3_critical_e_replacing_2026_09_29.py;Betfair/stream/tests/test_cantiere_s4_scratch_firmato_esatto_2026_09_29.py;Betfair/stream/tests/test_scalper_residui_e_soldi_veri_2026_10_04.py
Betfair/stream/tests/test_cantiere_v2_replay_veloce_2026_09_29.py	Betfair.stream.tests.test_cantiere_v2_replay_veloce_2026_09_29	py_test	204	0	0	0	0	4	-	no	pytest	
Betfair/stream/tests/test_cantiere_v_replay_veloce_2026_09_29.py	Betfair.stream.tests.test_cantiere_v_replay_veloce_2026_09_29	py_test	382	0	0	0	0	5	-	no	pytest	
Betfair/stream/tests/test_cashout_complete_ft.py	Betfair.stream.tests.test_cashout_complete_ft	py_test	388	0	1	0	0	2	-	no	pytest	Betfair/stream/tests/test_cashout_pro_2026_09_10.py
Betfair/stream/tests/test_cashout_pro_2026_09_10.py	Betfair.stream.tests.test_cashout_pro_2026_09_10	py_test	942	0	3	0	0	7	-	no	flumine,pytest	Betfair/safe_strategy/tests/test_riconciliazione_tradotti_safe_2026_10_02.py;Betfair/stream/tests/test_minimi_punte_050_2026_10_04.py;Betfair/stream/tests/test_runner_minimi_correzioni_2026_10_02.py
Betfair/stream/tests/test_cert_banco_2026_09_16.py	Betfair.stream.tests.test_cert_banco_2026_09_16	py_test	111	0	0	0	0	3	-	no	pytest	
Betfair/stream/tests/test_certifica_esito_dichiarate_2026_09_17.py	Betfair.stream.tests.test_certifica_esito_dichiarate_2026_09_17	py_test	154	0	0	0	0	3	-	no		
Betfair/stream/tests/test_certifica_freni_ambiente_d1quater_2026_09_29.py	Betfair.stream.tests.test_certifica_freni_ambiente_d1quater_2026_09_29	py_test	80	0	0	0	0	5	-	no	pytest	
Betfair/stream/tests/test_certifica_freni_da_banco_2026_09_24.py	Betfair.stream.tests.test_certifica_freni_da_banco_2026_09_24	py_test	45	0	0	0	0	6	-	no		
Betfair/stream/tests/test_certifica_replay_esploso_2026_09_23.py	Betfair.stream.tests.test_certifica_replay_esploso_2026_09_23	py_test	111	0	0	0	0	5	-	no		
Betfair/stream/tests/test_chiusura_parziale_2026_09_23.py	Betfair.stream.tests.test_chiusura_parziale_2026_09_23	py_test	383	0	0	0	0	14	-	no	flumine,pytest	
Betfair/stream/tests/test_conto_ordini_canale_2026_09_30.py	Betfair.stream.tests.test_conto_ordini_canale_2026_09_30	py_test	325	0	0	0	0	7	-	si	betfairlightweight,flumine,pytest,websockets	
Betfair/stream/tests/test_contratto_strada_unica_2026_09_25.py	Betfair.stream.tests.test_contratto_strada_unica_2026_09_25	py_test	414	0	0	0	0	0	-	no	pytest	
Betfair/stream/tests/test_controls.py	Betfair.stream.tests.test_controls	py_test	288	0	0	0	0	2	-	no	flumine,pytest	
Betfair/stream/tests/test_coordinatore_cancello_uscite_2026_09_28.py	Betfair.stream.tests.test_coordinatore_cancello_uscite_2026_09_28	py_test	98	0	0	0	0	1	-	no		
Betfair/stream/tests/test_cp1_campi_non_scritti_2026_09_23.py	Betfair.stream.tests.test_cp1_campi_non_scritti_2026_09_23	py_test	145	0	0	0	0	2	-	no	pytest	
Betfair/stream/tests/test_curator.py	Betfair.stream.tests.test_curator	py_test	117	0	0	0	0	1	-	no		
Betfair/stream/tests/test_curatore_stato_2026_10_07.py	Betfair.stream.tests.test_curatore_stato_2026_10_07	py_test	76	0	0	0	0	1	-	no		
Betfair/stream/tests/test_custode_sessione_runner_2026_09_26.py	Betfair.stream.tests.test_custode_sessione_runner_2026_09_26	py_test	62	0	0	0	0	3	-	no		
Betfair/stream/tests/test_daily_pnl.py	Betfair.stream.tests.test_daily_pnl	py_test	197	0	0	0	0	1	-	no	pytest	
Betfair/stream/tests/test_daily_stop_worker.py	Betfair.stream.tests.test_daily_stop_worker	py_test	522	0	0	0	0	2	-	no	pytest	
Betfair/stream/tests/test_db_client_timeout_bot_2026_09_28.py	Betfair.stream.tests.test_db_client_timeout_bot_2026_09_28	py_test	79	0	0	0	0	1	-	no	httpx,pytest	
Betfair/stream/tests/test_db_delete_event_rows.py	Betfair.stream.tests.test_db_delete_event_rows	py_test	123	0	0	0	0	1	-	no	pytest	
Betfair/stream/tests/test_db_insert_resilient.py	Betfair.stream.tests.test_db_insert_resilient	py_test	104	0	0	0	0	1	-	no	pytest	
Betfair/stream/tests/test_db_live_ladder.py	Betfair.stream.tests.test_db_live_ladder	py_test	112	0	0	0	0	1	-	no	pytest	
Betfair/stream/tests/test_db_live_order.py	Betfair.stream.tests.test_db_live_order	py_test	146	0	0	0	0	1	-	no	pytest	
Betfair/stream/tests/test_db_upsert_live_account_manual_pnl.py	Betfair.stream.tests.test_db_upsert_live_account_manual_pnl	py_test	87	0	0	0	0	1	-	no	pytest	
Betfair/stream/tests/test_dutching.py	Betfair.stream.tests.test_dutching	py_test	78	0	0	0	0	2	-	no	pytest	
Betfair/stream/tests/test_event_exposure_control.py	Betfair.stream.tests.test_event_exposure_control	py_test	221	0	0	0	0	1	-	no	flumine,pytest	
Betfair/stream/tests/test_fine_evento_2026_09_28.py	Betfair.stream.tests.test_fine_evento_2026_09_28	py_test	742	0	1	0	0	9	-	no	betfairlightweight,flumine,pytest	Betfair/stream/tennis_live/tests/test_fine_evento_tennis_2026_09_28.py
Betfair/stream/tests/test_firma_scaduta_ttl_n3_2026_09_28.py	Betfair.stream.tests.test_firma_scaduta_ttl_n3_2026_09_28	py_test	175	0	0	0	0	9	-	no		
Betfair/stream/tests/test_flumine_paper_fidelity_2026_07_16.py	Betfair.stream.tests.test_flumine_paper_fidelity_2026_07_16	py_test	657	0	0	0	0	0	-	no	betfairlightweight,flumine,pytest	
Betfair/stream/tests/test_fok_ttl.py	Betfair.stream.tests.test_fok_ttl	py_test	144	0	0	0	0	1	-	no		
Betfair/stream/tests/test_frammenti_fine_evento_2026_09_28.py	Betfair.stream.tests.test_frammenti_fine_evento_2026_09_28	py_test	154	0	0	0	0	6	-	no	pytest	
Betfair/stream/tests/test_frammenti_mercato_2026_09_28.py	Betfair.stream.tests.test_frammenti_mercato_2026_09_28	py_test	981	0	2	0	0	9	-	no	betfairlightweight,flumine,pytest	Betfair/stream/tests/test_frammenti_fine_evento_2026_09_28.py;Betfair/stream/tests/test_frammenti_tcp_2026_09_28.py
Betfair/stream/tests/test_frammenti_tcp_2026_09_28.py	Betfair.stream.tests.test_frammenti_tcp_2026_09_28	py_test	335	0	0	0	0	4	-	no	betfairlightweight,cryptography,flumine,pytest	
Betfair/stream/tests/test_genera_atlante_2026_09_24.py	Betfair.stream.tests.test_genera_atlante_2026_09_24	py_test	356	0	2	0	2	8	-	no	pytest	AUDIT_2026-09-25/sonde/costo_forza_v4.py;AUDIT_2026-09-25/sonde/costo_v4_collegato.py;Betfair/stream/tests/test_atlante_v4_collegato_2026_09_25.py;Betfair/stream/tests/test_atlante_v4_forza_id_squadra_2026_09_25.py
Betfair/stream/tests/test_genera_atlante_scrittura_ritentativi_2026_09_28.py	Betfair.stream.tests.test_genera_atlante_scrittura_ritentativi_2026_09_28	py_test	430	0	0	0	0	2	-	no	pytest	
Betfair/stream/tests/test_greenup.py	Betfair.stream.tests.test_greenup	py_test	299	0	0	0	0	1	-	no	pytest	
Betfair/stream/tests/test_hedging.py	Betfair.stream.tests.test_hedging	py_test	50	0	0	0	0	2	-	no		
Betfair/stream/tests/test_ladder_canale_2026_09_23.py	Betfair.stream.tests.test_ladder_canale_2026_09_23	py_test	399	0	0	0	0	9	-	no	betfairlightweight,pytest	
Betfair/stream/tests/test_ladder_worker.py	Betfair.stream.tests.test_ladder_worker	py_test	241	0	0	0	0	3	-	no	pytest	
Betfair/stream/tests/test_live_engine.py	Betfair.stream.tests.test_live_engine	py_test	69	0	0	0	0	1	-	no		
Betfair/stream/tests/test_live_engine_pro.py	Betfair.stream.tests.test_live_engine_pro	py_test	239	0	0	0	0	2	-	no		
Betfair/stream/tests/test_live_journal.py	Betfair.stream.tests.test_live_journal	py_test	289	0	0	0	0	2	-	no	pytest	
Betfair/stream/tests/test_live_market_types_2026_09_25.py	Betfair.stream.tests.test_live_market_types_2026_09_25	py_test	68	0	0	0	0	5	-	no		
Betfair/stream/tests/test_live_order_build.py	Betfair.stream.tests.test_live_order_build	py_test	471	0	0	0	0	1	-	no	flumine,pytest	
Betfair/stream/tests/test_live_order_controls.py	Betfair.stream.tests.test_live_order_controls	py_test	135	0	0	0	0	2	-	no	pytest	
Betfair/stream/tests/test_live_order_dutch_cashout.py	Betfair.stream.tests.test_live_order_dutch_cashout	py_test	263	0	0	0	0	2	-	no	flumine,pytest	
Betfair/stream/tests/test_live_order_greenup.py	Betfair.stream.tests.test_live_order_greenup	py_test	424	0	0	0	0	1	-	no	flumine,pytest	
Betfair/stream/tests/test_live_order_queue_authz.py	Betfair.stream.tests.test_live_order_queue_authz	py_test	159	0	0	0	0	0	-	no	pytest	
Betfair/stream/tests/test_live_order_worker.py	Betfair.stream.tests.test_live_order_worker	py_test	1078	0	2	0	0	4	-	no	flumine,pytest	Betfair/stream/tests/test_audit_fixes_2026_07.py;Betfair/stream/tests/test_tempi_ordine_f0_2026_09_25.py
Betfair/stream/tests/test_live_orders_account_open_2026_09_30.py	Betfair.stream.tests.test_live_orders_account_open_2026_09_30	py_test	118	0	0	0	0	0	-	no	pytest	
Betfair/stream/tests/test_live_trading_strategy.py	Betfair.stream.tests.test_live_trading_strategy	py_test	461	0	0	0	0	1	-	no	pytest	
Betfair/stream/tests/test_local_channel.py	Betfair.stream.tests.test_local_channel	py_test	322	0	0	0	0	3	-	no	pytest,websockets	
Betfair/stream/tests/test_minimi_banco_2026_10_02.py	Betfair.stream.tests.test_minimi_banco_2026_10_02	py_test	145	0	0	0	0	2	-	no	flumine,pytest	
Betfair/stream/tests/test_minimi_punte_050_2026_10_04.py	Betfair.stream.tests.test_minimi_punte_050_2026_10_04	py_test	281	0	0	0	0	12	-	no	flumine,pytest	
Betfair/stream/tests/test_modo_ordini_ui_2026_09_24.py	Betfair.stream.tests.test_modo_ordini_ui_2026_09_24	py_test	400	0	0	0	0	7	-	no	pytest	
Betfair/stream/tests/test_motore_ordini_2026_09_24.py	Betfair.stream.tests.test_motore_ordini_2026_09_24	py_test	1458	0	12	0	0	9	-	no	flumine,pytest	Betfair/stream/tests/test_auto_follow_2026_09_25.py;Betfair/stream/tests/test_minimi_punte_050_2026_10_04.py;Betfair/stream/tests/test_motore_ordini_mercato_due_esiti_2026_09_29.py;Betfair/stream/tests/test_motore_ordini_riavvio2_2026_09_26.py;Betfair/stream/tests/test_motore_ritiro_pendente_d1ter_2026_09_28.py;Betfair/stream/tests/test_motore_submin_fok_caso_b_d1ter_2026_09_28.py
Betfair/stream/tests/test_motore_ordini_mercato_due_esiti_2026_09_29.py	Betfair.stream.tests.test_motore_ordini_mercato_due_esiti_2026_09_29	py_test	95	0	0	0	0	3	-	no	betfairlightweight,pytest	
Betfair/stream/tests/test_motore_ordini_riavvio2_2026_09_26.py	Betfair.stream.tests.test_motore_ordini_riavvio2_2026_09_26	py_test	463	0	0	0	0	10	-	no	pytest	
Betfair/stream/tests/test_motore_probabilistico_2026_09_12.py	Betfair.stream.tests.test_motore_probabilistico_2026_09_12	py_test	407	0	0	0	0	5	-	no	pytest	
Betfair/stream/tests/test_motore_ritiro_pendente_d1ter_2026_09_28.py	Betfair.stream.tests.test_motore_ritiro_pendente_d1ter_2026_09_28	py_test	115	0	0	0	0	1	-	no	flumine,pytest	
Betfair/stream/tests/test_motore_submin_fok_caso_b_d1ter_2026_09_28.py	Betfair.stream.tests.test_motore_submin_fok_caso_b_d1ter_2026_09_28	py_test	134	0	0	0	0	1	-	no	flumine	
Betfair/stream/tests/test_net_retry.py	Betfair.stream.tests.test_net_retry	py_test	205	0	0	0	0	2	-	no	pytest	
Betfair/stream/tests/test_paper_live_stesso_processo_2026_09_16.py	Betfair.stream.tests.test_paper_live_stesso_processo_2026_09_16	py_test	421	0	1	0	0	3	-	no	flumine,pytest	Betfair/stream/tests/test_modo_ordini_ui_2026_09_24.py
Betfair/stream/tests/test_pnl_betfair_reale_2026_09_24.py	Betfair.stream.tests.test_pnl_betfair_reale_2026_09_24	py_test	321	0	1	0	0	3	-	no	pytest	Betfair/stream/tests/test_pnl_unico_conto_2026_10_04.py
Betfair/stream/tests/test_pnl_unico_conto_2026_10_04.py	Betfair.stream.tests.test_pnl_unico_conto_2026_10_04	py_test	225	0	0	0	0	3	-	no	pytest	
Betfair/stream/tests/test_poller.py	Betfair.stream.tests.test_poller	py_test	126	0	0	0	0	2	-	no		
Betfair/stream/tests/test_porta_banco_f4_2026_09_24.py	Betfair.stream.tests.test_porta_banco_f4_2026_09_24	py_test	118	0	0	0	0	8	-	no	flumine,pytest	
Betfair/stream/tests/test_proposta_sempre_coi_numeri_2026_09_29.py	Betfair.stream.tests.test_proposta_sempre_coi_numeri_2026_09_29	py_test	169	0	0	0	0	8	-	no	pytest	
Betfair/stream/tests/test_proposte_modello_2026_09_23.py	Betfair.stream.tests.test_proposte_modello_2026_09_23	py_test	627	0	0	0	0	12	-	no	pytest	
Betfair/stream/tests/test_punteggi_canale_2026_09_23.py	Betfair.stream.tests.test_punteggi_canale_2026_09_23	py_test	569	0	0	0	0	7	-	no	betfairlightweight,pytest	
Betfair/stream/tests/test_punto6_b_stato_bot_e_battito_tennis_2026_09_25.py	Betfair.stream.tests.test_punto6_b_stato_bot_e_battito_tennis_2026_09_25	py_test	214	0	0	0	0	13	-	no	pytest	
Betfair/stream/tests/test_punto6_battito_modo_ordini_2026_09_25.py	Betfair.stream.tests.test_punto6_battito_modo_ordini_2026_09_25	py_test	278	0	0	0	0	8	-	no	pytest	
Betfair/stream/tests/test_r3_freno_unico_2026_09_25.py	Betfair.stream.tests.test_r3_freno_unico_2026_09_25	py_test	556	0	0	0	0	24	-	no	pytest	
Betfair/stream/tests/test_raw_recmeta_stall.py	Betfair.stream.tests.test_raw_recmeta_stall	py_test	179	0	0	0	0	4	-	no		
Betfair/stream/tests/test_reconcile_worker.py	Betfair.stream.tests.test_reconcile_worker	py_test	1340	0	2	0	0	3	-	no	betfairlightweight,pytest	Betfair/stream/tests/test_pnl_betfair_reale_2026_09_24.py;Betfair/stream/tests/test_pnl_unico_conto_2026_10_04.py
Betfair/stream/tests/test_record_optin_2026_07_17.py	Betfair.stream.tests.test_record_optin_2026_07_17	py_test	424	0	0	0	0	6	-	no		
Betfair/stream/tests/test_recorder_serialize.py	Betfair.stream.tests.test_recorder_serialize	py_test	85	0	0	0	0	1	-	no		
Betfair/stream/tests/test_registro_bot_2026_09_16.py	Betfair.stream.tests.test_registro_bot_2026_09_16	py_test	187	0	0	0	0	5	-	no	pytest	
Betfair/stream/tests/test_registro_impronta_2026_09_30.py	Betfair.stream.tests.test_registro_impronta_2026_09_30	py_test	160	0	0	0	0	3	-	no	pytest	
Betfair/stream/tests/test_replay_professionale_2026_10_07.py	Betfair.stream.tests.test_replay_professionale_2026_10_07	py_test	174	0	0	0	0	3	-	no	flumine,pytest	
Betfair/stream/tests/test_replay_scalper_attiva_adesso_2026_10_07.py	Betfair.stream.tests.test_replay_scalper_attiva_adesso_2026_10_07	py_test	326	0	0	0	0	13	-	no	flumine,pytest	
Betfair/stream/tests/test_replay_scalper_db_isolato_2026_10_06.py	Betfair.stream.tests.test_replay_scalper_db_isolato_2026_10_06	py_test	132	0	0	0	0	8	-	no	pytest	
Betfair/stream/tests/test_resilienza_rete_fix_c_scalper_2026_09_26.py	Betfair.stream.tests.test_resilienza_rete_fix_c_scalper_2026_09_26	py_test	148	0	0	0	0	3	-	no	betfairlightweight,requests	
Betfair/stream/tests/test_resume_db_helpers.py	Betfair.stream.tests.test_resume_db_helpers	py_test	107	0	0	0	0	1	-	no	pytest	
Betfair/stream/tests/test_rete_gateway_html_2026_10_01.py	Betfair.stream.tests.test_rete_gateway_html_2026_10_01	py_test	106	0	0	0	0	2	-	no	httpx,postgrest,pydantic,pytest	
Betfair/stream/tests/test_review_finale_2026_07_17.py	Betfair.stream.tests.test_review_finale_2026_07_17	py_test	272	0	0	0	0	7	-	no	betfairlightweight	
Betfair/stream/tests/test_riconciliazione_tradotti_2026_10_02.py	Betfair.stream.tests.test_riconciliazione_tradotti_2026_10_02	py_test	203	0	0	0	0	14	-	no	pytest	
Betfair/stream/tests/test_riserva_runner_cantiere_j2_2026_09_28.py	Betfair.stream.tests.test_riserva_runner_cantiere_j2_2026_09_28	py_test	311	0	0	0	0	6	-	no	pytest	
Betfair/stream/tests/test_risk_engine.py	Betfair.stream.tests.test_risk_engine	py_test	416	0	0	0	0	2	-	no	pytest	
Betfair/stream/tests/test_risk_engine_worker.py	Betfair.stream.tests.test_risk_engine_worker	py_test	890	0	0	0	0	1	-	no	pytest	
Betfair/stream/tests/test_risk_semaphore_2026_07_11.py	Betfair.stream.tests.test_risk_semaphore_2026_07_11	py_test	80	0	0	0	0	2	-	no		
Betfair/stream/tests/test_runner_guardia_canale_locale_2026_09_23.py	Betfair.stream.tests.test_runner_guardia_canale_locale_2026_09_23	py_test	158	0	0	0	0	5	-	no	pytest	
Betfair/stream/tests/test_runner_lifecycle.py	Betfair.stream.tests.test_runner_lifecycle	py_test	176	0	0	0	0	3	-	no	pytest	
Betfair/stream/tests/test_runner_live_strategy.py	Betfair.stream.tests.test_runner_live_strategy	py_test	115	0	0	0	0	3	-	no	betfairlightweight,flumine,pytest	
Betfair/stream/tests/test_runner_minimi_chiusure_2026_10_01.py	Betfair.stream.tests.test_runner_minimi_chiusure_2026_10_01	py_test	470	0	0	0	0	12	-	no	flumine,pytest	
Betfair/stream/tests/test_runner_minimi_correzioni_2026_10_02.py	Betfair.stream.tests.test_runner_minimi_correzioni_2026_10_02	py_test	602	0	1	0	0	17	-	no	pytest	Betfair/stream/tests/test_riconciliazione_tradotti_2026_10_02.py
Betfair/stream/tests/test_runner_modo_e_guardia_2026_09_23.py	Betfair.stream.tests.test_runner_modo_e_guardia_2026_09_23	py_test	166	0	0	0	0	3	-	no	pytest	
Betfair/stream/tests/test_saldo_evento_2026_09_23.py	Betfair.stream.tests.test_saldo_evento_2026_09_23	py_test	362	0	0	0	0	8	-	no	betfairlightweight,flumine,pytest	
Betfair/stream/tests/test_scalper_arresto_ordinato_2026_10_02.py	Betfair.stream.tests.test_scalper_arresto_ordinato_2026_10_02	py_test	413	0	0	0	0	3	-	no	flumine,pytest	
Betfair/stream/tests/test_scalper_audit_2026_07_09.py	Betfair.stream.tests.test_scalper_audit_2026_07_09	py_test	217	0	0	0	0	4	-	no	pytest	
Betfair/stream/tests/test_scalper_auto_mode_2026_09_25.py	Betfair.stream.tests.test_scalper_auto_mode_2026_09_25	py_test	921	0	2	0	0	11	-	no	pytest	Betfair/stream/tests/test_scalper_freno_origine_2026_09_26.py;Betfair/stream/tests/test_scalper_uscite_manuali_al_riavvio_2026_09_28.py
Betfair/stream/tests/test_scalper_bot.py	Betfair.stream.tests.test_scalper_bot	py_test	249	0	0	0	0	1	-	no	pytest	
Betfair/stream/tests/test_scalper_certificazione_2026_09_24.py	Betfair.stream.tests.test_scalper_certificazione_2026_09_24	py_test	805	0	0	0	0	12	-	no	flumine,pytest	
Betfair/stream/tests/test_scalper_chiusura_al_centesimo_2026_10_07.py	Betfair.stream.tests.test_scalper_chiusura_al_centesimo_2026_10_07	py_test	222	0	0	0	0	4	-	no	flumine,pytest	
Betfair/stream/tests/test_scalper_control_room_2026_09_24.py	Betfair.stream.tests.test_scalper_control_room_2026_09_24	py_test	204	0	0	0	0	2	-	no	pytest	
Betfair/stream/tests/test_scalper_freno_origine_2026_09_26.py	Betfair.stream.tests.test_scalper_freno_origine_2026_09_26	py_test	244	0	0	0	0	7	-	no	pytest	
Betfair/stream/tests/test_scalper_live_cli_guardia_2026_09_24.py	Betfair.stream.tests.test_scalper_live_cli_guardia_2026_09_24	py_test	117	0	0	0	0	4	-	no	pytest	
Betfair/stream/tests/test_scalper_media_under_2026_10_05.py	Betfair.stream.tests.test_scalper_media_under_2026_10_05	py_test	904	0	1	0	0	14	-	no	flumine,pytest	Betfair/stream/tests/test_replay_scalper_attiva_adesso_2026_10_07.py
Betfair/stream/tests/test_scalper_media_under_attiva_adesso_2026_10_07.py	Betfair.stream.tests.test_scalper_media_under_attiva_adesso_2026_10_07	py_test	543	0	0	0	0	7	-	no	pytest	
Betfair/stream/tests/test_scalper_media_under_banca_spostata_2026_10_07.py	Betfair.stream.tests.test_scalper_media_under_banca_spostata_2026_10_07	py_test	725	0	0	0	0	10	-	no	flumine,pytest	
Betfair/stream/tests/test_scalper_media_under_giro2_2026_10_05.py	Betfair.stream.tests.test_scalper_media_under_giro2_2026_10_05	py_test	630	0	0	0	0	13	-	no	pytest	
Betfair/stream/tests/test_scalper_media_under_giro3_2026_10_06.py	Betfair.stream.tests.test_scalper_media_under_giro3_2026_10_06	py_test	282	0	0	0	0	10	-	no	pytest	
Betfair/stream/tests/test_scalper_media_under_giro4_2026_10_06.py	Betfair.stream.tests.test_scalper_media_under_giro4_2026_10_06	py_test	770	0	1	0	0	12	-	no	betfairlightweight,flumine,pytest	Betfair/stream/tests/test_replay_scalper_db_isolato_2026_10_06.py
Betfair/stream/tests/test_scalper_mission_2026_07_10.py	Betfair.stream.tests.test_scalper_mission_2026_07_10	py_test	295	0	0	0	0	2	-	no	flumine,pytest	
Betfair/stream/tests/test_scalper_pnl_settled_2026_07_16.py	Betfair.stream.tests.test_scalper_pnl_settled_2026_07_16	py_test	80	0	0	0	0	2	-	no	pytest	
Betfair/stream/tests/test_scalper_presize_2026_07_11.py	Betfair.stream.tests.test_scalper_presize_2026_07_11	py_test	260	0	3	0	0	1	-	no	flumine,pytest	Betfair/stream/tennis_scalper/tests/test_uscite_proposte_bot_tennis_2026_09_28.py;Betfair/stream/tests/test_proposta_sempre_coi_numeri_2026_09_29.py;Betfair/stream/tests/test_scalper_uscite_automatiche_2026_09_25.py
Betfair/stream/tests/test_scalper_residui_e_soldi_veri_2026_10_04.py	Betfair.stream.tests.test_scalper_residui_e_soldi_veri_2026_10_04	py_test	376	0	0	0	0	15	-	no	pytest	
Betfair/stream/tests/test_scalper_residuo_c3_e_tetto_2026_10_07.py	Betfair.stream.tests.test_scalper_residuo_c3_e_tetto_2026_10_07	py_test	346	0	0	0	0	2	-	no	flumine,pytest	
Betfair/stream/tests/test_scalper_session_gates_2026_07_16.py	Betfair.stream.tests.test_scalper_session_gates_2026_07_16	py_test	212	0	0	0	0	1	-	no		
Betfair/stream/tests/test_scalper_uscite_automatiche_2026_09_25.py	Betfair.stream.tests.test_scalper_uscite_automatiche_2026_09_25	py_test	298	0	1	0	0	4	-	no	pytest	Betfair/stream/tests/test_firma_scaduta_ttl_n3_2026_09_28.py
Betfair/stream/tests/test_scalper_uscite_manuali_al_riavvio_2026_09_28.py	Betfair.stream.tests.test_scalper_uscite_manuali_al_riavvio_2026_09_28	py_test	41	0	0	0	0	5	-	no	pytest	
Betfair/stream/tests/test_scan_feed_2026_09_09.py	Betfair.stream.tests.test_scan_feed_2026_09_09	py_test	222	0	0	0	0	5	-	no		
Betfair/stream/tests/test_scores_parse.py	Betfair.stream.tests.test_scores_parse	py_test	84	0	0	0	0	2	-	no		
Betfair/stream/tests/test_segui_live_aggancio_a_caldo_2026_10_06.py	Betfair.stream.tests.test_segui_live_aggancio_a_caldo_2026_10_06	py_test	239	0	0	0	0	6	-	no	pytest	
Betfair/stream/tests/test_sniper_bot_2026_07_10.py	Betfair.stream.tests.test_sniper_bot_2026_07_10	py_test	441	0	6	0	0	2	-	no	flumine,pytest	Betfair/stream/tests/test_banco_uscite_manuali_n3_2026_09_28.py;Betfair/stream/tests/test_firma_scaduta_ttl_n3_2026_09_28.py;Betfair/stream/tests/test_proposta_sempre_coi_numeri_2026_09_29.py;Betfair/stream/tests/test_scalper_residui_e_soldi_veri_2026_10_04.py;Betfair/stream/tests/test_sniper_is_flat_2026_09_28.py;Betfair/stream/tests/test_sniper_uscite_automatiche_2026_09_28.py
Betfair/stream/tests/test_sniper_is_flat_2026_09_28.py	Betfair.stream.tests.test_sniper_is_flat_2026_09_28	py_test	76	0	0	0	0	1	-	no		
Betfair/stream/tests/test_sniper_uscite_automatiche_2026_09_28.py	Betfair.stream.tests.test_sniper_uscite_automatiche_2026_09_28	py_test	189	0	3	0	0	3	-	no	pytest	Betfair/stream/tests/test_banco_uscite_manuali_n3_2026_09_28.py;Betfair/stream/tests/test_firma_scaduta_ttl_n3_2026_09_28.py;Betfair/stream/tests/test_proposta_sempre_coi_numeri_2026_09_29.py
Betfair/stream/tests/test_sottoscrizione_a_caldo_unica_2026_09_25.py	Betfair.stream.tests.test_sottoscrizione_a_caldo_unica_2026_09_25	py_test	115	0	0	0	0	5	-	no	betfairlightweight,flumine,pytest	
Betfair/stream/tests/test_spegnimento_ordinato_2026_09_28.py	Betfair.stream.tests.test_spegnimento_ordinato_2026_09_28	py_test	83	0	0	0	0	2	-	no	pytest	
Betfair/stream/tests/test_stato_mercato_freno_2026_09_24.py	Betfair.stream.tests.test_stato_mercato_freno_2026_09_24	py_test	530	0	0	0	0	16	-	no	betfairlightweight,pytest	
Betfair/stream/tests/test_stop_framework.py	Betfair.stream.tests.test_stop_framework	py_test	58	0	0	0	0	2	-	no	flumine	
Betfair/stream/tests/test_strada_unica_banco_2026_09_25.py	Betfair.stream.tests.test_strada_unica_banco_2026_09_25	py_test	447	0	0	0	0	16	-	no	flumine,pytest	
Betfair/stream/tests/test_stream_heartbeat_stall_2026_07_17.py	Betfair.stream.tests.test_stream_heartbeat_stall_2026_07_17	py_test	302	0	0	0	0	4	-	no		
Betfair/stream/tests/test_stream_muto_cablato_cantiere_j2_2026_09_28.py	Betfair.stream.tests.test_stream_muto_cablato_cantiere_j2_2026_09_28	py_test	307	0	0	0	0	11	-	no	pytest	
Betfair/stream/tests/test_stream_muto_cantiere_j_2026_09_28.py	Betfair.stream.tests.test_stream_muto_cantiere_j_2026_09_28	py_test	87	0	0	0	0	2	-	no	betfairlightweight	
Betfair/stream/tests/test_stream_stallo_2026_09_26.py	Betfair.stream.tests.test_stream_stallo_2026_09_26	py_test	413	0	0	0	0	6	-	no	httpx,pytest,requests	
Betfair/stream/tests/test_sub_worker_flat_guard_2026_07_17.py	Betfair.stream.tests.test_sub_worker_flat_guard_2026_07_17	py_test	261	0	0	0	0	3	-	no		
Betfair/stream/tests/test_submin.py	Betfair.stream.tests.test_submin	py_test	614	0	0	0	0	1	-	no	flumine,pytest	
Betfair/stream/tests/test_submin_contratto_chiamanti_2026_09_17.py	Betfair.stream.tests.test_submin_contratto_chiamanti_2026_09_17	py_test	146	0	0	0	0	6	-	no	pytest	
Betfair/stream/tests/test_submin_nucleo_2026_09_17.py	Betfair.stream.tests.test_submin_nucleo_2026_09_17	py_test	308	0	0	0	0	2	-	no	pytest	
Betfair/stream/tests/test_sveglia_bot_f5_f6_2026_09_18.py	Betfair.stream.tests.test_sveglia_bot_f5_f6_2026_09_18	py_test	374	0	0	0	0	8	-	no	pytest	
Betfair/stream/tests/test_sveglia_canale_f5_f6_2026_09_18.py	Betfair.stream.tests.test_sveglia_canale_f5_f6_2026_09_18	py_test	338	0	0	0	0	2	-	no	pytest	
Betfair/stream/tests/test_sync_account_worker_wiring.py	Betfair.stream.tests.test_sync_account_worker_wiring	py_test	154	0	0	0	0	3	-	no		
Betfair/stream/tests/test_tempi_ordine_f0_2026_09_25.py	Betfair.stream.tests.test_tempi_ordine_f0_2026_09_25	py_test	584	0	0	0	0	16	-	no	betfairlightweight,flumine,pytest	
Betfair/stream/tests/test_tennis_bot_daily_giorno_partita_2026_09_30.py	Betfair.stream.tests.test_tennis_bot_daily_giorno_partita_2026_09_30	py_test	61	0	0	0	0	0	-	no		
Betfair/stream/tests/test_theta_bot_2026_07_15.py	Betfair.stream.tests.test_theta_bot_2026_07_15	py_test	729	0	1	0	0	4	-	no	flumine,pytest	Betfair/stream/tests/test_theta_cecchino_2026_07_16.py
Betfair/stream/tests/test_theta_cecchino_2026_07_16.py	Betfair.stream.tests.test_theta_cecchino_2026_07_16	py_test	418	0	0	0	0	2	-	no	flumine,pytest	
Betfair/stream/tests/test_trasporto_parita_mode_d1ter_2026_09_28.py	Betfair.stream.tests.test_trasporto_parita_mode_d1ter_2026_09_28	py_test	104	0	0	0	0	2	-	no	pytest	
Betfair/stream/tests/test_uploader_sweep_2026_07_17.py	Betfair.stream.tests.test_uploader_sweep_2026_07_17	py_test	80	0	0	0	0	2	-	no		
Betfair/stream/tests/test_uscite_manuali_al_nuovo_avvio_2026_09_28.py	Betfair.stream.tests.test_uscite_manuali_al_nuovo_avvio_2026_09_28	py_test	186	0	0	0	0	5	-	no	pytest	
Betfair/stream/tests/test_validate_recordings.py	Betfair.stream.tests.test_validate_recordings	py_test	264	0	2	0	0	1	-	no	pytest	Betfair/stream/tests/test_backtest_coverage_2026_07_17.py;Betfair/stream/tests/test_validate_recordings_2026_07_17.py
Betfair/stream/tests/test_validate_recordings_2026_07_17.py	Betfair.stream.tests.test_validate_recordings_2026_07_17	py_test	155	0	0	0	0	2	-	no	pytest	
Betfair/stream/tests/test_validazione_hazard_2026_09_25.py	Betfair.stream.tests.test_validazione_hazard_2026_09_25	py_test	428	0	0	0	0	10	-	no	numpy,pytest,sklearn	
Betfair/stream/tests/test_valuta_k1_2026_09_26.py	Betfair.stream.tests.test_valuta_k1_2026_09_26	py_test	511	0	0	0	0	8	-	no	betfairlightweight,flumine,pytest	
Betfair/stream/tests/test_watchdog.py	Betfair.stream.tests.test_watchdog	py_test	327	0	2	0	0	1	-	no		Betfair/stream/tests/test_spegnimento_ordinato_2026_09_28.py;Betfair/stream/tests/test_watchdog_nome_modulo_2026_09_26.py
Betfair/stream/tests/test_watchdog_nome_modulo_2026_09_26.py	Betfair.stream.tests.test_watchdog_nome_modulo_2026_09_26	py_test	51	0	0	0	0	2	-	no		
Betfair/stream/tests/test_whitelist_linee_sniper_2026_09_28.py	Betfair.stream.tests.test_whitelist_linee_sniper_2026_09_28	py_test	66	0	0	0	0	5	-	no		
Betfair/stream/tests/test_xhedge.py	Betfair.stream.tests.test_xhedge	py_test	187	0	0	0	0	2	-	no	pytest	
Betfair/stream/tests/test_xhedge_worker.py	Betfair.stream.tests.test_xhedge_worker	py_test	240	0	0	0	0	2	-	no	pytest	
Betfair/stream/tests/tradotti_comuni.py	Betfair.stream.tests.tradotti_comuni	py_test	214	0	6	0	0	6	-	no		Betfair/omega/tests/test_punte_multiple_050_omega_2026_10_04.py;Betfair/omega/tests/test_riconciliazione_tradotti_omega_2026_10_02.py;Betfair/safe_strategy/tests/test_punte_multiple_050_2026_10_04.py;Betfair/safe_strategy/tests/test_reperto1_adozione_canale_safe_2026_10_02.py;Betfair/safe_strategy/tests/test_riconciliazione_tradotti_safe_2026_10_02.py;Betfair/stream/tests/test_riconciliazione_tradotti_2026_10_02.py
Betfair/stream/tools/__init__.py	Betfair.stream.tools	py_strumenti	1	0	2	0	0	0	-	no		Betfair/safe_strategy/tests/test_replay_tennis_2026_09_16.py;Betfair/stream/tests/test_tempi_ordine_f0_2026_09_25.py
Betfair/stream/tools/falsifica_sveglia_f5_f6_2026_09_18.py	Betfair.stream.tools.falsifica_sveglia_f5_f6_2026_09_18	py_strumenti	147	0	0	0	0	0	-	si		
Betfair/stream/tools/leggi_tempi_ordine.py	Betfair.stream.tools.leggi_tempi_ordine	py_strumenti	148	0	1	0	0	0	-	si		Betfair/stream/tests/test_tempi_ordine_f0_2026_09_25.py
Betfair/stream/tools/validate_recordings.py	Betfair.stream.tools.validate_recordings	py_strumenti	881	11	3	3	0	1	-	si		Betfair/safe_strategy/tests/test_replay_tennis_2026_09_16.py;Betfair/safe_strategy/tools/replay_tennis.py;Betfair/stream/backtest/certifica.py;Betfair/stream/backtest/run_backtest.py;Betfair/stream/scalper/run_scalper.py;Betfair/stream/scalper/run_theta.py
Betfair/stream/trading/__init__.py	Betfair.stream.trading	py_codice_Betfair	6	17	33	1	2	0	-	no		AUDIT_2026-09-25/e2e_fase1/strumenti/sonda.py;AUDIT_2026-10-02/sonda_calcoli_runner_minimi.py;Betfair/mike/engine.py;Betfair/mike/service.py;Betfair/mike/tests/test_mike_aperture_ferme_d1quater_2026_09_29.py;Betfair/mike/tests/test_mike_chiusura_copertura_2026_10_01.py
Betfair/stream/trading/controls.py	Betfair.stream.trading.controls	py_codice_Betfair	524	8	15	0	1	3	-	no	flumine	AUDIT_2026-09-25/e2e_fase1/strumenti/sonda.py;Betfair/mike/service.py;Betfair/mike/tests/test_mike_aperture_ferme_d1quater_2026_09_29.py;Betfair/mike/tests/test_mike_kill_switch_resting_o1_2026_09_24.py;Betfair/mike/tests/test_mike_p4_ordini_2026_09_29.py;Betfair/omega/omega_service.py
Betfair/stream/trading/daily_pnl.py	Betfair.stream.trading.daily_pnl	py_codice_Betfair	142	2	1	0	0	1	-	no		Betfair/stream/daily_stop_worker.py;Betfair/stream/reconcile_worker.py;Betfair/stream/tests/test_daily_pnl.py
Betfair/stream/trading/dutching.py	Betfair.stream.trading.dutching	py_codice_Betfair	242	2	2	0	0	0	-	no	flumine	Betfair/safe_strategy/combos.py;Betfair/stream/live_order_worker.py;Betfair/stream/tests/test_audit_fixes_2026_07.py;Betfair/stream/tests/test_dutching.py
Betfair/stream/trading/freno_rifiuti.py	Betfair.stream.trading.freno_rifiuti	py_codice_Betfair	124	2	1	0	0	0	-	no		Betfair/stream/scalper/scalper_bot.py;Betfair/stream/tennis_scalper/condotta_ordini.py;Betfair/stream/tests/test_stato_mercato_freno_2026_09_24.py
Betfair/stream/trading/greenup.py	Betfair.stream.trading.greenup	py_codice_Betfair	249	6	4	0	0	0	-	no	flumine	Betfair/mike/certificazione.py;Betfair/mike/engine.py;Betfair/mike/tests/test_mike_engine.py;Betfair/safe_strategy/execution.py;Betfair/stream/live_order_worker.py;Betfair/stream/tennis_live/tennis_live_order_worker.py
Betfair/stream/trading/hedging.py	Betfair.stream.trading.hedging	py_codice_Betfair	377	1	2	0	0	1	-	no		Betfair/stream/live_order_worker.py;Betfair/stream/tests/test_cashout_pro_2026_09_10.py;Betfair/stream/tests/test_hedging.py
Betfair/stream/trading/minimi_it.py	Betfair.stream.trading.minimi_it	py_codice_Betfair	147	19	11	1	0	0	-	no		Betfair/mike/certificazione.py;Betfair/mike/engine.py;Betfair/mike/tests/test_mike_chiusura_copertura_2026_10_01.py;Betfair/omega/omega_market.py;Betfair/omega/tests/test_riconciliazione_tradotti_omega_2026_10_02.py;Betfair/order_exec.py
Betfair/stream/trading/risk_engine.py	Betfair.stream.trading.risk_engine	py_codice_Betfair	684	3	2	0	1	0	-	no	flumine	AUDIT_2026-09-25/e2e_fase2/sonda_ordini_catena.py;Betfair/safe_strategy/execution.py;Betfair/stream/risk_engine_worker.py;Betfair/stream/tests/test_audit_fixes_2026_07.py;Betfair/stream/tests/test_risk_engine.py;Betfair/stream/trading/daily_pnl.py
Betfair/stream/trading/stato_mercato.py	Betfair.stream.trading.stato_mercato	py_codice_Betfair	267	11	5	0	1	0	-	no		AUDIT_2026-09-25/e2e_fase2/sonda_ordini_catena.py;Betfair/mike/service.py;Betfair/mike/tests/test_mike_stato_mercato_resting_2026_09_24.py;Betfair/omega/omega_service.py;Betfair/omega/tests/test_omega_stato_mercato_2026_09_24.py;Betfair/safe_strategy/bot_service.py
Betfair/stream/trading/submin.py	Betfair.stream.trading.submin	py_codice_Betfair	1167	11	15	0	1	4	-	no		AUDIT_2026-10-02/sonda_calcoli_runner_minimi.py;Betfair/omega/omega_market.py;Betfair/safe_strategy/execution.py;Betfair/safe_strategy/tests/test_p_blocco3_2026_09_28.py;Betfair/stream/backtest/uscite_manuali.py;Betfair/stream/live_order_worker.py
Betfair/stream/trading/xhedge.py	Betfair.stream.trading.xhedge	py_codice_Betfair	372	2	2	0	0	0	-	no		Betfair/mike/feed.py;Betfair/stream/tests/test_audit_fixes_2026_07.py;Betfair/stream/tests/test_xhedge.py;Betfair/stream/xhedge_worker.py
Betfair/stream/uploader.py	Betfair.stream.uploader	py_codice_Betfair	274	1	2	0	0	5	-	si		Betfair/stream/runner.py;Betfair/stream/tests/test_record_optin_2026_07_17.py;Betfair/stream/tests/test_uploader_sweep_2026_07_17.py
Betfair/stream/uscite_proposte.py	Betfair.stream.uscite_proposte	py_codice_Betfair	309	10	8	0	0	0	-	no		Betfair/stream/backtest/uscite_manuali.py;Betfair/stream/scalper/scalper_bot.py;Betfair/stream/scalper/scalper_session.py;Betfair/stream/scalper/sniper_bot.py;Betfair/stream/tennis_live/tennis_bot_service.py;Betfair/stream/tennis_live/tennis_runner.py
Betfair/stream/valuta.py	Betfair.stream.valuta	py_codice_Betfair	349	6	4	1	0	3	-	no	betfairlightweight,flumine	Betfair/safe_strategy/service.py;Betfair/safe_strategy/stream.py;Betfair/stream/backtest/banco_comune.py;Betfair/stream/runner.py;Betfair/stream/scalper/scalper_session.py;Betfair/stream/scalper/tools/replay_registrazioni.py
Betfair/stream/watchdog.py	Betfair.stream.watchdog	py_codice_Betfair	337	0	4	0	0	3	6	si		Betfair/stream/tests/test_avvio_app_2026_09_16.py;Betfair/stream/tests/test_spegnimento_ordinato_2026_09_28.py;Betfair/stream/tests/test_watchdog.py;Betfair/stream/tests/test_watchdog_nome_modulo_2026_09_26.py
Betfair/stream/watchlist.py	Betfair.stream.watchlist	py_codice_Betfair	107	1	0	0	0	4	-	no		Betfair/stream/runner.py
Betfair/stream/xhedge_worker.py	Betfair.stream.xhedge_worker	py_codice_Betfair	148	1	1	0	0	6	-	no		Betfair/stream/runner.py;Betfair/stream/tests/test_xhedge_worker.py
Betfair/test_betfair_match.py	Betfair.test_betfair_match	py_test	121	0	0	0	0	1	-	si		
Betfair/test_realtime_contratto_2026_09_12.py	Betfair.test_realtime_contratto_2026_09_12	py_test	105	0	0	0	0	0	-	no	pytest	
Betfair/tests/test_consapevolezza_ordine_2026_09_16.py	Betfair.tests.test_consapevolezza_ordine_2026_09_16	py_test	932	0	1	0	0	9	-	no	pytest	Betfair/omega/tests/test_annullo_abbinato_ignoto_2026_09_23.py
Betfair/tests/test_contratto_activate_params_2026_09_16.py	Betfair.tests.test_contratto_activate_params_2026_09_16	py_test	106	0	0	0	0	0	-	no	pytest	
Betfair/tests/test_contratto_safe_request_barriera_2026_09_17.py	Betfair.tests.test_contratto_safe_request_barriera_2026_09_17	py_test	180	0	0	0	0	0	-	no		
Betfair/tests/test_contratto_storico_sport_2026_09_17.py	Betfair.tests.test_contratto_storico_sport_2026_09_17	py_test	148	0	0	0	0	0	-	no		
Betfair/tools/_genera_tabella_75.py	Betfair.tools._genera_tabella_75	py_strumenti	99	0	0	1	0	0	-	si		Betfair/tools/genera_tabella_75_2026_09_14.py
Betfair/tools/genera_tabella_75_2026_09_14.py	Betfair.tools.genera_tabella_75_2026_09_14	py_strumenti	163	0	0	0	0	1	-	no		
Betfair/tools/scostamento_fischio_2026_09_13.py	Betfair.tools.scostamento_fischio_2026_09_13	py_strumenti	173	0	0	0	0	2	-	si	supabase	
Betfair/tools/test_verifica_margine_2026_09_12.py	Betfair.tools.test_verifica_margine_2026_09_12	py_strumenti	136	0	0	0	0	2	-	no	pytest	
Betfair/tools/verifica_75_condizioni_2026_09_13.py	Betfair.tools.verifica_75_condizioni_2026_09_13	py_strumenti	407	0	0	0	0	0	-	si	supabase	
Betfair/tools/verifica_margine_2026_09_12.py	Betfair.tools.verifica_margine_2026_09_12	py_strumenti	261	0	0	1	0	0	-	si	supabase	Betfair/tools/test_verifica_margine_2026_09_12.py
Betfair/tools/verifica_pnl_2026_09_12.py	Betfair.tools.verifica_pnl_2026_09_12	py_strumenti	635	0	0	0	0	6	-	si	supabase	
Prediction/__init__.py	Prediction	py_codice_cartelle_radice	0	0	0	0	0	0	0	no		
Prediction/analyze_sweet_spot.py	Prediction.analyze_sweet_spot	py_codice_cartelle_radice	101	0	0	0	0	1	0	si	pandas	
Prediction/backfill_historical_analysis.py	Prediction.backfill_historical_analysis	py_codice_cartelle_radice	146	0	0	0	0	2	0	si		
Prediction/predictions_results_backfill.py	Prediction.predictions_results_backfill	py_codice_cartelle_radice	875	0	1	0	0	1	4	si		Prediction/test_predictions_results_backfill.py
Prediction/test_predictions_results_backfill.py	Prediction.test_predictions_results_backfill	py_test	925	0	0	0	0	1	-	no	postgrest,pytest	
Prediction/test_today_predictions_backfill_resilienza.py	Prediction.test_today_predictions_backfill_resilienza	py_test	2147	0	0	0	0	1	-	no	httpx,postgrest,pytest	
Prediction/today_predictions_backfill.py	Prediction.today_predictions_backfill	py_codice_cartelle_radice	2789	4	1	0	0	6	-	si	numpy,scipy	AGGIORNA_CAMPO_db_json_analisi.py;Prediction/backfill_historical_analysis.py;Prediction/test_today_predictions_backfill_resilienza.py;generate_dc_rho.py;tmp_smoke_poisson_fixes.py
SCHEMI_BOT/costruisci_guida.py	SCHEMI_BOT.costruisci_guida	py_script_audit	1222	0	0	0	0	0	-	si		
SCHEMI_BOT/sistema/strumenti/consegna.py	SCHEMI_BOT.sistema.strumenti.consegna	py_script_audit	42	0	0	0	0	0	-	si		
SCHEMI_BOT/sistema/strumenti/conta_eventi_betfair.py	SCHEMI_BOT.sistema.strumenti.conta_eventi_betfair	py_script_audit	15	0	0	0	0	0	-	no		
SCHEMI_BOT/sistema/strumenti/costruisci_architettura.py	SCHEMI_BOT.sistema.strumenti.costruisci_architettura	py_script_audit	39	0	0	0	0	0	-	si		
SCHEMI_BOT/sistema/strumenti/misura_chiamate_db.py	SCHEMI_BOT.sistema.strumenti.misura_chiamate_db	py_script_audit	26	0	0	0	0	0	-	no		
SCHEMI_BOT/sistema/strumenti/mostra_righe.py	SCHEMI_BOT.sistema.strumenti.mostra_righe	py_script_audit	52	0	0	0	0	0	-	si		
SCHEMI_BOT/verifica_inventario_mike.py	SCHEMI_BOT.verifica_inventario_mike	py_script_audit	149	0	0	0	0	0	-	si		
SCHEMI_BOT/verifica_schede_mike.py	SCHEMI_BOT.verifica_schede_mike	py_script_audit	95	0	0	0	0	0	-	si		
_AUDIT_2026_05/backtest.py	_AUDIT_2026_05.backtest	py_script_audit	270	0	0	0	1	3	-	si	numpy,pandas,sklearn	_AUDIT_2026_05/experiment.py
_AUDIT_2026_05/build_cache.py	_AUDIT_2026_05.build_cache	py_script_audit	24	0	0	0	0	1	-	no		
_AUDIT_2026_05/compare_xg.py	_AUDIT_2026_05.compare_xg	py_script_audit	61	0	0	0	0	0	-	si	numpy,pandas	
_AUDIT_2026_05/dataload.py	_AUDIT_2026_05.dataload	py_script_audit	140	0	0	0	6	1	-	si	pandas	_AUDIT_2026_05/backtest.py;_AUDIT_2026_05/build_cache.py;_AUDIT_2026_05/dump.py;_AUDIT_2026_05/dump_xg.py;_AUDIT_2026_05/experiment.py;_AUDIT_2026_05/load_xg.py
_AUDIT_2026_05/dc_model.py	_AUDIT_2026_05.dc_model	py_script_audit	163	0	0	0	3	0	-	no	numpy,pandas,sklearn	_AUDIT_2026_05/backtest.py;_AUDIT_2026_05/dump.py;_AUDIT_2026_05/dump_xg.py
_AUDIT_2026_05/devig.py	_AUDIT_2026_05.devig	py_script_audit	45	0	0	0	3	0	-	no	numpy,scipy	_AUDIT_2026_05/backtest.py;_AUDIT_2026_05/dump.py;_AUDIT_2026_05/dump_xg.py
_AUDIT_2026_05/dump.py	_AUDIT_2026_05.dump	py_script_audit	167	0	0	0	0	3	-	si	numpy,pandas,sklearn	
_AUDIT_2026_05/dump_xg.py	_AUDIT_2026_05.dump_xg	py_script_audit	140	0	0	0	0	3	-	si	numpy,pandas,sklearn	
_AUDIT_2026_05/exchange_signal.py	_AUDIT_2026_05.exchange_signal	py_script_audit	31	0	0	0	0	0	-	no	numpy,pandas	
_AUDIT_2026_05/experiment.py	_AUDIT_2026_05.experiment	py_script_audit	72	0	0	0	0	2	-	si	pandas	
_AUDIT_2026_05/explore_schema.py	_AUDIT_2026_05.explore_schema	py_script_audit	73	0	0	0	0	2	-	si	requests	
_AUDIT_2026_05/inplay_under.py	_AUDIT_2026_05.inplay_under	py_script_audit	126	0	0	0	0	0	-	si	numpy,pandas,scipy	
_AUDIT_2026_05/load_goals.py	_AUDIT_2026_05.load_goals	py_script_audit	40	0	0	0	0	1	-	si	pandas	
_AUDIT_2026_05/load_xg.py	_AUDIT_2026_05.load_xg	py_script_audit	51	0	0	0	0	2	-	si	pandas	
_AUDIT_2026_05/probe_data.py	_AUDIT_2026_05.probe_data	py_script_audit	124	0	0	0	0	1	-	no		
_AUDIT_2026_05/probe_depth.py	_AUDIT_2026_05.probe_depth	py_script_audit	43	0	0	0	0	1	-	no		
_AUDIT_2026_05/probe_events.py	_AUDIT_2026_05.probe_events	py_script_audit	31	0	0	0	0	1	-	no		
_AUDIT_2026_05/strategy.py	_AUDIT_2026_05.strategy	py_script_audit	105	0	0	0	3	0	-	si	numpy,pandas	_AUDIT_2026_05/strategy2.py;_AUDIT_2026_05/strategy3.py;_AUDIT_2026_05/strategy4_final.py
_AUDIT_2026_05/strategy2.py	_AUDIT_2026_05.strategy2	py_script_audit	45	0	0	0	0	1	-	si	numpy,pandas	
_AUDIT_2026_05/strategy3.py	_AUDIT_2026_05.strategy3	py_script_audit	58	0	0	0	0	1	-	si	numpy,pandas	
_AUDIT_2026_05/strategy4_final.py	_AUDIT_2026_05.strategy4_final	py_script_audit	78	0	0	0	0	1	-	si	numpy,pandas	
_certify_betfair.py	_certify_betfair	py_codice_radice	87	0	0	0	0	1	0	si		
_certify_betfair_full.py	_certify_betfair_full	py_codice_radice	37	0	0	0	0	1	0	no		
_certify_delay_context.py	_certify_delay_context	py_codice_radice	102	0	0	0	0	1	0	si		
_certify_direction.py	_certify_direction	py_codice_radice	248	0	0	0	0	2	0	si		
_certify_direction_report.py	_certify_direction_report	py_codice_radice	641	0	0	0	0	2	2	si		
_certify_personal_report.py	_certify_personal_report	py_codice_radice	511	0	0	0	0	1	0	si		
_certify_signal_context.py	_certify_signal_context	py_codice_radice	96	0	0	0	0	1	0	si		
_league_eval.py	_league_eval	py_codice_radice	100	0	0	0	0	1	0	si	numpy,pandas	
_stack_eval.py	_stack_eval	py_codice_radice	118	0	0	0	0	1	0	si	numpy,pandas,sklearn	
admin_reset_password.py	admin_reset_password	py_codice_radice	93	0	0	0	0	1	0	si	requests	
aggiorna_mm_sheets.py	aggiorna_mm_sheets	py_codice_radice	542	0	0	0	0	2	3	si	gspread	
aggiorna_solo_fogli.py	aggiorna_solo_fogli	py_codice_radice	46	0	0	0	0	2	1	no	gspread	
analytics_market_stats.py	analytics_market_stats	py_codice_radice	307	1	2	0	0	1	-	no		enrich_analytics_snapshots.py;test_actions_pipeline_paginazione.py;test_analytics_market_stats.py
analytics_settlement.py	analytics_settlement	py_codice_radice	125	4	1	0	0	0	-	no		_certify_direction_report.py;analytics_market_stats.py;build_analytics_signals.py;merge_engine_signals.py;test_analytics_settlement.py
analyze_recovery.py	analyze_recovery	py_codice_radice	283	0	0	0	0	0	0	no	matplotlib	
analyze_threshold.py	analyze_threshold	py_codice_radice	308	0	0	0	0	0	0	no	matplotlib,numpy	
api_client.py	api_client	py_codice_radice	137	14	2	0	0	2	-	no	requests	Betfair/stream/scores/api_football.py;Prediction/today_predictions_backfill.py;daily_yesterday_backfill.py;fixtures_backfill.py;injuries_backfill.py;league_orchestrator.py
api_quota.py	api_quota	py_codice_radice	345	2	3	0	1	1	-	no	requests	AUDIT_2026-09-25/sonde/p4_margine_medio_log.py;league_orchestrator.py;seasons_catchup.py;test_backfill_automatico_2026_09_25.py;test_catchup_p4_2026_09_25.py;test_riserva_dinamica_2026_09_25.py
backfill_poisson_calibrated.py	backfill_poisson_calibrated	py_codice_radice	209	0	0	0	0	2	0	si		
betfair_full_odds.py	betfair_full_odds	py_codice_radice	300	0	0	0	0	3	6	si		
betfair_tennis_odds.py	betfair_tennis_odds	py_codice_radice	322	0	0	0	0	3	2	si		
build_analytics_signals.py	build_analytics_signals	py_codice_radice	452	2	2	0	0	2	-	si	httpx	_certify_direction.py;fix_storico_prob.py;test_actions_pipeline_paginazione.py;test_build_analytics_signals_kickoff_2026_09_26.py
build_direzione.py	build_direzione	py_codice_radice	238	0	1	0	0	1	2	si	httpx,numpy,pandas	test_actions_pipeline_paginazione.py
build_inplay_intensity.py	build_inplay_intensity	py_codice_radice	331	0	0	0	0	1	1	si		
calibration_analysis.py	calibration_analysis	py_codice_radice	622	0	0	0	0	1	0	no		
certify_backtest_strategy.py	certify_backtest_strategy	py_codice_radice	202	0	0	0	0	1	0	si		
check_gh.py	check_gh	py_codice_radice	13	0	0	0	0	0	0	no		
cleanup_models.py	cleanup_models	py_codice_radice	138	0	0	0	0	1	0	si		
cloud_retrain_shard.py	cloud_retrain_shard	py_codice_radice	373	0	1	0	0	2	2	si	tensorflow	test_cloud_retrain_shard_ritentativi_2026_09_21.py
compress_models.py	compress_models	py_codice_radice	197	0	0	0	0	0	0	si		
compute_ml_post_calibration.py	compute_ml_post_calibration	py_codice_radice	320	0	0	0	0	1	2	si		
config.py	config	py_codice_radice	58	17	0	0	1	0	-	no	dotenv	Betfair/betfair_report_manager.py;Betfair/cleanup_reset.py;Betfair/client.py;Betfair/stream/auth.py;Betfair/stream/tennis_live/tennis_db.py;_AUDIT_2026_05/explore_schema.py
daily_yesterday_backfill.py	daily_yesterday_backfill	py_codice_radice	396	0	3	0	0	5	5	si		test_actions_fail_rumoroso_2026_09_25.py;test_backfill_automatico_2026_09_25.py;test_daily_niente_aggregati_2026_09_25.py
db_client.py	db_client	py_codice_radice	410	108	31	10	15	1	-	no	httpx,supabase	AGGIORNA_CAMPO_db_json_analisi.py;AUDIT_2026-09-25/e2e_fase2/sonda_catchup_mapper.py;AUDIT_2026-09-25/e2e_fase2/sonda_catchup_quota.py;AUDIT_2026-09-25/e2e_fase2/sonda_catchup_stato.py;AUDIT_2026-09-25/e2e_fase2/sonda_catchup_stato2.py;AUDIT_2026-09-25/e2e_fase2_z0/semantica_A.py
db_delete_retry.py	db_delete_retry	py_codice_radice	53	6	1	0	0	0	-	no		injuries_backfill.py;season_aggregates.py;standings_backfill.py;test_delete_ritentativi_2026_09_25.py;top_assists_backfill.py;top_cards_backfill.py
direzione.py	direzione	py_codice_radice	77	0	0	0	0	1	3	si		
enrich_analytics_snapshots.py	enrich_analytics_snapshots	py_codice_radice	583	0	1	0	0	2	2	si	httpx	test_actions_pipeline_paginazione.py
fix_storico_prob.py	fix_storico_prob	py_codice_radice	123	0	0	0	0	2	0	si		
fixtures_backfill.py	fixtures_backfill	py_codice_radice	210	2	2	0	0	2	-	si		daily_yesterday_backfill.py;season_backfill.py;test_backfill_automatico_2026_09_25.py;test_orchestratore_niente_refresh_mv_2026_09_25.py
football_data_scraper/__init__.py	football_data_scraper	py_codice_cartelle_radice	2	0	0	0	0	0	0	no		
football_data_scraper/backfill.py	football_data_scraper.backfill	py_codice_cartelle_radice	529	0	0	0	0	5	0	si	pandas	
football_data_scraper/csv_downloader.py	football_data_scraper.csv_downloader	py_codice_cartelle_radice	109	1	0	0	0	1	-	no	pandas	football_data_scraper/backfill.py
football_data_scraper/fix_snapshot_time.py	football_data_scraper.fix_snapshot_time	py_codice_cartelle_radice	65	0	0	0	0	1	0	si	supabase	
football_data_scraper/fixture_matcher.py	football_data_scraper.fixture_matcher	py_codice_cartelle_radice	305	1	0	0	0	1	-	no	pandas	football_data_scraper/backfill.py
football_data_scraper/league_mapping.py	football_data_scraper.league_mapping	py_codice_cartelle_radice	205	2	0	0	0	0	-	no		football_data_scraper/backfill.py;football_data_scraper/csv_downloader.py
football_data_scraper/odds_column_map.py	football_data_scraper.odds_column_map	py_codice_cartelle_radice	177	1	0	0	0	0	-	no		football_data_scraper/backfill.py
generate_dc_rho.py	generate_dc_rho	py_codice_radice	259	0	1	0	0	2	4	si	scipy	test_calibrazione_lettura_db.py
generate_dynamic_cal.py	generate_dynamic_cal	py_codice_radice	596	0	1	0	0	2	7	si		test_calibrazione_lettura_db.py
import_betfair_operations.py	import_betfair_operations	py_codice_radice	428	0	0	0	0	3	2	si		
injuries_backfill.py	injuries_backfill	py_codice_radice	354	1	1	0	0	4	-	si		season_aggregates.py;test_delete_ritentativi_2026_09_25.py
laboratorio/__init__.py	laboratorio	py_codice_cartelle_radice	9	0	0	0	0	0	0	no		
laboratorio/scalper_lab/__init__.py	laboratorio.scalper_lab	py_codice_cartelle_radice	6	1	0	0	0	1	-	no		laboratorio/scalper_lab/validate_synth.py
laboratorio/scalper_lab/bt_lab.py	laboratorio.scalper_lab.bt_lab	py_codice_cartelle_radice	273	3	0	0	0	2	-	si	flumine	laboratorio/scalper_lab/exp_families.py;laboratorio/scalper_lab/rdloop.py;laboratorio/scalper_lab/validate_synth.py
laboratorio/scalper_lab/bt_theta.py	laboratorio.scalper_lab.bt_theta	py_codice_cartelle_radice	187	0	0	0	0	3	0	si	flumine	
laboratorio/scalper_lab/exp_families.py	laboratorio.scalper_lab.exp_families	py_codice_cartelle_radice	69	0	0	0	0	1	0	si		
laboratorio/scalper_lab/grid_strategy.py	laboratorio.scalper_lab.grid_strategy	py_codice_cartelle_radice	485	0	0	0	0	1	0	no	flumine	
laboratorio/scalper_lab/rdloop.py	laboratorio.scalper_lab.rdloop	py_codice_cartelle_radice	194	0	0	0	0	1	0	si		
laboratorio/scalper_lab/scalper_bot_base.py	laboratorio.scalper_lab.scalper_bot_base	py_codice_cartelle_radice	2076	2	0	0	0	2	-	no	flumine	laboratorio/scalper_lab/__init__.py;laboratorio/scalper_lab/bt_lab.py
laboratorio/scalper_lab/synth_raw.py	laboratorio.scalper_lab.synth_raw	py_codice_cartelle_radice	177	1	0	0	0	0	-	si		laboratorio/scalper_lab/validate_synth.py
laboratorio/scalper_lab/theta_strategy.py	laboratorio.scalper_lab.theta_strategy	py_codice_cartelle_radice	403	1	0	0	0	1	-	no	flumine	laboratorio/scalper_lab/bt_theta.py
laboratorio/scalper_lab/validate_synth.py	laboratorio.scalper_lab.validate_synth	py_codice_cartelle_radice	73	0	0	0	0	3	0	si		
laboratorio/tennis_lab/__init__.py	laboratorio.tennis_lab	py_codice_cartelle_radice	0	1	0	0	0	0	-	no		laboratorio/tennis_lab/validate.py
laboratorio/tennis_lab/lab_grid.py	laboratorio.tennis_lab.lab_grid	py_codice_cartelle_radice	248	1	0	0	0	2	-	si	flumine	laboratorio/tennis_lab/validate.py
laboratorio/tennis_lab/lab_grid_score.py	laboratorio.tennis_lab.lab_grid_score	py_codice_cartelle_radice	280	1	0	0	0	4	-	si	betfairlightweight,flumine	laboratorio/tennis_lab/validate.py
laboratorio/tennis_lab/tennis_lab.py	laboratorio.tennis_lab.tennis_lab	py_codice_cartelle_radice	425	3	1	0	0	1	-	no	flumine	laboratorio/tennis_lab/lab_grid.py;laboratorio/tennis_lab/tennis_lab_score.py;laboratorio/tennis_lab/tests/test_harness_golden.py;laboratorio/tennis_lab/validate.py
laboratorio/tennis_lab/tennis_lab_score.py	laboratorio.tennis_lab.tennis_lab_score	py_codice_cartelle_radice	211	1	0	0	0	3	-	no	flumine	laboratorio/tennis_lab/lab_grid_score.py
laboratorio/tennis_lab/tests/__init__.py	laboratorio.tennis_lab.tests	py_test	0	0	0	0	0	0	-	no		
laboratorio/tennis_lab/tests/test_harness_golden.py	laboratorio.tennis_lab.tests.test_harness_golden	py_test	245	0	0	0	0	1	-	no	flumine,pytest	
laboratorio/tennis_lab/validate.py	laboratorio.tennis_lab.validate	py_codice_cartelle_radice	240	0	0	0	0	6	0	si	flumine	
league_orchestrator.py	league_orchestrator	py_codice_radice	262	0	3	0	0	8	2	si		test_backfill_automatico_2026_09_25.py;test_catchup_p4_2026_09_25.py;test_orchestratore_niente_refresh_mv_2026_09_25.py
leagues_mapper.py	leagues_mapper	py_codice_radice	406	0	3	0	0	2	2	si	httpx	test_actions_fail_rumoroso_2026_09_25.py;test_backfill_automatico_2026_09_25.py;test_leagues_mapper_ritentativi_2026_10_04.py
load_poisson_calibration_to_db.py	load_poisson_calibration_to_db	py_codice_radice	72	0	0	0	0	1	0	si		
logger.py	logger	py_codice_radice	100	9	0	0	0	1	-	no		Prediction/today_predictions_backfill.py;api_client.py;api_quota.py;injuries_backfill.py;per_fixture_backfill.py;standings_backfill.py
market_intelligence/__init__.py	market_intelligence	py_codice_cartelle_radice	24	0	0	0	0	4	0	no		
market_intelligence/audit.py	market_intelligence.audit	py_codice_cartelle_radice	235	2	0	0	0	2	-	si		market_intelligence/__init__.py;market_intelligence/pipeline.py
market_intelligence/backtest.py	market_intelligence.backtest	py_codice_cartelle_radice	361	0	0	0	0	1	0	si		
market_intelligence/backtest_audit.py	market_intelligence.backtest_audit	py_codice_cartelle_radice	283	0	0	0	0	1	0	si		
market_intelligence/calibration.py	market_intelligence.calibration	py_codice_cartelle_radice	303	2	0	0	0	2	-	si		market_intelligence/__init__.py;market_intelligence/pipeline.py
market_intelligence/edge_scorer.py	market_intelligence.edge_scorer	py_codice_cartelle_radice	540	3	0	0	0	2	-	no		Ai Engine/ai_engine/predict_fixture.py;market_intelligence/__init__.py;market_intelligence/pipeline.py
market_intelligence/mi_config.py	market_intelligence.mi_config	py_codice_cartelle_radice	68	5	0	0	0	0	-	no		market_intelligence/audit.py;market_intelligence/calibration.py;market_intelligence/edge_scorer.py;market_intelligence/pipeline.py;market_intelligence/signals.py
market_intelligence/pipeline.py	market_intelligence.pipeline	py_codice_cartelle_radice	239	0	0	0	0	6	2	si		
market_intelligence/signals.py	market_intelligence.signals	py_codice_cartelle_radice	460	2	0	0	0	2	-	si		market_intelligence/__init__.py;market_intelligence/pipeline.py
master_backtest.py	master_backtest	py_codice_radice	1660	3	1	0	0	1	-	si	numpy	generate_dc_rho.py;generate_dynamic_cal.py;test_calibrazione_lettura_db.py;update_poisson_calibration.py
merge_engine_signals.py	merge_engine_signals	py_codice_radice	280	0	2	0	0	2	3	si	httpx	test_actions_pipeline_paginazione.py;test_merge_engine_signals_kickoff_2026_09_26.py
migrations/backfill_engine_signals.py	migrations.backfill_engine_signals	py_codice_cartelle_radice	294	1	0	0	0	2	-	si		Betfair/betfair_report_manager.py
missing_fixtures_backfill.py	missing_fixtures_backfill	py_codice_radice	131	0	0	0	0	3	0	si		
parse.py	parse	py_codice_radice	12	0	0	0	0	0	0	no		
per_fixture_backfill.py	per_fixture_backfill	py_codice_radice	1216	5	2	0	0	4	-	si		daily_yesterday_backfill.py;missing_fixtures_backfill.py;season_aggregates.py;season_backfill.py;seasons_catchup.py;test_backfill_automatico_2026_09_25.py
poisson_calibrator.py	poisson_calibrator	py_codice_radice	215	2	0	0	1	1	-	si		AUDIT_2026-09-25/e2e_fase3_sessB/verifica_modelli.py;Prediction/today_predictions_backfill.py;backfill_poisson_calibrated.py
refresh_analytics_bets.py	refresh_analytics_bets	py_codice_radice	281	0	2	0	0	1	3	si	httpx	test_actions_pipeline_paginazione.py;test_refresh_analytics_bets_v2_2026_09_24.py
refresh_dashboard.py	refresh_dashboard	py_codice_radice	20	0	0	0	0	2	0	no	gspread	
report_mm.py	report_mm	py_codice_radice	202	0	0	0	0	0	0	no		
reset_ai_models.py	reset_ai_models	py_codice_radice	114	0	0	0	0	1	0	si		
retrain_all_leagues.py	retrain_all_leagues	py_codice_radice	631	1	0	0	0	2	-	si		cloud_retrain_shard.py
sanity_check.py	sanity_check	py_codice_radice	211	0	0	0	0	1	0	si		
season_aggregates.py	season_aggregates	py_codice_radice	282	3	4	0	0	8	-	no		league_orchestrator.py;season_backfill.py;seasons_catchup.py;test_backfill_automatico_2026_09_25.py;test_catchup_57014_2026_09_28.py;test_delete_ritentativi_2026_09_25.py
season_backfill.py	season_backfill	py_codice_radice	240	2	1	0	0	4	-	no		league_orchestrator.py;seasons_catchup.py;test_catchup_p4_2026_09_25.py
season_gaps.py	season_gaps	py_codice_radice	679	6	5	0	1	1	-	no		AUDIT_2026-09-25/sonde/p4_conta_stagioni_mai_caricate.py;daily_yesterday_backfill.py;league_orchestrator.py;per_fixture_backfill.py;season_aggregates.py;season_backfill.py
seasons_catchup.py	seasons_catchup	py_codice_radice	1022	1	6	0	2	9	-	si	requests	AUDIT_2026-09-25/e2e_fase2/sonda_catchup_riserva.py;AUDIT_2026-09-25/sonde/p4_conta_stagioni_mai_caricate.py;league_orchestrator.py;test_backfill_automatico_2026_09_25.py;test_catchup_57014_2026_09_28.py;test_catchup_attesa_concorrenti_2026_09_26.py
simulate_recovery_forward.py	simulate_recovery_forward	py_codice_radice	287	0	0	0	0	0	0	no	matplotlib,numpy	
sql/_build_wc_xlsx_2013.py	sql._build_wc_xlsx_2013	py_codice_cartelle_radice	169	0	0	0	0	1	0	si	openpyxl	
sql/_cert_wc_compare.py	sql._cert_wc_compare	py_codice_cartelle_radice	258	2	0	0	0	1	-	si		sql/_build_wc_xlsx_2013.py;sql/_cert_wc_full.py
sql/_cert_wc_fetch.py	sql._cert_wc_fetch	py_codice_cartelle_radice	91	0	0	0	0	1	0	si		
sql/_cert_wc_full.py	sql._cert_wc_full	py_codice_cartelle_radice	249	0	0	0	0	2	0	si		
sql/_verify_delays_math.py	sql._verify_delays_math	py_codice_cartelle_radice	142	0	0	0	0	0	0	si		
standings_backfill.py	standings_backfill	py_codice_radice	381	1	1	0	0	4	-	si		season_aggregates.py;test_delete_ritentativi_2026_09_25.py
start_order_server.py	start_order_server	py_codice_radice	56	0	0	0	0	3	5	si		
tactical_engine/__init__.py	tactical_engine	py_codice_cartelle_radice	13	0	4	1	1	0	0	no		AUDIT_2026-09-25/e2e_fase3_sessB/verifica_modelli.py;tactical_engine/tests/test_rho_ammissibile.py;tactical_engine/tests/test_serving.py;tactical_engine/tests/test_serving_esito_reale_2026_09_26.py;tactical_engine/tests/test_verifica_payload.py;tactical_engine/tools/verifica_payload_tacticai.py
tactical_engine/_check_fixpred.py	tactical_engine._check_fixpred	py_codice_cartelle_radice	24	0	0	0	0	1	0	no		
tactical_engine/_inspect_mismatch.py	tactical_engine._inspect_mismatch	py_codice_cartelle_radice	21	0	0	0	0	1	0	no		
tactical_engine/_verify_data_worldcup.py	tactical_engine._verify_data_worldcup	py_codice_cartelle_radice	87	0	0	0	0	1	0	si		
tactical_engine/data_loader.py	tactical_engine.data_loader	py_codice_cartelle_radice	84	1	0	0	0	3	-	no		tactical_engine/run_worldcup.py
tactical_engine/dixon_coles.py	tactical_engine.dixon_coles	py_codice_cartelle_radice	144	5	3	1	1	0	-	no	numpy,scipy	AUDIT_2026-09-25/e2e_fase3_sessB/verifica_modelli.py;Betfair/stream/engine/live_engine_pro.py;Betfair/stream/tests/test_motore_probabilistico_2026_09_12.py;tactical_engine/data_loader.py;tactical_engine/generate_predictions.py;tactical_engine/model.py
tactical_engine/generate_predictions.py	tactical_engine.generate_predictions	py_codice_cartelle_radice	198	0	0	0	0	3	1	si		
tactical_engine/model.py	tactical_engine.model	py_codice_cartelle_radice	282	4	4	1	1	1	-	no	numpy,scipy	AUDIT_2026-09-25/e2e_fase3_sessB/verifica_modelli.py;tactical_engine/data_loader.py;tactical_engine/generate_predictions.py;tactical_engine/run_worldcup.py;tactical_engine/serving.py;tactical_engine/tests/test_math.py
tactical_engine/report.py	tactical_engine.report	py_codice_cartelle_radice	105	1	0	0	0	0	-	no		tactical_engine/run_worldcup.py
tactical_engine/run_daily.py	tactical_engine.run_daily	py_codice_cartelle_radice	27	0	0	0	0	1	0	si		
tactical_engine/run_worldcup.py	tactical_engine.run_worldcup	py_codice_cartelle_radice	161	0	0	0	0	3	0	si	numpy	
tactical_engine/serving.py	tactical_engine.serving	py_codice_cartelle_radice	369	2	3	1	0	3	-	no		Prediction/today_predictions_backfill.py;tactical_engine/run_daily.py;tactical_engine/tests/test_serving.py;tactical_engine/tests/test_serving_esito_reale_2026_09_26.py;tactical_engine/tests/test_verifica_payload.py;tactical_engine/tools/verifica_payload_tacticai.py
tactical_engine/tests/__init__.py	tactical_engine.tests	py_test	0	0	0	0	0	0	-	no		
tactical_engine/tests/test_math.py	tactical_engine.tests.test_math	py_test	167	0	0	0	0	2	-	si	numpy	
tactical_engine/tests/test_rho_ammissibile.py	tactical_engine.tests.test_rho_ammissibile	py_test	203	0	1	0	0	3	-	no	numpy,pytest	tactical_engine/tests/test_verifica_payload.py
tactical_engine/tests/test_serving.py	tactical_engine.tests.test_serving	py_test	349	0	2	0	0	3	-	no	pytest	tactical_engine/tests/test_serving_esito_reale_2026_09_26.py;tactical_engine/tests/test_verifica_payload.py
tactical_engine/tests/test_serving_esito_reale_2026_09_26.py	tactical_engine.tests.test_serving_esito_reale_2026_09_26	py_test	174	0	0	0	0	3	-	no	pytest	
tactical_engine/tests/test_verifica_payload.py	tactical_engine.tests.test_verifica_payload	py_test	176	0	0	0	0	7	-	no	pytest	
tactical_engine/tools/__init__.py	tactical_engine.tools	py_strumenti	0	0	1	0	0	0	-	no		tactical_engine/tests/test_verifica_payload.py
tactical_engine/tools/verifica_payload_tacticai.py	tactical_engine.tools.verifica_payload_tacticai	py_strumenti	233	0	1	0	0	5	-	si		tactical_engine/tests/test_verifica_payload.py
test.py	test	py_codice_radice	37	0	0	0	0	1	18	no	gspread	
test_actions_fail_rumoroso_2026_09_25.py	test_actions_fail_rumoroso_2026_09_25	py_test	251	0	1	0	0	2	-	no	pytest	test_leagues_mapper_ritentativi_2026_10_04.py
test_actions_pipeline_paginazione.py	test_actions_pipeline_paginazione	py_test	1723	0	1	0	0	7	-	no	httpx,postgrest,pytest	test_refresh_analytics_bets_v2_2026_09_24.py
test_analytics_market_stats.py	test_analytics_market_stats	py_test	233	0	0	0	0	2	-	si		
test_analytics_settlement.py	test_analytics_settlement	py_test	128	0	0	0	0	1	-	si		
test_backfill_automatico_2026_09_25.py	test_backfill_automatico_2026_09_25	py_test	1270	0	4	0	0	10	-	no	pytest	test_catchup_57014_2026_09_28.py;test_catchup_p4_2026_09_25.py;test_orchestratore_niente_refresh_mv_2026_09_25.py;test_riserva_dinamica_2026_09_25.py
test_build_analytics_signals_kickoff_2026_09_26.py	test_build_analytics_signals_kickoff_2026_09_26	py_test	78	0	0	0	0	1	-	no		
test_calibrazione_lettura_db.py	test_calibrazione_lettura_db	py_test	906	0	0	0	0	4	-	no	postgrest,pytest	
test_catchup_57014_2026_09_28.py	test_catchup_57014_2026_09_28	py_test	612	0	0	0	0	4	-	no	pytest	
test_catchup_attesa_concorrenti_2026_09_26.py	test_catchup_attesa_concorrenti_2026_09_26	py_test	123	0	0	0	0	4	-	no		
test_catchup_avviso_buchi_2026_10_04.py	test_catchup_avviso_buchi_2026_10_04	py_test	192	0	0	0	0	2	-	no		
test_catchup_p4_2026_09_25.py	test_catchup_p4_2026_09_25	py_test	514	0	0	0	0	6	-	no	pytest	
test_cloud_retrain_shard_ritentativi_2026_09_21.py	test_cloud_retrain_shard_ritentativi_2026_09_21	py_test	385	0	0	0	0	1	-	no		
test_daily_niente_aggregati_2026_09_25.py	test_daily_niente_aggregati_2026_09_25	py_test	102	0	0	0	0	1	-	no		
test_delete_ritentativi_2026_09_25.py	test_delete_ritentativi_2026_09_25	py_test	386	0	0	0	0	7	-	no	pytest	
test_leagues_mapper_ritentativi_2026_10_04.py	test_leagues_mapper_ritentativi_2026_10_04	py_test	201	0	0	0	0	2	-	no	httpx,postgrest,pytest	
test_merge_engine_signals_kickoff_2026_09_26.py	test_merge_engine_signals_kickoff_2026_09_26	py_test	97	0	0	0	0	1	-	no		
test_omega_transizioni_notturne_2026_09_25.py	test_omega_transizioni_notturne_2026_09_25	py_test	507	0	0	0	0	2	-	no	pytest	
test_orchestratore_niente_refresh_mv_2026_09_25.py	test_orchestratore_niente_refresh_mv_2026_09_25	py_test	101	0	0	0	0	6	-	no	pytest	
test_refresh_analytics_bets_v2_2026_09_24.py	test_refresh_analytics_bets_v2_2026_09_24	py_test	247	0	0	0	0	2	-	no	httpx,pytest	
test_riserva_dinamica_2026_09_25.py	test_riserva_dinamica_2026_09_25	py_test	263	0	1	0	0	3	-	no		test_catchup_attesa_concorrenti_2026_09_26.py
tmp_analysis.py	tmp_analysis	py_codice_radice	188	0	0	0	0	0	0	no		
tmp_analysis2.py	tmp_analysis2	py_codice_radice	139	0	0	0	0	0	0	no		
tmp_predict_today.py	tmp_predict_today	py_codice_radice	117	0	0	0	0	1	0	no		
tmp_smoke_ml_fixes.py	tmp_smoke_ml_fixes	py_codice_radice	196	0	0	0	0	4	0	si	numpy,pandas	
tmp_smoke_poisson_fixes.py	tmp_smoke_poisson_fixes	py_codice_radice	148	0	0	0	0	1	0	si		
tmp_smoke_stack.py	tmp_smoke_stack	py_codice_radice	138	0	0	0	0	1	0	no	numpy,pandas	
tmp_today_predictions.py	tmp_today_predictions	py_codice_radice	141	0	0	0	0	2	0	no	gspread	
tmp_train_today.py	tmp_train_today	py_codice_radice	73	0	0	0	0	1	0	si		
tmp_validate_league.py	tmp_validate_league	py_codice_radice	66	0	0	0	0	1	0	no		
tmp_validate_predict.py	tmp_validate_predict	py_codice_radice	76	0	0	0	0	3	0	no	numpy,pandas	
tools/omega_validate_models.py	tools.omega_validate_models	py_strumenti	200	0	0	0	0	5	-	si		
tools/omega_watch.py	tools.omega_watch	py_strumenti	67	0	0	0	0	2	-	si		
tools/replay_barra_fixture.py	tools.replay_barra_fixture	py_strumenti	455	0	0	0	0	1	-	si	betfairlightweight	
tools/test_replay_barra_fixture.py	tools.test_replay_barra_fixture	py_strumenti	117	0	0	0	0	0	-	no	pytest	
top_assists_backfill.py	top_assists_backfill	py_codice_radice	380	1	1	0	0	4	-	si		season_aggregates.py;test_delete_ritentativi_2026_09_25.py
top_cards_backfill.py	top_cards_backfill	py_codice_radice	404	1	1	0	0	4	-	si		season_aggregates.py;test_delete_ritentativi_2026_09_25.py
top_scorers_backfill.py	top_scorers_backfill	py_codice_radice	380	1	1	0	0	4	-	si		season_aggregates.py;test_delete_ritentativi_2026_09_25.py
training_planner.py	training_planner	py_codice_radice	293	2	0	0	0	1	-	si		cloud_retrain_shard.py;seasons_catchup.py
update_dashboard_only.py	update_dashboard_only	py_codice_radice	31	0	0	0	0	2	0	no	gspread	
update_poisson_calibration.py	update_poisson_calibration	py_codice_radice	606	0	1	0	0	2	7	si		test_calibrazione_lettura_db.py
valida_motore_poisson.py	valida_motore_poisson	py_codice_radice	169	0	0	0	0	0	0	si	dotenv	
valida_ventaglio.py	valida_ventaglio	py_codice_radice	179	0	0	0	0	1	0	si		
validate_walkforward.py	validate_walkforward	py_codice_radice	138	0	0	0	0	2	1	si	numpy,pandas,sklearn	
value_engine/__init__.py	value_engine	py_codice_cartelle_radice	14	3	0	0	0	2	-	no		value_engine/cli.py;value_engine/generate_battery.py;value_engine/markets.py
value_engine/bivariate.py	value_engine.bivariate	py_codice_cartelle_radice	210	2	1	0	0	0	-	no		value_engine/generate_battery.py;value_engine/markets.py;value_engine/test_bivariate_mc.py
value_engine/calibrate.py	value_engine.calibrate	py_codice_cartelle_radice	103	0	0	0	0	1	0	si		
value_engine/cli.py	value_engine.cli	py_codice_cartelle_radice	55	0	0	0	0	5	0	si		
value_engine/devig.py	value_engine.devig	py_codice_cartelle_radice	29	4	1	0	0	0	-	no		Betfair/omega/omega_model.py;Betfair/stream/engine/live_engine_pro.py;value_engine/cli.py;value_engine/generate_battery.py;value_engine/test_bivariate_mc.py
value_engine/generate_battery.py	value_engine.generate_battery	py_codice_cartelle_radice	78	0	0	0	0	6	0	no		
value_engine/goal_timing.py	value_engine.goal_timing	py_codice_cartelle_radice	61	5	0	0	0	0	-	no		Betfair/omega/omega_model.py;Betfair/safe_strategy/opportunity.py;Betfair/stream/engine/live_engine.py;value_engine/cli.py;value_engine/generate_battery.py
value_engine/markets.py	value_engine.markets	py_codice_cartelle_radice	60	3	0	0	0	3	-	no		value_engine/__init__.py;value_engine/cli.py;value_engine/generate_battery.py
value_engine/poisson_total.py	value_engine.poisson_total	py_codice_cartelle_radice	81	3	1	0	0	0	-	no		Betfair/omega/omega_model.py;Betfair/stream/engine/live_engine_pro.py;value_engine/markets.py;value_engine/test_bivariate_mc.py
value_engine/pricing.py	value_engine.pricing	py_codice_cartelle_radice	38	3	0	0	0	0	-	no		value_engine/__init__.py;value_engine/cli.py;value_engine/generate_battery.py
value_engine/test_bivariate_mc.py	value_engine.test_bivariate_mc	py_test	130	0	0	0	0	3	-	no		
ventaglio_segnali.py	ventaglio_segnali	py_codice_radice	350	1	0	0	0	0	-	si	dotenv	valida_ventaglio.py
