importatore	importato
AGGIORNA_CAMPO_db_json_analisi.py	Prediction/today_predictions_backfill.py
AGGIORNA_CAMPO_db_json_analisi.py	db_client.py
Ai Engine/ai_engine/analysis/summary.py	Ai Engine/ai_engine/analysis/tools.py
Ai Engine/ai_engine/analysis/tools.py	Ai Engine/ai_engine/preprocessing/dataset.py
Ai Engine/ai_engine/audit_nulls.py	Ai Engine/ai_engine/coverage.py
Ai Engine/ai_engine/audit_nulls.py	Ai Engine/ai_engine/db_adapter.py
Ai Engine/ai_engine/audit_nulls.py	Ai Engine/ai_engine/feature_pipeline.py
Ai Engine/ai_engine/backtest.py	Ai Engine/ai_engine/db_adapter.py
Ai Engine/ai_engine/backtest.py	Ai Engine/ai_engine/preprocessing/temporal_split.py
Ai Engine/ai_engine/backtest.py	Ai Engine/ai_engine/training_dataset.py
Ai Engine/ai_engine/backtest.py	Ai Engine/ai_engine/value_betting.py
Ai Engine/ai_engine/confidence_gate.py	Ai Engine/ai_engine/value_betting.py
Ai Engine/ai_engine/db_adapter.py	db_client.py
Ai Engine/ai_engine/ensemble_trainer.py	Ai Engine/ai_engine/preprocessing/temporal_split.py
Ai Engine/ai_engine/evaluate_holdout.py	Ai Engine/ai_engine/db_adapter.py
Ai Engine/ai_engine/evaluate_holdout.py	Ai Engine/ai_engine/preprocessing/selection.py
Ai Engine/ai_engine/evaluate_holdout.py	Ai Engine/ai_engine/preprocessing/temporal_split.py
Ai Engine/ai_engine/evaluate_holdout.py	Ai Engine/ai_engine/training_dataset.py
Ai Engine/ai_engine/feature_pipeline.py	Ai Engine/ai_engine/ai_config.py
Ai Engine/ai_engine/feature_pipeline.py	Ai Engine/ai_engine/db_adapter.py
Ai Engine/ai_engine/feature_pipeline.py	Ai Engine/ai_engine/elo_ratings.py
Ai Engine/ai_engine/feature_pipeline.py	Ai Engine/ai_engine/preprocessing/statistics.py
Ai Engine/ai_engine/generate_fixture_report.py	Ai Engine/ai_engine/market_ranking.py
Ai Engine/ai_engine/generate_fixture_report.py	Ai Engine/ai_engine/predict_fixture.py
Ai Engine/ai_engine/models/trainer.py	Ai Engine/ai_engine/preprocessing/dataset.py
Ai Engine/ai_engine/predict_fixture.py	Ai Engine/ai_engine/confidence_gate.py
Ai Engine/ai_engine/predict_fixture.py	Ai Engine/ai_engine/coverage.py
Ai Engine/ai_engine/predict_fixture.py	Ai Engine/ai_engine/db_adapter.py
Ai Engine/ai_engine/predict_fixture.py	Ai Engine/ai_engine/ensemble_trainer.py
Ai Engine/ai_engine/predict_fixture.py	Ai Engine/ai_engine/feature_pipeline.py
Ai Engine/ai_engine/predict_fixture.py	Ai Engine/ai_engine/metrics/balance.py
Ai Engine/ai_engine/predict_fixture.py	Ai Engine/ai_engine/value_betting.py
Ai Engine/ai_engine/predict_fixture.py	db_client.py
Ai Engine/ai_engine/predict_fixture.py	market_intelligence/edge_scorer.py
Ai Engine/ai_engine/runner.py	Ai Engine/ai_engine/advanced_validation.py
Ai Engine/ai_engine/runner.py	Ai Engine/ai_engine/ai_config.py
Ai Engine/ai_engine/runner.py	Ai Engine/ai_engine/coverage.py
Ai Engine/ai_engine/runner.py	Ai Engine/ai_engine/feature_pipeline.py
Ai Engine/ai_engine/runner.py	Ai Engine/ai_engine/market_ranking.py
Ai Engine/ai_engine/runner.py	Ai Engine/ai_engine/model_suite.py
Ai Engine/ai_engine/runner.py	Ai Engine/ai_engine/report.py
Ai Engine/ai_engine/runner.py	Ai Engine/ai_engine/training_dataset.py
Ai Engine/ai_engine/runner.py	Ai Engine/ai_engine/validation.py
Ai Engine/ai_engine/seriea_model_export.py	Ai Engine/ai_engine/db_adapter.py
Ai Engine/ai_engine/seriea_model_export.py	Ai Engine/ai_engine/ensemble_trainer.py
Ai Engine/ai_engine/seriea_model_export.py	Ai Engine/ai_engine/preprocessing/selection.py
Ai Engine/ai_engine/seriea_model_export.py	Ai Engine/ai_engine/preprocessing/temporal_split.py
Ai Engine/ai_engine/seriea_model_export.py	Ai Engine/ai_engine/training_dataset.py
Ai Engine/ai_engine/seriea_model_export.py	db_client.py
Ai Engine/ai_engine/serving_batch.py	Ai Engine/ai_engine/predict_fixture.py
Ai Engine/ai_engine/serving_batch.py	db_client.py
Ai Engine/ai_engine/training_dataset.py	Ai Engine/ai_engine/db_adapter.py
Ai Engine/ai_engine/training_dataset.py	Ai Engine/ai_engine/feature_pipeline.py
Ai Engine/ai_engine/training_dataset.py	Ai Engine/ai_engine/targets.py
Ai Engine/backtest_ml.py	Ai Engine/ai_engine/db_adapter.py
Ai Engine/backtest_ml.py	Ai Engine/ai_engine/ensemble_trainer.py
Ai Engine/backtest_ml.py	Ai Engine/ai_engine/training_dataset.py
Ai Engine/backtest_ml.py	Ai Engine/ai_engine/value_betting.py
Betfair/betfair_report_manager.py	Betfair/client.py
Betfair/betfair_report_manager.py	Betfair/money_management.py
Betfair/betfair_report_manager.py	Ai Engine/ai_engine/predict_fixture.py
Betfair/betfair_report_manager.py	Ai Engine/ai_engine/seriea_model_export.py
Betfair/betfair_report_manager.py	config.py
Betfair/betfair_report_manager.py	db_client.py
Betfair/betfair_report_manager.py	migrations/backfill_engine_signals.py
Betfair/cleanup_reset.py	config.py
Betfair/client.py	config.py
Betfair/mike/certificazione.py	Betfair/mike/__init__.py
Betfair/mike/certificazione.py	Betfair/mike/engine.py
Betfair/mike/certificazione.py	Betfair/mike/service.py
Betfair/mike/certificazione.py	Betfair/stream/__init__.py
Betfair/mike/certificazione.py	Betfair/stream/flusso_prezzi.py
Betfair/mike/certificazione.py	Betfair/stream/trading/greenup.py
Betfair/mike/certificazione.py	Betfair/stream/trading/minimi_it.py
Betfair/mike/db.py	Betfair/omega/__init__.py
Betfair/mike/db.py	Betfair/omega/omega_db.py
Betfair/mike/db.py	Betfair/safe_strategy/__init__.py
Betfair/mike/db.py	Betfair/safe_strategy/execution.py
Betfair/mike/db.py	Betfair/safe_strategy/risk.py
Betfair/mike/db.py	Betfair/stream/__init__.py
Betfair/mike/db.py	Betfair/stream/canale_bot.py
Betfair/mike/db.py	Betfair/stream/db.py
Betfair/mike/db.py	db_client.py
Betfair/mike/dossier.py	Betfair/omega/__init__.py
Betfair/mike/dossier.py	Betfair/omega/omega_empirical.py
Betfair/mike/dossier.py	Betfair/omega/omega_model.py
Betfair/mike/dossier.py	Betfair/safe_strategy/pressure.py
Betfair/mike/dossier.py	Betfair/stream/engine/live_engine_pro.py
Betfair/mike/dossier.py	Betfair/stream/scalper/atlante_v4.py
Betfair/mike/dossier.py	Betfair/stream/scalper/hazard_atlas.py
Betfair/mike/engine.py	Betfair/mike/__init__.py
Betfair/mike/engine.py	Betfair/mike/config.py
Betfair/mike/engine.py	Betfair/stream/live_order_build.py
Betfair/mike/engine.py	Betfair/stream/scalper/scalper_bot.py
Betfair/mike/engine.py	Betfair/stream/trading/__init__.py
Betfair/mike/engine.py	Betfair/stream/trading/greenup.py
Betfair/mike/engine.py	Betfair/stream/trading/minimi_it.py
Betfair/mike/feed.py	Betfair/mike/__init__.py
Betfair/mike/feed.py	Betfair/mike/engine.py
Betfair/mike/feed.py	Betfair/stream/__init__.py
Betfair/mike/feed.py	Betfair/stream/flusso_prezzi.py
Betfair/mike/feed.py	Betfair/stream/scores/__init__.py
Betfair/mike/feed.py	Betfair/stream/scores/scan_feed.py
Betfair/mike/feed.py	Betfair/stream/trading/xhedge.py
Betfair/mike/porta_ordini.py	Betfair/safe_strategy/__init__.py
Betfair/mike/porta_ordini.py	Betfair/safe_strategy/porta_ordini.py
Betfair/mike/regolato_conto.py	Betfair/stream/reconcile_worker.py
Betfair/mike/service.py	Betfair/mike/__init__.py
Betfair/mike/service.py	Betfair/mike/config.py
Betfair/mike/service.py	Betfair/mike/db.py
Betfair/mike/service.py	Betfair/mike/dossier.py
Betfair/mike/service.py	Betfair/mike/engine.py
Betfair/mike/service.py	Betfair/mike/feed.py
Betfair/mike/service.py	Betfair/mike/porta_ordini.py
Betfair/mike/service.py	Betfair/mike/regolato_conto.py
Betfair/mike/service.py	Betfair/omega/__init__.py
Betfair/mike/service.py	Betfair/omega/omega_market.py
Betfair/mike/service.py	Betfair/safe_strategy/__init__.py
Betfair/mike/service.py	Betfair/safe_strategy/canale_scan.py
Betfair/mike/service.py	Betfair/safe_strategy/execution.py
Betfair/mike/service.py	Betfair/safe_strategy/risk.py
Betfair/mike/service.py	Betfair/stream/__init__.py
Betfair/mike/service.py	Betfair/stream/arresto_ordinato.py
Betfair/mike/service.py	Betfair/stream/avvio_app.py
Betfair/mike/service.py	Betfair/stream/esiti_ordini_canale.py
Betfair/mike/service.py	Betfair/stream/local_channel.py
Betfair/mike/service.py	Betfair/stream/single_instance.py
Betfair/mike/service.py	Betfair/stream/sveglia_canale.py
Betfair/mike/service.py	Betfair/stream/trading/__init__.py
Betfair/mike/service.py	Betfair/stream/trading/controls.py
Betfair/mike/service.py	Betfair/stream/trading/stato_mercato.py
Betfair/mike/service.py	db_client.py
Betfair/mike/tools/banco.py	Betfair/stream/backtest/banco_comune.py
Betfair/mike/tools/replay_registrazioni.py	Betfair/mike/__init__.py
Betfair/mike/tools/replay_registrazioni.py	Betfair/mike/certificazione.py
Betfair/mike/tools/replay_registrazioni.py	Betfair/mike/config.py
Betfair/mike/tools/replay_registrazioni.py	Betfair/mike/engine.py
Betfair/mike/tools/replay_registrazioni.py	Betfair/mike/service.py
Betfair/mike/tools/replay_registrazioni.py	Betfair/stream/__init__.py
Betfair/mike/tools/replay_registrazioni.py	Betfair/stream/backtest/__init__.py
Betfair/mike/tools/replay_registrazioni.py	Betfair/stream/backtest/banco_comune.py
Betfair/mike/tools/replay_registrazioni.py	Betfair/stream/backtest/certifica.py
Betfair/mike/tools/replay_registrazioni.py	Betfair/stream/backtest/chiusura_parziale.py
Betfair/mike/tools/replay_registrazioni.py	Betfair/stream/backtest/sim_strategy.py
Betfair/mike/tools/replay_registrazioni.py	Betfair/stream/backtest/trasporto.py
Betfair/mike/tools/replay_registrazioni.py	Betfair/stream/backtest/varianti_bot.py
Betfair/mike/tools/replay_registrazioni.py	Betfair/stream/esiti_ordini_canale.py
Betfair/mike/tools/synth_mike.py	Betfair/stream/config_stream.py
Betfair/money_management.py	db_client.py
Betfair/odds_refresh.py	Betfair/betfair_match.py
Betfair/odds_refresh.py	Betfair/client.py
Betfair/odds_refresh.py	db_client.py
Betfair/omega/certificazione.py	Betfair/omega/__init__.py
Betfair/omega/certificazione.py	Betfair/omega/omega_engine.py
Betfair/omega/certificazione.py	Betfair/omega/omega_v3.py
Betfair/omega/liquidity_probe.py	Betfair/omega/__init__.py
Betfair/omega/liquidity_probe.py	Betfair/omega/omega_engine.py
Betfair/omega/omega_advisor.py	Betfair/betfair_match.py
Betfair/omega/omega_advisor.py	Betfair/omega/__init__.py
Betfair/omega/omega_advisor.py	Betfair/omega/omega_engine.py
Betfair/omega/omega_advisor.py	Betfair/stream/scalper/hazard_atlas.py
Betfair/omega/omega_db.py	Betfair/omega/__init__.py
Betfair/omega/omega_db.py	Betfair/omega/omega_engine.py
Betfair/omega/omega_db.py	Betfair/stream/__init__.py
Betfair/omega/omega_db.py	Betfair/stream/canale_bot.py
Betfair/omega/omega_db.py	db_client.py
Betfair/omega/omega_engine.py	Betfair/omega/__init__.py
Betfair/omega/omega_engine.py	Betfair/omega/omega_config.py
Betfair/omega/omega_engine.py	Betfair/omega/omega_v3.py
Betfair/omega/omega_engine.py	Betfair/omega/tools/__init__.py
Betfair/omega/omega_engine.py	Betfair/omega/tools/misura_k.py
Betfair/omega/omega_engine.py	Betfair/stream/engine/live_engine.py
Betfair/omega/omega_market.py	Betfair/odds_refresh.py
Betfair/omega/omega_market.py	Betfair/omega/__init__.py
Betfair/omega/omega_market.py	Betfair/omega/omega_config.py
Betfair/omega/omega_market.py	Betfair/omega/omega_engine.py
Betfair/omega/omega_market.py	Betfair/stream/__init__.py
Betfair/omega/omega_market.py	Betfair/stream/live_order_build.py
Betfair/omega/omega_market.py	Betfair/stream/saldo_evento.py
Betfair/omega/omega_market.py	Betfair/stream/scores/betfair_inplay.py
Betfair/omega/omega_market.py	Betfair/stream/trading/__init__.py
Betfair/omega/omega_market.py	Betfair/stream/trading/minimi_it.py
Betfair/omega/omega_market.py	Betfair/stream/trading/submin.py
Betfair/omega/omega_model.py	Betfair/omega/__init__.py
Betfair/omega/omega_model.py	Betfair/omega/omega_engine.py
Betfair/omega/omega_model.py	Betfair/safe_strategy/__init__.py
Betfair/omega/omega_model.py	Betfair/safe_strategy/calibration.py
Betfair/omega/omega_model.py	Betfair/stream/engine/live_engine.py
Betfair/omega/omega_model.py	value_engine/devig.py
Betfair/omega/omega_model.py	value_engine/goal_timing.py
Betfair/omega/omega_model.py	value_engine/poisson_total.py
Betfair/omega/omega_proposte.py	Betfair/omega/__init__.py
Betfair/omega/omega_proposte.py	Betfair/omega/omega_db.py
Betfair/omega/omega_proposte.py	Betfair/omega/omega_engine.py
Betfair/omega/omega_proposte.py	Betfair/omega/omega_model.py
Betfair/omega/omega_proposte.py	Betfair/omega/omega_service.py
Betfair/omega/omega_proposte.py	Betfair/omega/omega_v3.py
Betfair/omega/omega_proposte.py	Betfair/safe_strategy/__init__.py
Betfair/omega/omega_proposte.py	Betfair/safe_strategy/execution.py
Betfair/omega/omega_proposte.py	Betfair/safe_strategy/exits.py
Betfair/omega/omega_service.py	Betfair/betfair_match.py
Betfair/omega/omega_service.py	Betfair/omega/__init__.py
Betfair/omega/omega_service.py	Betfair/omega/omega_advisor.py
Betfair/omega/omega_service.py	Betfair/omega/omega_config.py
Betfair/omega/omega_service.py	Betfair/omega/omega_db.py
Betfair/omega/omega_service.py	Betfair/omega/omega_empirical.py
Betfair/omega/omega_service.py	Betfair/omega/omega_engine.py
Betfair/omega/omega_service.py	Betfair/omega/omega_market.py
Betfair/omega/omega_service.py	Betfair/omega/omega_model.py
Betfair/omega/omega_service.py	Betfair/omega/omega_proposte.py
Betfair/omega/omega_service.py	Betfair/omega/omega_v3.py
Betfair/omega/omega_service.py	Betfair/omega/porta_ordini.py
Betfair/omega/omega_service.py	Betfair/omega/tools/__init__.py
Betfair/omega/omega_service.py	Betfair/omega/tools/misura_k.py
Betfair/omega/omega_service.py	Betfair/safe_strategy/__init__.py
Betfair/omega/omega_service.py	Betfair/safe_strategy/arresto_bot.py
Betfair/omega/omega_service.py	Betfair/safe_strategy/canale_scan.py
Betfair/omega/omega_service.py	Betfair/safe_strategy/execution.py
Betfair/omega/omega_service.py	Betfair/safe_strategy/exits.py
Betfair/omega/omega_service.py	Betfair/stream/__init__.py
Betfair/omega/omega_service.py	Betfair/stream/arresto_ordinato.py
Betfair/omega/omega_service.py	Betfair/stream/avvio_app.py
Betfair/omega/omega_service.py	Betfair/stream/db.py
Betfair/omega/omega_service.py	Betfair/stream/engine/live_engine_pro.py
Betfair/omega/omega_service.py	Betfair/stream/esiti_ordini_canale.py
Betfair/omega/omega_service.py	Betfair/stream/flusso_prezzi.py
Betfair/omega/omega_service.py	Betfair/stream/live_order_build.py
Betfair/omega/omega_service.py	Betfair/stream/local_channel.py
Betfair/omega/omega_service.py	Betfair/stream/scores/__init__.py
Betfair/omega/omega_service.py	Betfair/stream/scores/betfair_inplay.py
Betfair/omega/omega_service.py	Betfair/stream/scores/scan_feed.py
Betfair/omega/omega_service.py	Betfair/stream/sveglia_canale.py
Betfair/omega/omega_service.py	Betfair/stream/trading/__init__.py
Betfair/omega/omega_service.py	Betfair/stream/trading/controls.py
Betfair/omega/omega_service.py	Betfair/stream/trading/stato_mercato.py
Betfair/omega/porta_ordini.py	Betfair/safe_strategy/__init__.py
Betfair/omega/porta_ordini.py	Betfair/safe_strategy/porta_ordini.py
Betfair/omega/tools/banco_fusione.py	Betfair/omega/__init__.py
Betfair/omega/tools/banco_fusione.py	Betfair/omega/omega_model.py
Betfair/omega/tools/banco_fusione.py	Betfair/omega/omega_v3.py
Betfair/omega/tools/banco_fusione.py	Betfair/omega/tools/__init__.py
Betfair/omega/tools/banco_fusione.py	Betfair/omega/tools/misura_k.py
Betfair/omega/tools/banco_fusione.py	db_client.py
Betfair/omega/tools/banco_modelli.py	Betfair/omega/__init__.py
Betfair/omega/tools/banco_modelli.py	Betfair/omega/omega_v3.py
Betfair/omega/tools/deriva_margine.py	Betfair/omega/__init__.py
Betfair/omega/tools/deriva_margine.py	Betfair/omega/omega_v3.py
Betfair/omega/tools/deriva_margine.py	Betfair/omega/tools/k_in_gioco.py
Betfair/omega/tools/deriva_margine.py	Betfair/omega/tools/superficie_liability.py
Betfair/omega/tools/estrai_transizioni.py	db_client.py
Betfair/omega/tools/falsifica_canale_scan_2026_09_23.py	Betfair/omega/__init__.py
Betfair/omega/tools/genera_oro_uscita.py	Betfair/omega/__init__.py
Betfair/omega/tools/genera_oro_uscita.py	Betfair/omega/omega_proposte.py
Betfair/omega/tools/k_in_gioco.py	Betfair/omega/tools/superficie_liability.py
Betfair/omega/tools/m2_pesi.py	Betfair/omega/__init__.py
Betfair/omega/tools/m2_pesi.py	Betfair/omega/omega_model.py
Betfair/omega/tools/m2_pesi.py	db_client.py
Betfair/omega/tools/misura_ingresso_passivo.py	Betfair/omega/__init__.py
Betfair/omega/tools/misura_ingresso_passivo.py	Betfair/omega/omega_config.py
Betfair/omega/tools/misura_ingresso_passivo.py	Betfair/omega/omega_engine.py
Betfair/omega/tools/misura_ingresso_passivo.py	Betfair/omega/omega_model.py
Betfair/omega/tools/misura_ingresso_passivo.py	Betfair/omega/omega_v3.py
Betfair/omega/tools/misura_ingresso_passivo.py	Betfair/omega/tools/__init__.py
Betfair/omega/tools/misura_ingresso_passivo.py	Betfair/omega/tools/misura_k.py
Betfair/omega/tools/misura_ingresso_passivo.py	Betfair/omega/tools/replay_registrazioni.py
Betfair/omega/tools/misura_ingresso_passivo.py	Betfair/stream/backtest/__init__.py
Betfair/omega/tools/misura_ingresso_passivo.py	Betfair/stream/backtest/banco_comune.py
Betfair/omega/tools/misura_k.py	db_client.py
Betfair/omega/tools/misura_prezzo_appaiata.py	Betfair/omega/omega_engine.py
Betfair/omega/tools/misura_prezzo_appaiata.py	Betfair/omega/tools/misura_k.py
Betfair/omega/tools/misura_prezzo_appaiata.py	db_client.py
Betfair/omega/tools/replay_registrazioni.py	Betfair/omega/__init__.py
Betfair/omega/tools/replay_registrazioni.py	Betfair/omega/certificazione.py
Betfair/omega/tools/replay_registrazioni.py	Betfair/omega/omega_config.py
Betfair/omega/tools/replay_registrazioni.py	Betfair/omega/omega_engine.py
Betfair/omega/tools/replay_registrazioni.py	Betfair/omega/omega_market.py
Betfair/omega/tools/replay_registrazioni.py	Betfair/omega/omega_proposte.py
Betfair/omega/tools/replay_registrazioni.py	Betfair/omega/omega_service.py
Betfair/omega/tools/replay_registrazioni.py	Betfair/omega/omega_v3.py
Betfair/omega/tools/replay_registrazioni.py	Betfair/stream/backtest/__init__.py
Betfair/omega/tools/replay_registrazioni.py	Betfair/stream/backtest/banco_comune.py
Betfair/omega/tools/replay_registrazioni.py	Betfair/stream/backtest/certifica.py
Betfair/omega/tools/replay_registrazioni.py	Betfair/stream/backtest/chiusura_parziale.py
Betfair/omega/tools/replay_registrazioni.py	Betfair/stream/backtest/sim_strategy.py
Betfair/omega/tools/replay_registrazioni.py	Betfair/stream/backtest/varianti_bot.py
Betfair/omega/tools/replay_registrazioni.py	Betfair/stream/scores/__init__.py
Betfair/omega/tools/replay_registrazioni.py	Betfair/stream/scores/scan_feed.py
Betfair/omega/tools/superficie_liability.py	Betfair/omega/omega_engine.py
Betfair/omega/tools/superficie_liability.py	Betfair/omega/tools/replay_registrazioni.py
Betfair/omega/tools/traccia_su_base_2026_09_23.py	Betfair/omega/__init__.py
Betfair/omega/tools/traccia_su_base_2026_09_23.py	Betfair/omega/tests/traccia_canale_scan_2026_09_23.py
Betfair/omega/tools/verifica_transizioni_2026_09_25.py	db_client.py
Betfair/order_exec.py	Betfair/odds_refresh.py
Betfair/order_exec.py	Betfair/stream/live_order_build.py
Betfair/order_exec.py	Betfair/stream/trading/minimi_it.py
Betfair/order_exec.py	db_client.py
Betfair/order_worker.py	Betfair/odds_refresh.py
Betfair/order_worker.py	Betfair/order_exec.py
Betfair/order_worker.py	db_client.py
Betfair/refresh_worker.py	Betfair/odds_refresh.py
Betfair/refresh_worker.py	db_client.py
Betfair/safe_strategy/arresto_bot.py	Betfair/omega/__init__.py
Betfair/safe_strategy/arresto_bot.py	Betfair/omega/omega_service.py
Betfair/safe_strategy/arresto_bot.py	Betfair/safe_strategy/__init__.py
Betfair/safe_strategy/arresto_bot.py	Betfair/safe_strategy/execution.py
Betfair/safe_strategy/bot_db.py	Betfair/omega/__init__.py
Betfair/safe_strategy/bot_db.py	Betfair/omega/omega_db.py
Betfair/safe_strategy/bot_db.py	Betfair/safe_strategy/__init__.py
Betfair/safe_strategy/bot_db.py	Betfair/safe_strategy/execution.py
Betfair/safe_strategy/bot_db.py	Betfair/safe_strategy/risk.py
Betfair/safe_strategy/bot_db.py	Betfair/stream/__init__.py
Betfair/safe_strategy/bot_db.py	Betfair/stream/canale_bot.py
Betfair/safe_strategy/bot_db.py	db_client.py
Betfair/safe_strategy/bot_service.py	Betfair/betfair_match.py
Betfair/safe_strategy/bot_service.py	Betfair/omega/__init__.py
Betfair/safe_strategy/bot_service.py	Betfair/omega/omega_config.py
Betfair/safe_strategy/bot_service.py	Betfair/omega/omega_market.py
Betfair/safe_strategy/bot_service.py	Betfair/omega/omega_service.py
Betfair/safe_strategy/bot_service.py	Betfair/safe_strategy/__init__.py
Betfair/safe_strategy/bot_service.py	Betfair/safe_strategy/anomaly.py
Betfair/safe_strategy/bot_service.py	Betfair/safe_strategy/arresto_bot.py
Betfair/safe_strategy/bot_service.py	Betfair/safe_strategy/bot_db.py
Betfair/safe_strategy/bot_service.py	Betfair/safe_strategy/canale_scan.py
Betfair/safe_strategy/bot_service.py	Betfair/safe_strategy/engine.py
Betfair/safe_strategy/bot_service.py	Betfair/safe_strategy/execution.py
Betfair/safe_strategy/bot_service.py	Betfair/safe_strategy/exits.py
Betfair/safe_strategy/bot_service.py	Betfair/safe_strategy/opportunity.py
Betfair/safe_strategy/bot_service.py	Betfair/safe_strategy/porta_ordini.py
Betfair/safe_strategy/bot_service.py	Betfair/safe_strategy/proposte_opportunita.py
Betfair/safe_strategy/bot_service.py	Betfair/safe_strategy/risk.py
Betfair/safe_strategy/bot_service.py	Betfair/safe_strategy/selezione.py
Betfair/safe_strategy/bot_service.py	Betfair/stream/__init__.py
Betfair/safe_strategy/bot_service.py	Betfair/stream/arresto_ordinato.py
Betfair/safe_strategy/bot_service.py	Betfair/stream/avvio_app.py
Betfair/safe_strategy/bot_service.py	Betfair/stream/esiti_ordini_canale.py
Betfair/safe_strategy/bot_service.py	Betfair/stream/flusso_prezzi.py
Betfair/safe_strategy/bot_service.py	Betfair/stream/live_order_build.py
Betfair/safe_strategy/bot_service.py	Betfair/stream/local_channel.py
Betfair/safe_strategy/bot_service.py	Betfair/stream/single_instance.py
Betfair/safe_strategy/bot_service.py	Betfair/stream/tennis_scalper/tennis_winprob.py
Betfair/safe_strategy/bot_service.py	Betfair/stream/trading/__init__.py
Betfair/safe_strategy/bot_service.py	Betfair/stream/trading/stato_mercato.py
Betfair/safe_strategy/bot_service.py	db_client.py
Betfair/safe_strategy/canale_scan.py	Betfair/safe_strategy/exits.py
Betfair/safe_strategy/canale_scan.py	Betfair/stream/canale_bot.py
Betfair/safe_strategy/certificazione.py	Betfair/safe_strategy/__init__.py
Betfair/safe_strategy/certificazione.py	Betfair/safe_strategy/bot_service.py
Betfair/safe_strategy/certificazione.py	Betfair/safe_strategy/certificazione_k.py
Betfair/safe_strategy/certificazione.py	Betfair/safe_strategy/engine.py
Betfair/safe_strategy/certificazione.py	Betfair/safe_strategy/exits.py
Betfair/safe_strategy/certificazione.py	Betfair/safe_strategy/risk.py
Betfair/safe_strategy/certificazione_k.py	Betfair/safe_strategy/__init__.py
Betfair/safe_strategy/certificazione_k.py	Betfair/safe_strategy/bot_service.py
Betfair/safe_strategy/certificazione_tennis.py	Betfair/safe_strategy/__init__.py
Betfair/safe_strategy/certificazione_tennis.py	Betfair/safe_strategy/bot_service.py
Betfair/safe_strategy/certificazione_tennis.py	Betfair/safe_strategy/certificazione_k.py
Betfair/safe_strategy/certificazione_tennis.py	Betfair/safe_strategy/engine.py
Betfair/safe_strategy/certificazione_tennis.py	Betfair/safe_strategy/execution.py
Betfair/safe_strategy/certificazione_tennis.py	Betfair/safe_strategy/exits.py
Betfair/safe_strategy/combos.py	Betfair/safe_strategy/opportunity.py
Betfair/safe_strategy/combos.py	Betfair/stream/trading/dutching.py
Betfair/safe_strategy/db.py	Betfair/omega/__init__.py
Betfair/safe_strategy/db.py	Betfair/omega/omega_db.py
Betfair/safe_strategy/db.py	Betfair/stream/__init__.py
Betfair/safe_strategy/db.py	Betfair/stream/db.py
Betfair/safe_strategy/db.py	db_client.py
Betfair/safe_strategy/engine.py	Betfair/safe_strategy/__init__.py
Betfair/safe_strategy/engine.py	Betfair/safe_strategy/veto_campionati.py
Betfair/safe_strategy/engine.py	Betfair/stream/scalper/atlante_v4.py
Betfair/safe_strategy/execution.py	Betfair/omega/__init__.py
Betfair/safe_strategy/execution.py	Betfair/omega/omega_engine.py
Betfair/safe_strategy/execution.py	Betfair/omega/omega_market.py
Betfair/safe_strategy/execution.py	Betfair/omega/omega_service.py
Betfair/safe_strategy/execution.py	Betfair/safe_strategy/__init__.py
Betfair/safe_strategy/execution.py	Betfair/safe_strategy/porta_ordini.py
Betfair/safe_strategy/execution.py	Betfair/stream/__init__.py
Betfair/safe_strategy/execution.py	Betfair/stream/config_stream.py
Betfair/safe_strategy/execution.py	Betfair/stream/esiti_ordini_canale.py
Betfair/safe_strategy/execution.py	Betfair/stream/live_order_build.py
Betfair/safe_strategy/execution.py	Betfair/stream/modo_ordini.py
Betfair/safe_strategy/execution.py	Betfair/stream/reconcile_worker.py
Betfair/safe_strategy/execution.py	Betfair/stream/trading/__init__.py
Betfair/safe_strategy/execution.py	Betfair/stream/trading/controls.py
Betfair/safe_strategy/execution.py	Betfair/stream/trading/greenup.py
Betfair/safe_strategy/execution.py	Betfair/stream/trading/minimi_it.py
Betfair/safe_strategy/execution.py	Betfair/stream/trading/risk_engine.py
Betfair/safe_strategy/execution.py	Betfair/stream/trading/submin.py
Betfair/safe_strategy/exits.py	Betfair/safe_strategy/opportunity.py
Betfair/safe_strategy/exits.py	Betfair/stream/__init__.py
Betfair/safe_strategy/exits.py	Betfair/stream/flusso_prezzi.py
Betfair/safe_strategy/opportunity.py	Betfair/omega/__init__.py
Betfair/safe_strategy/opportunity.py	Betfair/omega/omega_engine.py
Betfair/safe_strategy/opportunity.py	Betfair/omega/omega_model.py
Betfair/safe_strategy/opportunity.py	Betfair/safe_strategy/calibration.py
Betfair/safe_strategy/opportunity.py	Betfair/safe_strategy/pressure.py
Betfair/safe_strategy/opportunity.py	Betfair/stream/engine/live_engine.py
Betfair/safe_strategy/opportunity.py	Betfair/stream/engine/live_engine_pro.py
Betfair/safe_strategy/opportunity.py	Betfair/stream/scalper/atlante_v4.py
Betfair/safe_strategy/opportunity.py	Betfair/stream/scalper/hazard_atlas.py
Betfair/safe_strategy/opportunity.py	value_engine/goal_timing.py
Betfair/safe_strategy/porta_ordini.py	Betfair/stream/__init__.py
Betfair/safe_strategy/porta_ordini.py	Betfair/stream/local_channel.py
Betfair/safe_strategy/proposte_opportunita.py	Betfair/safe_strategy/__init__.py
Betfair/safe_strategy/proposte_opportunita.py	Betfair/safe_strategy/exits.py
Betfair/safe_strategy/scanner.py	Betfair/stream/__init__.py
Betfair/safe_strategy/scanner.py	Betfair/stream/orologio.py
Betfair/safe_strategy/selezione.py	Betfair/betfair_match.py
Betfair/safe_strategy/selezione.py	Betfair/stream/scalper/hazard_atlas.py
Betfair/safe_strategy/service.py	Betfair/safe_strategy/__init__.py
Betfair/safe_strategy/service.py	Betfair/safe_strategy/db.py
Betfair/safe_strategy/service.py	Betfair/safe_strategy/opportunity.py
Betfair/safe_strategy/service.py	Betfair/safe_strategy/pressure.py
Betfair/safe_strategy/service.py	Betfair/safe_strategy/scanner.py
Betfair/safe_strategy/service.py	Betfair/safe_strategy/selezione.py
Betfair/safe_strategy/service.py	Betfair/safe_strategy/stream.py
Betfair/safe_strategy/service.py	Betfair/stream/__init__.py
Betfair/safe_strategy/service.py	Betfair/stream/arresto_ordinato.py
Betfair/safe_strategy/service.py	Betfair/stream/auth.py
Betfair/safe_strategy/service.py	Betfair/stream/db.py
Betfair/safe_strategy/service.py	Betfair/stream/flusso_prezzi.py
Betfair/safe_strategy/service.py	Betfair/stream/local_channel.py
Betfair/safe_strategy/service.py	Betfair/stream/scalper/__init__.py
Betfair/safe_strategy/service.py	Betfair/stream/scalper/hazard_atlas_sync.py
Betfair/safe_strategy/service.py	Betfair/stream/scores/betfair_inplay.py
Betfair/safe_strategy/service.py	Betfair/stream/single_instance.py
Betfair/safe_strategy/service.py	Betfair/stream/tennis_scalper/tennis_score.py
Betfair/safe_strategy/service.py	Betfair/stream/valuta.py
Betfair/safe_strategy/service.py	db_client.py
Betfair/safe_strategy/stream.py	Betfair/stream/__init__.py
Betfair/safe_strategy/stream.py	Betfair/stream/valuta.py
Betfair/safe_strategy/tennis_opportunity.py	Betfair/safe_strategy/__init__.py
Betfair/safe_strategy/tennis_opportunity.py	Betfair/safe_strategy/engine.py
Betfair/safe_strategy/tennis_opportunity.py	Betfair/safe_strategy/opportunity.py
Betfair/safe_strategy/tennis_opportunity.py	Betfair/stream/tennis_scalper/__init__.py
Betfair/safe_strategy/tennis_opportunity.py	Betfair/stream/tennis_scalper/tennis_score.py
Betfair/safe_strategy/tennis_opportunity.py	Betfair/stream/tennis_scalper/tennis_serve_data.py
Betfair/safe_strategy/tennis_opportunity.py	Betfair/stream/tennis_scalper/tennis_winprob.py
Betfair/safe_strategy/tools/backtest_opportunity.py	Betfair/safe_strategy/calibration.py
Betfair/safe_strategy/tools/backtest_opportunity.py	Betfair/safe_strategy/opportunity.py
Betfair/safe_strategy/tools/backtest_opportunity.py	Betfair/safe_strategy/tools/__init__.py
Betfair/safe_strategy/tools/backtest_opportunity.py	Betfair/safe_strategy/tools/validate_opportunity.py
Betfair/safe_strategy/tools/genera_oro_banda_strategia.py	Betfair/safe_strategy/__init__.py
Betfair/safe_strategy/tools/genera_oro_banda_strategia.py	Betfair/safe_strategy/proposte_opportunita.py
Betfair/safe_strategy/tools/genera_oro_banda_strategia.py	Betfair/safe_strategy/tools/genera_oro_valuta_proposta.py
Betfair/safe_strategy/tools/genera_oro_valuta_proposta.py	Betfair/safe_strategy/__init__.py
Betfair/safe_strategy/tools/genera_oro_valuta_proposta.py	Betfair/safe_strategy/proposte_opportunita.py
Betfair/safe_strategy/tools/replay_registrazioni.py	Betfair/omega/omega_market.py
Betfair/safe_strategy/tools/replay_registrazioni.py	Betfair/safe_strategy/__init__.py
Betfair/safe_strategy/tools/replay_registrazioni.py	Betfair/safe_strategy/bot_db.py
Betfair/safe_strategy/tools/replay_registrazioni.py	Betfair/safe_strategy/bot_service.py
Betfair/safe_strategy/tools/replay_registrazioni.py	Betfair/safe_strategy/certificazione.py
Betfair/safe_strategy/tools/replay_registrazioni.py	Betfair/safe_strategy/db.py
Betfair/safe_strategy/tools/replay_registrazioni.py	Betfair/safe_strategy/engine.py
Betfair/safe_strategy/tools/replay_registrazioni.py	Betfair/safe_strategy/execution.py
Betfair/safe_strategy/tools/replay_registrazioni.py	Betfair/safe_strategy/exits.py
Betfair/safe_strategy/tools/replay_registrazioni.py	Betfair/safe_strategy/risk.py
Betfair/safe_strategy/tools/replay_registrazioni.py	Betfair/safe_strategy/tools/__init__.py
Betfair/safe_strategy/tools/replay_registrazioni.py	Betfair/safe_strategy/tools/validate_opportunity.py
Betfair/safe_strategy/tools/replay_registrazioni.py	Betfair/stream/__init__.py
Betfair/safe_strategy/tools/replay_registrazioni.py	Betfair/stream/backtest/__init__.py
Betfair/safe_strategy/tools/replay_registrazioni.py	Betfair/stream/backtest/banco_comune.py
Betfair/safe_strategy/tools/replay_registrazioni.py	Betfair/stream/backtest/certifica.py
Betfair/safe_strategy/tools/replay_registrazioni.py	Betfair/stream/backtest/chiusura_parziale.py
Betfair/safe_strategy/tools/replay_registrazioni.py	Betfair/stream/backtest/proposte_modello.py
Betfair/safe_strategy/tools/replay_registrazioni.py	Betfair/stream/backtest/varianti_bot.py
Betfair/safe_strategy/tools/replay_registrazioni.py	Betfair/stream/modo_ordini.py
Betfair/safe_strategy/tools/replay_tennis.py	Betfair/safe_strategy/__init__.py
Betfair/safe_strategy/tools/replay_tennis.py	Betfair/safe_strategy/bot_db.py
Betfair/safe_strategy/tools/replay_tennis.py	Betfair/safe_strategy/bot_service.py
Betfair/safe_strategy/tools/replay_tennis.py	Betfair/safe_strategy/certificazione_tennis.py
Betfair/safe_strategy/tools/replay_tennis.py	Betfair/safe_strategy/engine.py
Betfair/safe_strategy/tools/replay_tennis.py	Betfair/safe_strategy/exits.py
Betfair/safe_strategy/tools/replay_tennis.py	Betfair/safe_strategy/risk.py
Betfair/safe_strategy/tools/replay_tennis.py	Betfair/safe_strategy/tools/replay_registrazioni.py
Betfair/safe_strategy/tools/replay_tennis.py	Betfair/stream/__init__.py
Betfair/safe_strategy/tools/replay_tennis.py	Betfair/stream/backtest/__init__.py
Betfair/safe_strategy/tools/replay_tennis.py	Betfair/stream/backtest/banco_comune.py
Betfair/safe_strategy/tools/replay_tennis.py	Betfair/stream/backtest/chiusura_parziale.py
Betfair/safe_strategy/tools/replay_tennis.py	Betfair/stream/backtest/proposte_modello.py
Betfair/safe_strategy/tools/replay_tennis.py	Betfair/stream/backtest/varianti_bot.py
Betfair/safe_strategy/tools/replay_tennis.py	Betfair/stream/modo_ordini.py
Betfair/safe_strategy/tools/replay_tennis.py	Betfair/stream/tools/validate_recordings.py
Betfair/safe_strategy/tools/sonda_canale_scan_2026_09_18.py	Betfair/stream/__init__.py
Betfair/safe_strategy/tools/sonda_canale_scan_2026_09_18.py	Betfair/stream/orologio.py
Betfair/safe_strategy/tools/sonda_righe_scan_2026_09_18.py	Betfair/stream/backtest/__init__.py
Betfair/safe_strategy/tools/sonda_righe_scan_2026_09_18.py	Betfair/stream/backtest/banco_comune.py
Betfair/safe_strategy/tools/synth_safe.py	Betfair/safe_strategy/tools/__init__.py
Betfair/safe_strategy/tools/synth_safe.py	Betfair/safe_strategy/tools/validate_opportunity.py
Betfair/safe_strategy/tools/validate_opportunity.py	Betfair/omega/omega_model.py
Betfair/safe_strategy/tools/validate_opportunity.py	Betfair/safe_strategy/__init__.py
Betfair/safe_strategy/tools/validate_opportunity.py	Betfair/safe_strategy/calibration.py
Betfair/safe_strategy/tools/validate_opportunity.py	Betfair/safe_strategy/opportunity.py
Betfair/safe_strategy/tools/validate_opportunity.py	Betfair/safe_strategy/scanner.py
Betfair/stream/arresto_ordinato.py	Betfair/stream/config_stream.py
Betfair/stream/auth.py	config.py
Betfair/stream/auto_follow.py	Betfair/stream/__init__.py
Betfair/stream/auto_follow.py	Betfair/stream/config_stream.py
Betfair/stream/auto_follow.py	Betfair/stream/sottoscrizione_a_caldo.py
Betfair/stream/auto_follow.py	db_client.py
Betfair/stream/backtest/__init__.py	Betfair/stream/backtest/run_backtest.py
Betfair/stream/backtest/__init__.py	Betfair/stream/backtest/sim_strategy.py
Betfair/stream/backtest/applica_bot.py	Betfair/stream/backtest/__init__.py
Betfair/stream/backtest/applica_bot.py	Betfair/stream/backtest/certifica.py
Betfair/stream/backtest/applica_bot.py	Betfair/stream/backtest/minimi_banco.py
Betfair/stream/backtest/applica_bot.py	Betfair/stream/backtest/registro_bot.py
Betfair/stream/backtest/applica_bot.py	Betfair/stream/backtest/varianti_bot.py
Betfair/stream/backtest/applica_bot.py	Betfair/stream/tennis_replay/importa.py
Betfair/stream/backtest/banco_comune.py	Betfair/omega/__init__.py
Betfair/stream/backtest/banco_comune.py	Betfair/omega/omega_market.py
Betfair/stream/backtest/banco_comune.py	Betfair/safe_strategy/__init__.py
Betfair/stream/backtest/banco_comune.py	Betfair/safe_strategy/scanner.py
Betfair/stream/backtest/banco_comune.py	Betfair/safe_strategy/service.py
Betfair/stream/backtest/banco_comune.py	Betfair/stream/__init__.py
Betfair/stream/backtest/banco_comune.py	Betfair/stream/backtest/__init__.py
Betfair/stream/backtest/banco_comune.py	Betfair/stream/backtest/minimi_banco.py
Betfair/stream/backtest/banco_comune.py	Betfair/stream/backtest/sim_strategy.py
Betfair/stream/backtest/banco_comune.py	Betfair/stream/backtest/trasporto.py
Betfair/stream/backtest/banco_comune.py	Betfair/stream/live_order_build.py
Betfair/stream/backtest/banco_comune.py	Betfair/stream/trading/minimi_it.py
Betfair/stream/backtest/banco_comune.py	Betfair/stream/valuta.py
Betfair/stream/backtest/certifica.py	Betfair/stream/__init__.py
Betfair/stream/backtest/certifica.py	Betfair/stream/backtest/__init__.py
Betfair/stream/backtest/certifica.py	Betfair/stream/backtest/chiusura_parziale.py
Betfair/stream/backtest/certifica.py	Betfair/stream/backtest/minimi_banco.py
Betfair/stream/backtest/certifica.py	Betfair/stream/backtest/proposte_modello.py
Betfair/stream/backtest/certifica.py	Betfair/stream/backtest/registro_bot.py
Betfair/stream/backtest/certifica.py	Betfair/stream/backtest/trasporto.py
Betfair/stream/backtest/certifica.py	Betfair/stream/backtest/trasporto_rapido.py
Betfair/stream/backtest/certifica.py	Betfair/stream/backtest/uscite_manuali.py
Betfair/stream/backtest/certifica.py	Betfair/stream/modo_ordini.py
Betfair/stream/backtest/certifica.py	Betfair/stream/tools/validate_recordings.py
Betfair/stream/backtest/certifica.py	Betfair/stream/trading/__init__.py
Betfair/stream/backtest/certifica.py	Betfair/stream/trading/controls.py
Betfair/stream/backtest/minimi_banco.py	Betfair/stream/trading/minimi_it.py
Betfair/stream/backtest/porta_banco.py	Betfair/stream/__init__.py
Betfair/stream/backtest/porta_banco.py	Betfair/stream/engine/live_trading_strategy.py
Betfair/stream/backtest/porta_banco.py	Betfair/stream/local_channel.py
Betfair/stream/backtest/porta_banco.py	Betfair/stream/motore_ordini.py
Betfair/stream/backtest/porta_banco.py	Betfair/stream/tennis_live/__init__.py
Betfair/stream/backtest/porta_banco.py	Betfair/stream/tennis_live/esecutore_tennis.py
Betfair/stream/backtest/porta_banco.py	Betfair/stream/tennis_live/iscrizione_a_caldo.py
Betfair/stream/backtest/porta_banco.py	Betfair/stream/tennis_live/tennis_live_order_worker.py
Betfair/stream/backtest/proposte_modello.py	Betfair/omega/__init__.py
Betfair/stream/backtest/proposte_modello.py	Betfair/omega/omega_service.py
Betfair/stream/backtest/proposte_modello.py	Betfair/safe_strategy/__init__.py
Betfair/stream/backtest/proposte_modello.py	Betfair/safe_strategy/bot_service.py
Betfair/stream/backtest/proposte_modello.py	Betfair/safe_strategy/combos.py
Betfair/stream/backtest/proposte_modello.py	Betfair/safe_strategy/opportunity.py
Betfair/stream/backtest/proposte_modello.py	Betfair/safe_strategy/proposte_opportunita.py
Betfair/stream/backtest/proposte_modello.py	Betfair/safe_strategy/tennis_opportunity.py
Betfair/stream/backtest/registro_bot.py	Betfair/stream/config_stream.py
Betfair/stream/backtest/run_backtest.py	Betfair/stream/__init__.py
Betfair/stream/backtest/run_backtest.py	Betfair/stream/backtest/banco_comune.py
Betfair/stream/backtest/run_backtest.py	Betfair/stream/backtest/sim_strategy.py
Betfair/stream/backtest/run_backtest.py	Betfair/stream/config_stream.py
Betfair/stream/backtest/run_backtest.py	Betfair/stream/db.py
Betfair/stream/backtest/run_backtest.py	Betfair/stream/tools/validate_recordings.py
Betfair/stream/backtest/sim_strategy.py	Betfair/stream/engine/live_engine_pro.py
Betfair/stream/backtest/tools/misura_punto8/estrai_db.py	db_client.py
Betfair/stream/backtest/tools/misura_punto8/m1_mike.py	Betfair/mike/dossier.py
Betfair/stream/backtest/tools/misura_punto8/m1_mike.py	Betfair/safe_strategy/calibration.py
Betfair/stream/backtest/tools/misura_punto8/m1_mike.py	Betfair/stream/backtest/tools/misura_punto8/__init__.py
Betfair/stream/backtest/tools/misura_punto8/m1_mike.py	Betfair/stream/backtest/tools/misura_punto8/comune.py
Betfair/stream/backtest/tools/misura_punto8/o1_catena_lambda.py	Betfair/omega/__init__.py
Betfair/stream/backtest/tools/misura_punto8/o1_catena_lambda.py	Betfair/omega/omega_model.py
Betfair/stream/backtest/tools/misura_punto8/o1_catena_lambda.py	Betfair/omega/omega_proposte.py
Betfair/stream/backtest/tools/misura_punto8/o1_catena_lambda.py	Betfair/omega/omega_service.py
Betfair/stream/backtest/tools/misura_punto8/o1_catena_lambda.py	Betfair/omega/omega_v3.py
Betfair/stream/backtest/tools/misura_punto8/o1_catena_lambda.py	Betfair/safe_strategy/tools/validate_opportunity.py
Betfair/stream/backtest/tools/misura_punto8/o1_catena_lambda.py	Betfair/stream/backtest/tools/misura_punto8/__init__.py
Betfair/stream/backtest/tools/misura_punto8/o1_catena_lambda.py	Betfair/stream/backtest/tools/misura_punto8/comune.py
Betfair/stream/backtest/tools/misura_punto8/o1_catena_lambda.py	Betfair/stream/backtest/tools/misura_punto8/percorsi.py
Betfair/stream/backtest/tools/misura_punto8/o1_catena_lambda.py	Betfair/stream/db.py
Betfair/stream/backtest/tools/misura_punto8/o5_rossi.py	Betfair/omega/__init__.py
Betfair/stream/backtest/tools/misura_punto8/o5_rossi.py	Betfair/omega/omega_model.py
Betfair/stream/backtest/tools/misura_punto8/o5_rossi.py	Betfair/omega/omega_proposte.py
Betfair/stream/backtest/tools/misura_punto8/o5_rossi.py	Betfair/omega/omega_v3.py
Betfair/stream/backtest/tools/misura_punto8/o5_rossi.py	Betfair/safe_strategy/tools/__init__.py
Betfair/stream/backtest/tools/misura_punto8/o5_rossi.py	Betfair/safe_strategy/tools/validate_opportunity.py
Betfair/stream/backtest/tools/misura_punto8/o5_rossi.py	Betfair/stream/backtest/tools/misura_punto8/__init__.py
Betfair/stream/backtest/tools/misura_punto8/o5_rossi.py	Betfair/stream/backtest/tools/misura_punto8/comune.py
Betfair/stream/backtest/tools/misura_punto8/o5_rossi.py	Betfair/stream/backtest/tools/misura_punto8/o1_catena_lambda.py
Betfair/stream/backtest/tools/misura_punto8/o5_rossi.py	Betfair/stream/backtest/tools/misura_punto8/percorsi.py
Betfair/stream/backtest/tools/misura_punto8/o5_rossi.py	Betfair/stream/engine/live_engine.py
Betfair/stream/backtest/tools/misura_punto8/o6_coda.py	Betfair/omega/__init__.py
Betfair/stream/backtest/tools/misura_punto8/o6_coda.py	Betfair/omega/omega_proposte.py
Betfair/stream/backtest/tools/misura_punto8/o6_coda.py	Betfair/omega/omega_v3.py
Betfair/stream/backtest/tools/misura_punto8/o6_coda.py	Betfair/stream/backtest/tools/misura_punto8/__init__.py
Betfair/stream/backtest/tools/misura_punto8/o6_coda.py	Betfair/stream/backtest/tools/misura_punto8/comune.py
Betfair/stream/backtest/tools/misura_punto8/o6_coda.py	Betfair/stream/backtest/tools/misura_punto8/o1_catena_lambda.py
Betfair/stream/backtest/tools/misura_punto8/o6_coda.py	Betfair/stream/backtest/tools/misura_punto8/percorsi.py
Betfair/stream/backtest/tools/misura_punto8/s2_calibrazione_uscita.py	Betfair/safe_strategy/calibration.py
Betfair/stream/backtest/tools/misura_punto8/s2_calibrazione_uscita.py	Betfair/safe_strategy/opportunity.py
Betfair/stream/backtest/tools/misura_punto8/s2_calibrazione_uscita.py	Betfair/safe_strategy/tools/__init__.py
Betfair/stream/backtest/tools/misura_punto8/s2_calibrazione_uscita.py	Betfair/safe_strategy/tools/validate_opportunity.py
Betfair/stream/backtest/tools/misura_punto8/s2_calibrazione_uscita.py	Betfair/stream/backtest/tools/misura_punto8/__init__.py
Betfair/stream/backtest/tools/misura_punto8/s2_calibrazione_uscita.py	Betfair/stream/backtest/tools/misura_punto8/comune.py
Betfair/stream/backtest/tools/misura_punto8/s2_calibrazione_uscita.py	Betfair/stream/backtest/tools/misura_punto8/percorsi.py
Betfair/stream/backtest/tools/misura_punto8/t1_superficie.py	Betfair/stream/backtest/tools/misura_punto8/__init__.py
Betfair/stream/backtest/tools/misura_punto8/t1_superficie.py	Betfair/stream/backtest/tools/misura_punto8/comune.py
Betfair/stream/backtest/tools/misura_punto8/t1_superficie.py	Betfair/stream/backtest/tools/misura_punto8/percorsi.py
Betfair/stream/backtest/tools/misura_punto8/test_misura_punto8.py	Betfair/omega/__init__.py
Betfair/stream/backtest/tools/misura_punto8/test_misura_punto8.py	Betfair/omega/omega_proposte.py
Betfair/stream/backtest/tools/misura_punto8/test_misura_punto8.py	Betfair/omega/omega_v3.py
Betfair/stream/backtest/tools/misura_punto8/test_misura_punto8.py	Betfair/safe_strategy/calibration.py
Betfair/stream/backtest/tools/misura_punto8/test_misura_punto8.py	Betfair/stream/backtest/tools/misura_punto8/__init__.py
Betfair/stream/backtest/tools/misura_punto8/test_misura_punto8.py	Betfair/stream/backtest/tools/misura_punto8/comune.py
Betfair/stream/backtest/tools/misura_punto8/test_misura_punto8.py	Betfair/stream/backtest/tools/misura_punto8/estrai_db.py
Betfair/stream/backtest/tools/misura_punto8/test_misura_punto8.py	Betfair/stream/backtest/tools/misura_punto8/m1_mike.py
Betfair/stream/backtest/tools/misura_punto8/test_misura_punto8.py	Betfair/stream/backtest/tools/misura_punto8/o1_catena_lambda.py
Betfair/stream/backtest/tools/misura_punto8/test_misura_punto8.py	Betfair/stream/backtest/tools/misura_punto8/o5_rossi.py
Betfair/stream/backtest/tools/misura_punto8/test_misura_punto8.py	Betfair/stream/backtest/tools/misura_punto8/o6_coda.py
Betfair/stream/backtest/tools/misura_punto8/test_misura_punto8.py	Betfair/stream/backtest/tools/misura_punto8/percorsi.py
Betfair/stream/backtest/tools/misura_punto8/test_misura_punto8.py	Betfair/stream/backtest/tools/misura_punto8/s2_calibrazione_uscita.py
Betfair/stream/backtest/tools/misura_punto8/test_misura_punto8.py	Betfair/stream/backtest/tools/misura_punto8/t1_superficie.py
Betfair/stream/backtest/tools/misura_punto8/test_misura_punto8.py	Betfair/stream/backtest/tools/misura_punto8/x1_bias.py
Betfair/stream/backtest/tools/misura_punto8/test_misura_punto8.py	Betfair/stream/scalper/bias_resolver.py
Betfair/stream/backtest/tools/misura_punto8/x1_bias.py	Betfair/safe_strategy/tools/validate_opportunity.py
Betfair/stream/backtest/tools/misura_punto8/x1_bias.py	Betfair/stream/backtest/tools/misura_punto8/__init__.py
Betfair/stream/backtest/tools/misura_punto8/x1_bias.py	Betfair/stream/backtest/tools/misura_punto8/comune.py
Betfair/stream/backtest/tools/misura_punto8/x1_bias.py	Betfair/stream/backtest/tools/misura_punto8/percorsi.py
Betfair/stream/backtest/tools/misura_punto8/x1_bias.py	Betfair/stream/scalper/bias_resolver.py
Betfair/stream/backtest/trasporto.py	Betfair/mike/__init__.py
Betfair/stream/backtest/trasporto.py	Betfair/mike/porta_ordini.py
Betfair/stream/backtest/trasporto.py	Betfair/omega/__init__.py
Betfair/stream/backtest/trasporto.py	Betfair/omega/porta_ordini.py
Betfair/stream/backtest/trasporto.py	Betfair/safe_strategy/__init__.py
Betfair/stream/backtest/trasporto.py	Betfair/safe_strategy/porta_ordini.py
Betfair/stream/backtest/trasporto.py	Betfair/stream/backtest/porta_banco.py
Betfair/stream/backtest/trasporto.py	Betfair/stream/engine/live_trading_strategy.py
Betfair/stream/backtest/trasporto_rapido.py	Betfair/omega/__init__.py
Betfair/stream/backtest/trasporto_rapido.py	Betfair/omega/omega_config.py
Betfair/stream/backtest/trasporto_rapido.py	Betfair/omega/omega_service.py
Betfair/stream/backtest/trasporto_rapido.py	Betfair/omega/porta_ordini.py
Betfair/stream/backtest/trasporto_rapido.py	Betfair/omega/tools/replay_registrazioni.py
Betfair/stream/backtest/trasporto_rapido.py	Betfair/safe_strategy/__init__.py
Betfair/stream/backtest/trasporto_rapido.py	Betfair/safe_strategy/bot_service.py
Betfair/stream/backtest/trasporto_rapido.py	Betfair/safe_strategy/execution.py
Betfair/stream/backtest/trasporto_rapido.py	Betfair/safe_strategy/porta_ordini.py
Betfair/stream/backtest/trasporto_rapido.py	Betfair/safe_strategy/tools/replay_registrazioni.py
Betfair/stream/backtest/trasporto_rapido.py	Betfair/stream/__init__.py
Betfair/stream/backtest/trasporto_rapido.py	Betfair/stream/auto_follow.py
Betfair/stream/backtest/trasporto_rapido.py	Betfair/stream/backtest/__init__.py
Betfair/stream/backtest/trasporto_rapido.py	Betfair/stream/backtest/banco_comune.py
Betfair/stream/backtest/trasporto_rapido.py	Betfair/stream/backtest/porta_banco.py
Betfair/stream/backtest/trasporto_rapido.py	Betfair/stream/backtest/trasporto.py
Betfair/stream/backtest/trasporto_rapido.py	Betfair/stream/live_order_worker.py
Betfair/stream/backtest/trasporto_rapido.py	Betfair/stream/modo_ordini.py
Betfair/stream/backtest/trasporto_rapido.py	Betfair/stream/tennis_live/__init__.py
Betfair/stream/backtest/trasporto_rapido.py	Betfair/stream/tennis_live/esecutore_tennis.py
Betfair/stream/backtest/trasporto_rapido.py	Betfair/stream/tennis_live/guardie_tennis.py
Betfair/stream/backtest/trasporto_rapido.py	Betfair/stream/tennis_live/iscrizione_a_caldo.py
Betfair/stream/backtest/trasporto_rapido.py	Betfair/stream/tennis_live/tennis_live_order_worker.py
Betfair/stream/backtest/uscite_manuali.py	Betfair/stream/__init__.py
Betfair/stream/backtest/uscite_manuali.py	Betfair/stream/trading/submin.py
Betfair/stream/backtest/uscite_manuali.py	Betfair/stream/uscite_proposte.py
Betfair/stream/backtest/varianti_bot.py	Betfair/stream/engine/live_trading_strategy.py
Betfair/stream/backtest/worker.py	Betfair/stream/__init__.py
Betfair/stream/backtest/worker.py	Betfair/stream/backtest/applica_bot.py
Betfair/stream/backtest/worker.py	Betfair/stream/backtest/run_backtest.py
Betfair/stream/backtest/worker.py	Betfair/stream/db.py
Betfair/stream/board_worker.py	Betfair/safe_strategy/scanner.py
Betfair/stream/board_worker.py	Betfair/stream/__init__.py
Betfair/stream/board_worker.py	Betfair/stream/local_channel.py
Betfair/stream/board_worker.py	Betfair/stream/scores/scan_feed.py
Betfair/stream/canale_bot.py	Betfair/stream/__init__.py
Betfair/stream/canale_bot.py	Betfair/stream/local_channel.py
Betfair/stream/config_stream.py	Betfair/stream/ladder_canale.py
Betfair/stream/daily_stop_worker.py	Betfair/stream/__init__.py
Betfair/stream/daily_stop_worker.py	Betfair/stream/db.py
Betfair/stream/daily_stop_worker.py	Betfair/stream/live_order_worker.py
Betfair/stream/daily_stop_worker.py	Betfair/stream/trading/__init__.py
Betfair/stream/daily_stop_worker.py	Betfair/stream/trading/daily_pnl.py
Betfair/stream/daily_stop_worker.py	db_client.py
Betfair/stream/db.py	Betfair/stream/config_stream.py
Betfair/stream/db.py	Betfair/stream/local_channel.py
Betfair/stream/db.py	Betfair/stream/net_retry.py
Betfair/stream/db.py	db_client.py
Betfair/stream/engine/live_engine.py	value_engine/goal_timing.py
Betfair/stream/engine/live_engine_pro.py	Betfair/stream/engine/live_engine.py
Betfair/stream/engine/live_engine_pro.py	tactical_engine/dixon_coles.py
Betfair/stream/engine/live_engine_pro.py	value_engine/devig.py
Betfair/stream/engine/live_engine_pro.py	value_engine/poisson_total.py
Betfair/stream/engine/live_trading_strategy.py	Betfair/stream/__init__.py
Betfair/stream/engine/live_trading_strategy.py	Betfair/stream/db.py
Betfair/stream/engine/live_trading_strategy.py	Betfair/stream/esiti_ordini_canale.py
Betfair/stream/engine/live_trading_strategy.py	Betfair/stream/local_channel.py
Betfair/stream/engine/live_trading_strategy.py	Betfair/stream/tempi_ordine.py
Betfair/stream/esiti_ordini_canale.py	Betfair/stream/canale_bot.py
Betfair/stream/frammenti_mercato.py	Betfair/stream/__init__.py
Betfair/stream/frammenti_mercato.py	Betfair/stream/auto_follow.py
Betfair/stream/frammenti_mercato.py	Betfair/stream/raw_listener.py
Betfair/stream/frammenti_mercato.py	Betfair/stream/runner_lifecycle.py
Betfair/stream/frammenti_mercato.py	Betfair/stream/sottoscrizione_a_caldo.py
Betfair/stream/live_order_build.py	Betfair/stream/trading/__init__.py
Betfair/stream/live_order_build.py	Betfair/stream/trading/minimi_it.py
Betfair/stream/live_order_worker.py	Betfair/stream/__init__.py
Betfair/stream/live_order_worker.py	Betfair/stream/canale_bot.py
Betfair/stream/live_order_worker.py	Betfair/stream/config_stream.py
Betfair/stream/live_order_worker.py	Betfair/stream/db.py
Betfair/stream/live_order_worker.py	Betfair/stream/live_order_build.py
Betfair/stream/live_order_worker.py	Betfair/stream/local_channel.py
Betfair/stream/live_order_worker.py	Betfair/stream/modo_ordini.py
Betfair/stream/live_order_worker.py	Betfair/stream/motore_ordini.py
Betfair/stream/live_order_worker.py	Betfair/stream/net_retry.py
Betfair/stream/live_order_worker.py	Betfair/stream/riserva_prezzi.py
Betfair/stream/live_order_worker.py	Betfair/stream/tempi_ordine.py
Betfair/stream/live_order_worker.py	Betfair/stream/trading/__init__.py
Betfair/stream/live_order_worker.py	Betfair/stream/trading/controls.py
Betfair/stream/live_order_worker.py	Betfair/stream/trading/dutching.py
Betfair/stream/live_order_worker.py	Betfair/stream/trading/greenup.py
Betfair/stream/live_order_worker.py	Betfair/stream/trading/hedging.py
Betfair/stream/live_order_worker.py	Betfair/stream/trading/minimi_it.py
Betfair/stream/live_order_worker.py	Betfair/stream/trading/stato_mercato.py
Betfair/stream/live_order_worker.py	Betfair/stream/trading/submin.py
Betfair/stream/live_order_worker.py	db_client.py
Betfair/stream/modo_ordini.py	Betfair/stream/__init__.py
Betfair/stream/modo_ordini.py	Betfair/stream/avvio_app.py
Betfair/stream/modo_ordini.py	db_client.py
Betfair/stream/motore_ordini.py	Betfair/stream/__init__.py
Betfair/stream/motore_ordini.py	Betfair/stream/db.py
Betfair/stream/motore_ordini.py	Betfair/stream/live_order_build.py
Betfair/stream/motore_ordini.py	Betfair/stream/live_order_worker.py
Betfair/stream/motore_ordini.py	Betfair/stream/trading/__init__.py
Betfair/stream/motore_ordini.py	Betfair/stream/trading/minimi_it.py
Betfair/stream/motore_ordini.py	Betfair/stream/trading/submin.py
Betfair/stream/motore_ordini.py	db_client.py
Betfair/stream/odds_http.py	Betfair/odds_refresh.py
Betfair/stream/odds_http.py	Betfair/order_exec.py
Betfair/stream/raw_listener.py	Betfair/stream/runner_lifecycle.py
Betfair/stream/reconcile_worker.py	Betfair/stream/__init__.py
Betfair/stream/reconcile_worker.py	Betfair/stream/db.py
Betfair/stream/reconcile_worker.py	Betfair/stream/live_order_worker.py
Betfair/stream/reconcile_worker.py	Betfair/stream/local_channel.py
Betfair/stream/reconcile_worker.py	Betfair/stream/net_retry.py
Betfair/stream/reconcile_worker.py	Betfair/stream/saldo_evento.py
Betfair/stream/reconcile_worker.py	Betfair/stream/trading/daily_pnl.py
Betfair/stream/reconcile_worker.py	db_client.py
Betfair/stream/riserva_prezzi.py	Betfair/stream/__init__.py
Betfair/stream/riserva_prezzi.py	Betfair/stream/flusso_prezzi.py
Betfair/stream/riserva_prezzi.py	Betfair/stream/scores/__init__.py
Betfair/stream/riserva_prezzi.py	Betfair/stream/scores/scan_feed.py
Betfair/stream/risk_engine_worker.py	Betfair/stream/__init__.py
Betfair/stream/risk_engine_worker.py	Betfair/stream/config_stream.py
Betfair/stream/risk_engine_worker.py	Betfair/stream/db.py
Betfair/stream/risk_engine_worker.py	Betfair/stream/live_order_worker.py
Betfair/stream/risk_engine_worker.py	Betfair/stream/riserva_prezzi.py
Betfair/stream/risk_engine_worker.py	Betfair/stream/trading/__init__.py
Betfair/stream/risk_engine_worker.py	Betfair/stream/trading/risk_engine.py
Betfair/stream/risk_engine_worker.py	db_client.py
Betfair/stream/runner.py	Betfair/client.py
Betfair/stream/runner.py	Betfair/stream/__init__.py
Betfair/stream/runner.py	Betfair/stream/arresto_ordinato.py
Betfair/stream/runner.py	Betfair/stream/auth.py
Betfair/stream/runner.py	Betfair/stream/auto_follow.py
Betfair/stream/runner.py	Betfair/stream/avvio_app.py
Betfair/stream/runner.py	Betfair/stream/board_worker.py
Betfair/stream/runner.py	Betfair/stream/canale_bot.py
Betfair/stream/runner.py	Betfair/stream/client_paper_affiancato.py
Betfair/stream/runner.py	Betfair/stream/config_stream.py
Betfair/stream/runner.py	Betfair/stream/daily_stop_worker.py
Betfair/stream/runner.py	Betfair/stream/db.py
Betfair/stream/runner.py	Betfair/stream/engine/__init__.py
Betfair/stream/runner.py	Betfair/stream/engine/live_engine_pro.py
Betfair/stream/runner.py	Betfair/stream/engine/live_trading_strategy.py
Betfair/stream/runner.py	Betfair/stream/frammenti_mercato.py
Betfair/stream/runner.py	Betfair/stream/ladder_canale.py
Betfair/stream/runner.py	Betfair/stream/limits.py
Betfair/stream/runner.py	Betfair/stream/live_order_worker.py
Betfair/stream/runner.py	Betfair/stream/local_channel.py
Betfair/stream/runner.py	Betfair/stream/modo_ordini.py
Betfair/stream/runner.py	Betfair/stream/motore_ordini.py
Betfair/stream/runner.py	Betfair/stream/raw_listener.py
Betfair/stream/runner.py	Betfair/stream/reconcile_worker.py
Betfair/stream/runner.py	Betfair/stream/recorder.py
Betfair/stream/runner.py	Betfair/stream/riserva_prezzi.py
Betfair/stream/runner.py	Betfair/stream/risk_engine_worker.py
Betfair/stream/runner.py	Betfair/stream/runner_lifecycle.py
Betfair/stream/runner.py	Betfair/stream/scores/api_football.py
Betfair/stream/runner.py	Betfair/stream/scores/betfair_inplay.py
Betfair/stream/runner.py	Betfair/stream/scores/poller.py
Betfair/stream/runner.py	Betfair/stream/scores/scan_feed.py
Betfair/stream/runner.py	Betfair/stream/single_instance.py
Betfair/stream/runner.py	Betfair/stream/stream_muto.py
Betfair/stream/runner.py	Betfair/stream/trading/controls.py
Betfair/stream/runner.py	Betfair/stream/uploader.py
Betfair/stream/runner.py	Betfair/stream/valuta.py
Betfair/stream/runner.py	Betfair/stream/watchlist.py
Betfair/stream/runner.py	Betfair/stream/xhedge_worker.py
Betfair/stream/runner.py	db_client.py
Betfair/stream/saldo_evento.py	Betfair/stream/__init__.py
Betfair/stream/saldo_evento.py	Betfair/stream/db.py
Betfair/stream/saldo_evento.py	Betfair/stream/local_channel.py
Betfair/stream/scalper/__init__.py	Betfair/stream/scalper/scalper_bot.py
Betfair/stream/scalper/atlante_a_domanda.py	Betfair/stream/scalper/__init__.py
Betfair/stream/scalper/atlante_a_domanda.py	Betfair/stream/scalper/genera_atlante.py
Betfair/stream/scalper/atlante_a_domanda.py	Betfair/stream/scalper/hazard_atlas.py
Betfair/stream/scalper/atlante_v4.py	Betfair/stream/scalper/__init__.py
Betfair/stream/scalper/atlante_v4.py	Betfair/stream/scalper/genera_atlante.py
Betfair/stream/scalper/atlante_v4.py	Betfair/stream/scalper/hazard_atlas.py
Betfair/stream/scalper/atlante_v4.py	Betfair/stream/scalper/validazione_hazard/__init__.py
Betfair/stream/scalper/atlante_v4.py	Betfair/stream/scalper/validazione_hazard/candidati.py
Betfair/stream/scalper/atlante_v4.py	Betfair/stream/scalper/validazione_hazard/dati.py
Betfair/stream/scalper/atlante_v4.py	Betfair/stream/scalper/validazione_hazard/forza.py
Betfair/stream/scalper/atlante_v4.py	Betfair/stream/scalper/validazione_hazard/stati.py
Betfair/stream/scalper/auto_mode.py	Betfair/stream/tennis_live/auto_mode.py
Betfair/stream/scalper/certificazione.py	Betfair/stream/scalper/__init__.py
Betfair/stream/scalper/certificazione.py	Betfair/stream/scalper/media_under_bot.py
Betfair/stream/scalper/certificazione.py	Betfair/stream/scalper/scalper_bot.py
Betfair/stream/scalper/certificazione.py	Betfair/stream/trading/minimi_it.py
Betfair/stream/scalper/genera_atlante.py	Betfair/stream/scalper/__init__.py
Betfair/stream/scalper/genera_atlante.py	Betfair/stream/scalper/atlante_v4.py
Betfair/stream/scalper/habitat_scan.py	Betfair/stream/auth.py
Betfair/stream/scalper/hazard_atlas_sync.py	Betfair/stream/scalper/__init__.py
Betfair/stream/scalper/hazard_atlas_sync.py	Betfair/stream/scalper/atlante_a_domanda.py
Betfair/stream/scalper/hazard_atlas_sync.py	Betfair/stream/scalper/genera_atlante.py
Betfair/stream/scalper/hazard_atlas_sync.py	Betfair/stream/scalper/hazard_atlas.py
Betfair/stream/scalper/media_under_bot.py	Betfair/stream/scalper/auto_mode.py
Betfair/stream/scalper/media_under_bot.py	Betfair/stream/scalper/scalper_bot.py
Betfair/stream/scalper/media_under_bot.py	Betfair/stream/trading/minimi_it.py
Betfair/stream/scalper/run_scalper.py	Betfair/stream/backtest/run_backtest.py
Betfair/stream/scalper/run_scalper.py	Betfair/stream/config_stream.py
Betfair/stream/scalper/run_scalper.py	Betfair/stream/scalper/scalper_bot.py
Betfair/stream/scalper/run_scalper.py	Betfair/stream/tools/validate_recordings.py
Betfair/stream/scalper/run_scalper_live.py	Betfair/stream/auth.py
Betfair/stream/scalper/run_scalper_live.py	Betfair/stream/scalper/scalper_bot.py
Betfair/stream/scalper/run_scalper_live.py	Betfair/stream/single_instance.py
Betfair/stream/scalper/run_theta.py	Betfair/stream/backtest/run_backtest.py
Betfair/stream/scalper/run_theta.py	Betfair/stream/config_stream.py
Betfair/stream/scalper/run_theta.py	Betfair/stream/scalper/risk_semaphore.py
Betfair/stream/scalper/run_theta.py	Betfair/stream/scalper/theta_bot.py
Betfair/stream/scalper/run_theta.py	Betfair/stream/tools/validate_recordings.py
Betfair/stream/scalper/scalper_bot.py	Betfair/stream/live_order_build.py
Betfair/stream/scalper/scalper_bot.py	Betfair/stream/scalper/risk_semaphore.py
Betfair/stream/scalper/scalper_bot.py	Betfair/stream/trading/freno_rifiuti.py
Betfair/stream/scalper/scalper_bot.py	Betfair/stream/trading/minimi_it.py
Betfair/stream/scalper/scalper_bot.py	Betfair/stream/trading/stato_mercato.py
Betfair/stream/scalper/scalper_bot.py	Betfair/stream/trading/submin.py
Betfair/stream/scalper/scalper_bot.py	Betfair/stream/uscite_proposte.py
Betfair/stream/scalper/scalper_service.py	Betfair/stream/__init__.py
Betfair/stream/scalper/scalper_service.py	Betfair/stream/arresto_ordinato.py
Betfair/stream/scalper/scalper_service.py	Betfair/stream/auth.py
Betfair/stream/scalper/scalper_service.py	Betfair/stream/avvio_app.py
Betfair/stream/scalper/scalper_service.py	Betfair/stream/canale_bot.py
Betfair/stream/scalper/scalper_service.py	Betfair/stream/local_channel.py
Betfair/stream/scalper/scalper_service.py	Betfair/stream/scalper/__init__.py
Betfair/stream/scalper/scalper_service.py	Betfair/stream/scalper/auto_mode.py
Betfair/stream/scalper/scalper_service.py	Betfair/stream/scalper/habitat_scan.py
Betfair/stream/scalper/scalper_service.py	Betfair/stream/scalper/scalper_session.py
Betfair/stream/scalper/scalper_service.py	Betfair/stream/single_instance.py
Betfair/stream/scalper/scalper_service.py	db_client.py
Betfair/stream/scalper/scalper_session.py	Betfair/safe_strategy/__init__.py
Betfair/stream/scalper/scalper_session.py	Betfair/safe_strategy/execution.py
Betfair/stream/scalper/scalper_session.py	Betfair/stream/__init__.py
Betfair/stream/scalper/scalper_session.py	Betfair/stream/arresto_ordinato.py
Betfair/stream/scalper/scalper_session.py	Betfair/stream/auth.py
Betfair/stream/scalper/scalper_session.py	Betfair/stream/config_stream.py
Betfair/stream/scalper/scalper_session.py	Betfair/stream/engine/live_trading_strategy.py
Betfair/stream/scalper/scalper_session.py	Betfair/stream/scalper/__init__.py
Betfair/stream/scalper/scalper_session.py	Betfair/stream/scalper/auto_mode.py
Betfair/stream/scalper/scalper_session.py	Betfair/stream/scalper/bias_resolver.py
Betfair/stream/scalper/scalper_session.py	Betfair/stream/scalper/media_under_bot.py
Betfair/stream/scalper/scalper_session.py	Betfair/stream/scalper/risk_semaphore.py
Betfair/stream/scalper/scalper_session.py	Betfair/stream/scalper/scalper_bot.py
Betfair/stream/scalper/scalper_session.py	Betfair/stream/scalper/sniper_bot.py
Betfair/stream/scalper/scalper_session.py	Betfair/stream/scalper/theta_bot.py
Betfair/stream/scalper/scalper_session.py	Betfair/stream/stream_muto.py
Betfair/stream/scalper/scalper_session.py	Betfair/stream/tennis_live/paper_execution.py
Betfair/stream/scalper/scalper_session.py	Betfair/stream/trading/__init__.py
Betfair/stream/scalper/scalper_session.py	Betfair/stream/trading/controls.py
Betfair/stream/scalper/scalper_session.py	Betfair/stream/uscite_proposte.py
Betfair/stream/scalper/scalper_session.py	Betfair/stream/valuta.py
Betfair/stream/scalper/scalper_session.py	db_client.py
Betfair/stream/scalper/sniper_bot.py	Betfair/stream/scalper/risk_semaphore.py
Betfair/stream/scalper/sniper_bot.py	Betfair/stream/scalper/scalper_bot.py
Betfair/stream/scalper/sniper_bot.py	Betfair/stream/trading/minimi_it.py
Betfair/stream/scalper/sniper_bot.py	Betfair/stream/trading/submin.py
Betfair/stream/scalper/sniper_bot.py	Betfair/stream/uscite_proposte.py
Betfair/stream/scalper/theta_bot.py	Betfair/stream/scalper/hazard_atlas.py
Betfair/stream/scalper/theta_bot.py	Betfair/stream/scalper/risk_semaphore.py
Betfair/stream/scalper/theta_bot.py	Betfair/stream/scalper/scalper_bot.py
Betfair/stream/scalper/theta_bot.py	Betfair/stream/scalper/sniper_bot.py
Betfair/stream/scalper/tools/atlas_v0.py	Betfair/stream/scalper/tools/mcm.py
Betfair/stream/scalper/tools/replay_registrazioni.py	Betfair/stream/__init__.py
Betfair/stream/scalper/tools/replay_registrazioni.py	Betfair/stream/auth.py
Betfair/stream/scalper/tools/replay_registrazioni.py	Betfair/stream/backtest/__init__.py
Betfair/stream/scalper/tools/replay_registrazioni.py	Betfair/stream/backtest/banco_comune.py
Betfair/stream/scalper/tools/replay_registrazioni.py	Betfair/stream/backtest/chiusura_parziale.py
Betfair/stream/scalper/tools/replay_registrazioni.py	Betfair/stream/backtest/sim_strategy.py
Betfair/stream/scalper/tools/replay_registrazioni.py	Betfair/stream/backtest/uscite_manuali.py
Betfair/stream/scalper/tools/replay_registrazioni.py	Betfair/stream/backtest/varianti_bot.py
Betfair/stream/scalper/tools/replay_registrazioni.py	Betfair/stream/db.py
Betfair/stream/scalper/tools/replay_registrazioni.py	Betfair/stream/engine/live_trading_strategy.py
Betfair/stream/scalper/tools/replay_registrazioni.py	Betfair/stream/live_order_build.py
Betfair/stream/scalper/tools/replay_registrazioni.py	Betfair/stream/scalper/__init__.py
Betfair/stream/scalper/tools/replay_registrazioni.py	Betfair/stream/scalper/auto_mode.py
Betfair/stream/scalper/tools/replay_registrazioni.py	Betfair/stream/scalper/certificazione.py
Betfair/stream/scalper/tools/replay_registrazioni.py	Betfair/stream/scalper/media_under_bot.py
Betfair/stream/scalper/tools/replay_registrazioni.py	Betfair/stream/scalper/scalper_service.py
Betfair/stream/scalper/tools/replay_registrazioni.py	Betfair/stream/scalper/scalper_session.py
Betfair/stream/scalper/tools/replay_registrazioni.py	Betfair/stream/scalper/sniper_bot.py
Betfair/stream/scalper/tools/replay_registrazioni.py	Betfair/stream/stream_muto.py
Betfair/stream/scalper/tools/replay_registrazioni.py	Betfair/stream/tools/validate_recordings.py
Betfair/stream/scalper/tools/replay_registrazioni.py	Betfair/stream/valuta.py
Betfair/stream/scalper/tools/replay_registrazioni.py	db_client.py
Betfair/stream/scalper/validazione_hazard/banco.py	Betfair/stream/engine/live_engine_pro.py
Betfair/stream/scalper/validazione_hazard/banco.py	Betfair/stream/scalper/__init__.py
Betfair/stream/scalper/validazione_hazard/banco.py	Betfair/stream/scalper/atlante_v4.py
Betfair/stream/scalper/validazione_hazard/banco.py	Betfair/stream/scalper/validazione_hazard/__init__.py
Betfair/stream/scalper/validazione_hazard/banco.py	Betfair/stream/scalper/validazione_hazard/candidati.py
Betfair/stream/scalper/validazione_hazard/banco.py	Betfair/stream/scalper/validazione_hazard/dati.py
Betfair/stream/scalper/validazione_hazard/banco.py	Betfair/stream/scalper/validazione_hazard/forza.py
Betfair/stream/scalper/validazione_hazard/banco.py	Betfair/stream/scalper/validazione_hazard/metriche.py
Betfair/stream/scalper/validazione_hazard/banco.py	Betfair/stream/scalper/validazione_hazard/modello_b1.py
Betfair/stream/scalper/validazione_hazard/banco.py	Betfair/stream/scalper/validazione_hazard/produzione.py
Betfair/stream/scalper/validazione_hazard/banco.py	Betfair/stream/scalper/validazione_hazard/raccogli.py
Betfair/stream/scalper/validazione_hazard/banco.py	Betfair/stream/scalper/validazione_hazard/stati.py
Betfair/stream/scalper/validazione_hazard/dati.py	Betfair/stream/scalper/genera_atlante.py
Betfair/stream/scalper/validazione_hazard/forza.py	Betfair/stream/scalper/validazione_hazard/dati.py
Betfair/stream/scalper/validazione_hazard/parita.py	Betfair/stream/scalper/genera_atlante.py
Betfair/stream/scalper/validazione_hazard/produzione.py	Betfair/stream/scalper/__init__.py
Betfair/stream/scalper/validazione_hazard/produzione.py	Betfair/stream/scalper/genera_atlante.py
Betfair/stream/scalper/validazione_hazard/produzione.py	Betfair/stream/scalper/hazard_atlas.py
Betfair/stream/scalper/validazione_hazard/raccogli.py	Betfair/stream/scalper/genera_atlante.py
Betfair/stream/scalper/validazione_hazard/stati.py	Betfair/stream/scalper/validazione_hazard/dati.py
Betfair/stream/scalper/validazione_hazard/taratura_b1.py	Betfair/stream/scalper/validazione_hazard/__init__.py
Betfair/stream/scalper/validazione_hazard/taratura_b1.py	Betfair/stream/scalper/validazione_hazard/banco.py
Betfair/stream/scalper/validazione_hazard/taratura_b1.py	Betfair/stream/scalper/validazione_hazard/forza.py
Betfair/stream/scalper/validazione_hazard/taratura_b1.py	Betfair/stream/scalper/validazione_hazard/metriche.py
Betfair/stream/scalper/validazione_hazard/taratura_b1.py	Betfair/stream/scalper/validazione_hazard/modello_b1.py
Betfair/stream/scores/api_football.py	Betfair/stream/scores/base.py
Betfair/stream/scores/api_football.py	api_client.py
Betfair/stream/scores/betfair_inplay.py	Betfair/stream/scores/base.py
Betfair/stream/scores/poller.py	Betfair/stream/scores/base.py
Betfair/stream/scores/scan_feed.py	Betfair/safe_strategy/__init__.py
Betfair/stream/scores/scan_feed.py	Betfair/safe_strategy/canale_scan.py
Betfair/stream/scores/scan_feed.py	Betfair/stream/canale_bot.py
Betfair/stream/scores/scan_feed.py	Betfair/stream/scores/base.py
Betfair/stream/scores/scan_feed.py	Betfair/stream/scores/betfair_inplay.py
Betfair/stream/scores/scan_feed.py	db_client.py
Betfair/stream/stream_muto.py	Betfair/safe_strategy/stream.py
Betfair/stream/sveglia_canale.py	Betfair/stream/canale_bot.py
Betfair/stream/tennis_live/canale_bot_tennis.py	Betfair/stream/__init__.py
Betfair/stream/tennis_live/canale_bot_tennis.py	Betfair/stream/canale_bot.py
Betfair/stream/tennis_live/canale_bot_tennis.py	Betfair/stream/local_channel.py
Betfair/stream/tennis_live/canale_bot_tennis.py	Betfair/stream/sveglia_canale.py
Betfair/stream/tennis_live/certificazione_bot.py	Betfair/stream/tennis_live/guardie_tennis.py
Betfair/stream/tennis_live/certificazione_bot.py	Betfair/stream/tennis_scalper/__init__.py
Betfair/stream/tennis_live/certificazione_bot.py	Betfair/stream/tennis_scalper/condotta_ordini.py
Betfair/stream/tennis_live/certificazione_bot.py	Betfair/stream/tennis_scalper/tennis_flb_bot.py
Betfair/stream/tennis_live/certificazione_bot.py	Betfair/stream/tennis_scalper/tennis_scalper_bot.py
Betfair/stream/tennis_live/certificazione_bot.py	Betfair/stream/trading/__init__.py
Betfair/stream/tennis_live/certificazione_bot.py	Betfair/stream/trading/minimi_it.py
Betfair/stream/tennis_live/chiusura_manuale.py	Betfair/stream/__init__.py
Betfair/stream/tennis_live/chiusura_manuale.py	Betfair/stream/avvio_app.py
Betfair/stream/tennis_live/chiusura_manuale.py	Betfair/stream/tennis_live/__init__.py
Betfair/stream/tennis_live/chiusura_manuale.py	Betfair/stream/tennis_live/tennis_db.py
Betfair/stream/tennis_live/chiusura_manuale.py	Betfair/stream/tennis_live/tennis_live_order_worker.py
Betfair/stream/tennis_live/chiusura_manuale.py	Betfair/stream/tennis_scalper/__init__.py
Betfair/stream/tennis_live/chiusura_manuale.py	Betfair/stream/tennis_scalper/condotta_ordini.py
Betfair/stream/tennis_live/esecutore_tennis.py	Betfair/stream/__init__.py
Betfair/stream/tennis_live/esecutore_tennis.py	Betfair/stream/live_order_worker.py
Betfair/stream/tennis_live/esecutore_tennis.py	Betfair/stream/motore_ordini.py
Betfair/stream/tennis_live/esecutore_tennis.py	Betfair/stream/tempi_ordine.py
Betfair/stream/tennis_live/esecutore_tennis.py	Betfair/stream/tennis_live/__init__.py
Betfair/stream/tennis_live/esecutore_tennis.py	Betfair/stream/tennis_live/iscrizione_a_caldo.py
Betfair/stream/tennis_live/esecutore_tennis.py	Betfair/stream/tennis_live/tennis_db.py
Betfair/stream/tennis_live/esecutore_tennis.py	Betfair/stream/tennis_live/tennis_live_order_worker.py
Betfair/stream/tennis_live/esecutore_tennis.py	Betfair/stream/trading/submin.py
Betfair/stream/tennis_live/guardie_tennis.py	Betfair/stream/__init__.py
Betfair/stream/tennis_live/guardie_tennis.py	Betfair/stream/avvio_app.py
Betfair/stream/tennis_live/guardie_tennis.py	Betfair/stream/canale_bot.py
Betfair/stream/tennis_live/guardie_tennis.py	Betfair/stream/client_paper_affiancato.py
Betfair/stream/tennis_live/guardie_tennis.py	Betfair/stream/live_order_worker.py
Betfair/stream/tennis_live/guardie_tennis.py	Betfair/stream/local_channel.py
Betfair/stream/tennis_live/guardie_tennis.py	Betfair/stream/modo_ordini.py
Betfair/stream/tennis_live/guardie_tennis.py	Betfair/stream/tennis_live/__init__.py
Betfair/stream/tennis_live/guardie_tennis.py	Betfair/stream/tennis_live/tennis_bot_service.py
Betfair/stream/tennis_live/guardie_tennis.py	Betfair/stream/tennis_live/tennis_db.py
Betfair/stream/tennis_live/guardie_tennis.py	Betfair/stream/tennis_live/tennis_live_order_worker.py
Betfair/stream/tennis_live/guardie_tennis.py	Betfair/stream/tennis_live/tennis_runner.py
Betfair/stream/tennis_live/guardie_tennis.py	Betfair/stream/trading/controls.py
Betfair/stream/tennis_live/iscrizione_a_caldo.py	Betfair/stream/sottoscrizione_a_caldo.py
Betfair/stream/tennis_live/tennis_bot_service.py	Betfair/stream/__init__.py
Betfair/stream/tennis_live/tennis_bot_service.py	Betfair/stream/arresto_ordinato.py
Betfair/stream/tennis_live/tennis_bot_service.py	Betfair/stream/avvio_app.py
Betfair/stream/tennis_live/tennis_bot_service.py	Betfair/stream/canale_bot.py
Betfair/stream/tennis_live/tennis_bot_service.py	Betfair/stream/local_channel.py
Betfair/stream/tennis_live/tennis_bot_service.py	Betfair/stream/single_instance.py
Betfair/stream/tennis_live/tennis_bot_service.py	Betfair/stream/sveglia_canale.py
Betfair/stream/tennis_live/tennis_bot_service.py	Betfair/stream/tennis_live/__init__.py
Betfair/stream/tennis_live/tennis_bot_service.py	Betfair/stream/tennis_live/auto_mode.py
Betfair/stream/tennis_live/tennis_bot_service.py	Betfair/stream/tennis_live/canale_bot_tennis.py
Betfair/stream/tennis_live/tennis_bot_service.py	Betfair/stream/tennis_live/chiusura_manuale.py
Betfair/stream/tennis_live/tennis_bot_service.py	Betfair/stream/tennis_live/tennis_db.py
Betfair/stream/tennis_live/tennis_bot_service.py	Betfair/stream/tennis_live/tennis_runner.py
Betfair/stream/tennis_live/tennis_bot_service.py	Betfair/stream/uscite_proposte.py
Betfair/stream/tennis_live/tennis_db.py	Betfair/stream/__init__.py
Betfair/stream/tennis_live/tennis_db.py	Betfair/stream/canale_bot.py
Betfair/stream/tennis_live/tennis_db.py	Betfair/stream/db.py
Betfair/stream/tennis_live/tennis_db.py	Betfair/stream/local_channel.py
Betfair/stream/tennis_live/tennis_db.py	Betfair/stream/net_retry.py
Betfair/stream/tennis_live/tennis_db.py	Betfair/stream/tennis_live/canale_bot_tennis.py
Betfair/stream/tennis_live/tennis_db.py	config.py
Betfair/stream/tennis_live/tennis_live_order_worker.py	Betfair/stream/__init__.py
Betfair/stream/tennis_live/tennis_live_order_worker.py	Betfair/stream/live_order_build.py
Betfair/stream/tennis_live/tennis_live_order_worker.py	Betfair/stream/live_order_worker.py
Betfair/stream/tennis_live/tennis_live_order_worker.py	Betfair/stream/local_channel.py
Betfair/stream/tennis_live/tennis_live_order_worker.py	Betfair/stream/modo_ordini.py
Betfair/stream/tennis_live/tennis_live_order_worker.py	Betfair/stream/tempi_ordine.py
Betfair/stream/tennis_live/tennis_live_order_worker.py	Betfair/stream/tennis_live/__init__.py
Betfair/stream/tennis_live/tennis_live_order_worker.py	Betfair/stream/tennis_live/chiusura_manuale.py
Betfair/stream/tennis_live/tennis_live_order_worker.py	Betfair/stream/tennis_live/guardie_tennis.py
Betfair/stream/tennis_live/tennis_live_order_worker.py	Betfair/stream/tennis_live/tennis_db.py
Betfair/stream/tennis_live/tennis_live_order_worker.py	Betfair/stream/tennis_scalper/condotta_ordini.py
Betfair/stream/tennis_live/tennis_live_order_worker.py	Betfair/stream/trading/__init__.py
Betfair/stream/tennis_live/tennis_live_order_worker.py	Betfair/stream/trading/greenup.py
Betfair/stream/tennis_live/tennis_live_order_worker.py	Betfair/stream/trading/minimi_it.py
Betfair/stream/tennis_live/tennis_live_order_worker.py	Betfair/stream/trading/stato_mercato.py
Betfair/stream/tennis_live/tennis_recorder.py	Betfair/stream/runner_lifecycle.py
Betfair/stream/tennis_live/tennis_recorder.py	Betfair/stream/tennis_live/mercati_registrati.py
Betfair/stream/tennis_live/tennis_recorder.py	Betfair/stream/tennis_replay/caricamento.py
Betfair/stream/tennis_live/tennis_recorder.py	Betfair/stream/tennis_replay/convertitore.py
Betfair/stream/tennis_live/tennis_runner.py	Betfair/stream/__init__.py
Betfair/stream/tennis_live/tennis_runner.py	Betfair/stream/arresto_ordinato.py
Betfair/stream/tennis_live/tennis_runner.py	Betfair/stream/auth.py
Betfair/stream/tennis_live/tennis_runner.py	Betfair/stream/avvio_app.py
Betfair/stream/tennis_live/tennis_runner.py	Betfair/stream/board_worker.py
Betfair/stream/tennis_live/tennis_runner.py	Betfair/stream/canale_bot.py
Betfair/stream/tennis_live/tennis_runner.py	Betfair/stream/config_stream.py
Betfair/stream/tennis_live/tennis_runner.py	Betfair/stream/db.py
Betfair/stream/tennis_live/tennis_runner.py	Betfair/stream/ladder_canale.py
Betfair/stream/tennis_live/tennis_runner.py	Betfair/stream/local_channel.py
Betfair/stream/tennis_live/tennis_runner.py	Betfair/stream/modo_ordini.py
Betfair/stream/tennis_live/tennis_runner.py	Betfair/stream/recorder.py
Betfair/stream/tennis_live/tennis_runner.py	Betfair/stream/runner_lifecycle.py
Betfair/stream/tennis_live/tennis_runner.py	Betfair/stream/saldo_evento.py
Betfair/stream/tennis_live/tennis_runner.py	Betfair/stream/scores/betfair_inplay.py
Betfair/stream/tennis_live/tennis_runner.py	Betfair/stream/scores/scan_feed.py
Betfair/stream/tennis_live/tennis_runner.py	Betfair/stream/single_instance.py
Betfair/stream/tennis_live/tennis_runner.py	Betfair/stream/stream_muto.py
Betfair/stream/tennis_live/tennis_runner.py	Betfair/stream/tennis_live/__init__.py
Betfair/stream/tennis_live/tennis_runner.py	Betfair/stream/tennis_live/auto_mode.py
Betfair/stream/tennis_live/tennis_runner.py	Betfair/stream/tennis_live/canale_bot_tennis.py
Betfair/stream/tennis_live/tennis_runner.py	Betfair/stream/tennis_live/chiusura_manuale.py
Betfair/stream/tennis_live/tennis_runner.py	Betfair/stream/tennis_live/esecutore_tennis.py
Betfair/stream/tennis_live/tennis_runner.py	Betfair/stream/tennis_live/guardie_tennis.py
Betfair/stream/tennis_live/tennis_runner.py	Betfair/stream/tennis_live/iscrizione_a_caldo.py
Betfair/stream/tennis_live/tennis_runner.py	Betfair/stream/tennis_live/mercati_registrati.py
Betfair/stream/tennis_live/tennis_runner.py	Betfair/stream/tennis_live/paper_execution.py
Betfair/stream/tennis_live/tennis_runner.py	Betfair/stream/tennis_live/tennis_bot_service.py
Betfair/stream/tennis_live/tennis_runner.py	Betfair/stream/tennis_live/tennis_db.py
Betfair/stream/tennis_live/tennis_runner.py	Betfair/stream/tennis_live/tennis_live_order_worker.py
Betfair/stream/tennis_live/tennis_runner.py	Betfair/stream/tennis_live/tennis_recorder.py
Betfair/stream/tennis_live/tennis_runner.py	Betfair/stream/tennis_scalper/__init__.py
Betfair/stream/tennis_live/tennis_runner.py	Betfair/stream/tennis_scalper/run_tennis_scalper.py
Betfair/stream/tennis_live/tennis_runner.py	Betfair/stream/tennis_scalper/superficie.py
Betfair/stream/tennis_live/tennis_runner.py	Betfair/stream/tennis_scalper/tennis_flb_bot.py
Betfair/stream/tennis_live/tennis_runner.py	Betfair/stream/tennis_scalper/tennis_pro_bot.py
Betfair/stream/tennis_live/tennis_runner.py	Betfair/stream/tennis_scalper/tennis_scalper_bot.py
Betfair/stream/tennis_live/tennis_runner.py	Betfair/stream/tennis_scalper/tennis_score.py
Betfair/stream/tennis_live/tennis_runner.py	Betfair/stream/tennis_scalper/tennis_swing_bot.py
Betfair/stream/tennis_live/tennis_runner.py	Betfair/stream/tennis_scalper/tennis_winprob.py
Betfair/stream/tennis_live/tennis_runner.py	Betfair/stream/uscite_proposte.py
Betfair/stream/tennis_live/tennis_runner.py	Betfair/stream/valuta.py
Betfair/stream/tennis_live/tools/replay_bot.py	Betfair/stream/__init__.py
Betfair/stream/tennis_live/tools/replay_bot.py	Betfair/stream/backtest/__init__.py
Betfair/stream/tennis_live/tools/replay_bot.py	Betfair/stream/backtest/banco_comune.py
Betfair/stream/tennis_live/tools/replay_bot.py	Betfair/stream/backtest/chiusura_parziale.py
Betfair/stream/tennis_live/tools/replay_bot.py	Betfair/stream/backtest/minimi_banco.py
Betfair/stream/tennis_live/tools/replay_bot.py	Betfair/stream/backtest/porta_banco.py
Betfair/stream/tennis_live/tools/replay_bot.py	Betfair/stream/backtest/uscite_manuali.py
Betfair/stream/tennis_live/tools/replay_bot.py	Betfair/stream/backtest/varianti_bot.py
Betfair/stream/tennis_live/tools/replay_bot.py	Betfair/stream/modo_ordini.py
Betfair/stream/tennis_live/tools/replay_bot.py	Betfair/stream/tennis_live/__init__.py
Betfair/stream/tennis_live/tools/replay_bot.py	Betfair/stream/tennis_live/certificazione_bot.py
Betfair/stream/tennis_live/tools/replay_bot.py	Betfair/stream/tennis_live/chiusura_manuale.py
Betfair/stream/tennis_live/tools/replay_bot.py	Betfair/stream/tennis_live/guardie_tennis.py
Betfair/stream/tennis_live/tools/replay_bot.py	Betfair/stream/tennis_live/tennis_live_order_worker.py
Betfair/stream/tennis_live/tools/replay_bot.py	Betfair/stream/tennis_live/tennis_recorder.py
Betfair/stream/tennis_live/tools/replay_bot.py	Betfair/stream/tennis_live/tennis_runner.py
Betfair/stream/tennis_live/tools/replay_bot.py	Betfair/stream/tennis_scalper/tennis_score.py
Betfair/stream/tennis_live/tools/replay_bot.py	Betfair/stream/tools/validate_recordings.py
Betfair/stream/tennis_live/tools/replay_bot.py	Betfair/stream/trading/__init__.py
Betfair/stream/tennis_live/tools/replay_bot.py	Betfair/stream/trading/minimi_it.py
Betfair/stream/tennis_replay/caricamento.py	Betfair/stream/__init__.py
Betfair/stream/tennis_replay/caricamento.py	Betfair/stream/db.py
Betfair/stream/tennis_replay/caricamento.py	Betfair/stream/tennis_replay/convertitore.py
Betfair/stream/tennis_replay/caricamento.py	db_client.py
Betfair/stream/tennis_replay/convertitore.py	Betfair/stream/config_stream.py
Betfair/stream/tennis_replay/convertitore.py	Betfair/stream/curator.py
Betfair/stream/tennis_replay/convertitore.py	Betfair/stream/recorder.py
Betfair/stream/tennis_replay/convertitore.py	Betfair/stream/tennis_live/tennis_runner.py
Betfair/stream/tennis_replay/convertitore.py	Betfair/stream/tennis_scalper/tennis_score.py
Betfair/stream/tennis_replay/importa.py	Betfair/stream/tennis_replay/caricamento.py
Betfair/stream/tennis_replay/importa.py	Betfair/stream/tennis_replay/convertitore.py
Betfair/stream/tennis_replay/importa.py	db_client.py
Betfair/stream/tennis_scalper/backtest_pro.py	Betfair/stream/auth.py
Betfair/stream/tennis_scalper/backtest_pro.py	Betfair/stream/tennis_scalper/tennis_pro_bot.py
Betfair/stream/tennis_scalper/backtest_pro.py	Betfair/stream/tennis_scalper/tennis_score.py
Betfair/stream/tennis_scalper/condotta_ordini.py	Betfair/stream/live_order_build.py
Betfair/stream/tennis_scalper/condotta_ordini.py	Betfair/stream/trading/freno_rifiuti.py
Betfair/stream/tennis_scalper/condotta_ordini.py	Betfair/stream/trading/minimi_it.py
Betfair/stream/tennis_scalper/condotta_ordini.py	Betfair/stream/trading/submin.py
Betfair/stream/tennis_scalper/flb_backtest.py	Betfair/stream/tennis_scalper/tennis_flb_bot.py
Betfair/stream/tennis_scalper/flb_backtest.py	Betfair/stream/tennis_scalper/tennis_swing_bot.py
Betfair/stream/tennis_scalper/flb_backtest.py	Betfair/stream/tools/validate_recordings.py
Betfair/stream/tennis_scalper/record_multi.py	Betfair/stream/auth.py
Betfair/stream/tennis_scalper/record_multi.py	Betfair/stream/tennis_scalper/tennis_score.py
Betfair/stream/tennis_scalper/record_tennis.py	Betfair/stream/auth.py
Betfair/stream/tennis_scalper/record_tennis.py	Betfair/stream/recorder.py
Betfair/stream/tennis_scalper/research_data.py	Betfair/stream/auth.py
Betfair/stream/tennis_scalper/run_tennis_pro.py	Betfair/stream/auth.py
Betfair/stream/tennis_scalper/run_tennis_pro.py	Betfair/stream/raw_listener.py
Betfair/stream/tennis_scalper/run_tennis_pro.py	Betfair/stream/tennis_scalper/tennis_pro_bot.py
Betfair/stream/tennis_scalper/run_tennis_pro.py	Betfair/stream/tennis_scalper/tennis_score.py
Betfair/stream/tennis_scalper/run_tennis_scalper.py	Betfair/stream/auth.py
Betfair/stream/tennis_scalper/run_tennis_scalper.py	Betfair/stream/raw_listener.py
Betfair/stream/tennis_scalper/run_tennis_scalper.py	Betfair/stream/tennis_scalper/tennis_scalper_bot.py
Betfair/stream/tennis_scalper/run_tennis_scalper.py	Betfair/stream/tennis_scalper/tennis_score.py
Betfair/stream/tennis_scalper/tennis_flb_bot.py	Betfair/stream/tennis_scalper/condotta_ordini.py
Betfair/stream/tennis_scalper/tennis_flb_bot.py	Betfair/stream/tennis_scalper/tennis_scalper_bot.py
Betfair/stream/tennis_scalper/tennis_flb_bot.py	Betfair/stream/trading/stato_mercato.py
Betfair/stream/tennis_scalper/tennis_flb_bot.py	Betfair/stream/uscite_proposte.py
Betfair/stream/tennis_scalper/tennis_pro_bot.py	Betfair/stream/tennis_scalper/condotta_ordini.py
Betfair/stream/tennis_scalper/tennis_pro_bot.py	Betfair/stream/tennis_scalper/tennis_scalper_bot.py
Betfair/stream/tennis_scalper/tennis_pro_bot.py	Betfair/stream/tennis_scalper/tennis_score.py
Betfair/stream/tennis_scalper/tennis_pro_bot.py	Betfair/stream/trading/stato_mercato.py
Betfair/stream/tennis_scalper/tennis_pro_bot.py	Betfair/stream/uscite_proposte.py
Betfair/stream/tennis_scalper/tennis_scalper_bot.py	Betfair/stream/live_order_build.py
Betfair/stream/tennis_scalper/tennis_scalper_bot.py	Betfair/stream/tennis_scalper/condotta_ordini.py
Betfair/stream/tennis_scalper/tennis_scalper_bot.py	Betfair/stream/trading/minimi_it.py
Betfair/stream/tennis_scalper/tennis_scalper_bot.py	Betfair/stream/trading/stato_mercato.py
Betfair/stream/tennis_scalper/tennis_scalper_bot.py	Betfair/stream/trading/submin.py
Betfair/stream/tennis_scalper/tennis_scalper_bot.py	Betfair/stream/uscite_proposte.py
Betfair/stream/tennis_scalper/tennis_swing_bot.py	Betfair/stream/tennis_scalper/condotta_ordini.py
Betfair/stream/tennis_scalper/tennis_swing_bot.py	Betfair/stream/tennis_scalper/tennis_scalper_bot.py
Betfair/stream/tennis_scalper/tennis_swing_bot.py	Betfair/stream/trading/stato_mercato.py
Betfair/stream/tennis_scalper/tennis_swing_bot.py	Betfair/stream/uscite_proposte.py
Betfair/stream/tennis_scalper/tune_tennis.py	Betfair/stream/tennis_scalper/tennis_scalper_bot.py
Betfair/stream/tennis_scalper/tune_tennis.py	Betfair/stream/tools/validate_recordings.py
Betfair/stream/tools/validate_recordings.py	Betfair/stream/config_stream.py
Betfair/stream/trading/controls.py	Betfair/stream/__init__.py
Betfair/stream/trading/controls.py	Betfair/stream/config_stream.py
Betfair/stream/trading/controls.py	db_client.py
Betfair/stream/trading/daily_pnl.py	Betfair/stream/trading/risk_engine.py
Betfair/stream/trading/hedging.py	Betfair/stream/trading/greenup.py
Betfair/stream/trading/submin.py	Betfair/stream/live_order_build.py
Betfair/stream/trading/submin.py	Betfair/stream/trading/__init__.py
Betfair/stream/trading/submin.py	Betfair/stream/trading/minimi_it.py
Betfair/stream/trading/submin.py	Betfair/stream/trading/stato_mercato.py
Betfair/stream/uploader.py	Betfair/stream/__init__.py
Betfair/stream/uploader.py	Betfair/stream/config_stream.py
Betfair/stream/uploader.py	Betfair/stream/curator.py
Betfair/stream/uploader.py	Betfair/stream/db.py
Betfair/stream/uploader.py	db_client.py
Betfair/stream/valuta.py	Betfair/stream/__init__.py
Betfair/stream/valuta.py	Betfair/stream/config_stream.py
Betfair/stream/valuta.py	Betfair/stream/db.py
Betfair/stream/watchdog.py	Betfair/stream/__init__.py
Betfair/stream/watchdog.py	Betfair/stream/db.py
Betfair/stream/watchdog.py	Betfair/stream/runner_lifecycle.py
Betfair/stream/watchlist.py	Betfair/betfair_match.py
Betfair/stream/watchlist.py	Betfair/stream/__init__.py
Betfair/stream/watchlist.py	Betfair/stream/db.py
Betfair/stream/watchlist.py	db_client.py
Betfair/stream/xhedge_worker.py	Betfair/stream/__init__.py
Betfair/stream/xhedge_worker.py	Betfair/stream/canale_bot.py
Betfair/stream/xhedge_worker.py	Betfair/stream/live_order_worker.py
Betfair/stream/xhedge_worker.py	Betfair/stream/trading/__init__.py
Betfair/stream/xhedge_worker.py	Betfair/stream/trading/xhedge.py
Betfair/stream/xhedge_worker.py	db_client.py
Betfair/tools/genera_tabella_75_2026_09_14.py	Betfair/tools/_genera_tabella_75.py
Betfair/tools/scostamento_fischio_2026_09_13.py	Betfair/mike/__init__.py
Betfair/tools/scostamento_fischio_2026_09_13.py	Betfair/mike/engine.py
Betfair/tools/test_verifica_margine_2026_09_12.py	Betfair/__init__.py
Betfair/tools/test_verifica_margine_2026_09_12.py	Betfair/tools/verifica_margine_2026_09_12.py
Betfair/tools/verifica_pnl_2026_09_12.py	Betfair/mike/__init__.py
Betfair/tools/verifica_pnl_2026_09_12.py	Betfair/mike/db.py
Betfair/tools/verifica_pnl_2026_09_12.py	Betfair/omega/__init__.py
Betfair/tools/verifica_pnl_2026_09_12.py	Betfair/omega/omega_engine.py
Betfair/tools/verifica_pnl_2026_09_12.py	Betfair/safe_strategy/__init__.py
Betfair/tools/verifica_pnl_2026_09_12.py	Betfair/safe_strategy/bot_db.py
Prediction/analyze_sweet_spot.py	db_client.py
Prediction/backfill_historical_analysis.py	Prediction/today_predictions_backfill.py
Prediction/backfill_historical_analysis.py	db_client.py
Prediction/predictions_results_backfill.py	db_client.py
Prediction/today_predictions_backfill.py	Ai Engine/ai_engine/serving_batch.py
Prediction/today_predictions_backfill.py	api_client.py
Prediction/today_predictions_backfill.py	db_client.py
Prediction/today_predictions_backfill.py	logger.py
Prediction/today_predictions_backfill.py	poisson_calibrator.py
Prediction/today_predictions_backfill.py	tactical_engine/serving.py
_certify_betfair.py	db_client.py
_certify_betfair_full.py	db_client.py
_certify_delay_context.py	db_client.py
_certify_direction.py	build_analytics_signals.py
_certify_direction.py	db_client.py
_certify_direction_report.py	analytics_settlement.py
_certify_direction_report.py	db_client.py
_certify_personal_report.py	db_client.py
_certify_signal_context.py	db_client.py
_league_eval.py	db_client.py
_stack_eval.py	db_client.py
admin_reset_password.py	config.py
aggiorna_mm_sheets.py	Betfair/money_management.py
aggiorna_mm_sheets.py	config.py
aggiorna_solo_fogli.py	Betfair/money_management.py
aggiorna_solo_fogli.py	config.py
analytics_market_stats.py	analytics_settlement.py
api_client.py	config.py
api_client.py	logger.py
api_quota.py	logger.py
backfill_poisson_calibrated.py	db_client.py
backfill_poisson_calibrated.py	poisson_calibrator.py
betfair_full_odds.py	Betfair/betfair_match.py
betfair_full_odds.py	Betfair/client.py
betfair_full_odds.py	db_client.py
betfair_tennis_odds.py	Betfair/client.py
betfair_tennis_odds.py	Betfair/stream/single_instance.py
betfair_tennis_odds.py	db_client.py
build_analytics_signals.py	analytics_settlement.py
build_analytics_signals.py	db_client.py
build_direzione.py	db_client.py
build_inplay_intensity.py	db_client.py
calibration_analysis.py	db_client.py
certify_backtest_strategy.py	db_client.py
cleanup_models.py	db_client.py
cloud_retrain_shard.py	retrain_all_leagues.py
cloud_retrain_shard.py	training_planner.py
compute_ml_post_calibration.py	db_client.py
daily_yesterday_backfill.py	api_client.py
daily_yesterday_backfill.py	db_client.py
daily_yesterday_backfill.py	fixtures_backfill.py
daily_yesterday_backfill.py	per_fixture_backfill.py
daily_yesterday_backfill.py	season_gaps.py
db_client.py	config.py
direzione.py	db_client.py
enrich_analytics_snapshots.py	analytics_market_stats.py
enrich_analytics_snapshots.py	db_client.py
fix_storico_prob.py	build_analytics_signals.py
fix_storico_prob.py	db_client.py
fixtures_backfill.py	api_client.py
fixtures_backfill.py	db_client.py
football_data_scraper/backfill.py	db_client.py
football_data_scraper/backfill.py	football_data_scraper/csv_downloader.py
football_data_scraper/backfill.py	football_data_scraper/fixture_matcher.py
football_data_scraper/backfill.py	football_data_scraper/league_mapping.py
football_data_scraper/backfill.py	football_data_scraper/odds_column_map.py
football_data_scraper/csv_downloader.py	football_data_scraper/league_mapping.py
football_data_scraper/fix_snapshot_time.py	config.py
football_data_scraper/fixture_matcher.py	db_client.py
generate_dc_rho.py	Prediction/today_predictions_backfill.py
generate_dc_rho.py	master_backtest.py
generate_dynamic_cal.py	db_client.py
generate_dynamic_cal.py	master_backtest.py
import_betfair_operations.py	Betfair/betfair_match.py
import_betfair_operations.py	Betfair/client.py
import_betfair_operations.py	db_client.py
injuries_backfill.py	api_client.py
injuries_backfill.py	db_client.py
injuries_backfill.py	db_delete_retry.py
injuries_backfill.py	logger.py
laboratorio/scalper_lab/__init__.py	laboratorio/scalper_lab/scalper_bot_base.py
laboratorio/scalper_lab/bt_lab.py	Betfair/stream/tools/validate_recordings.py
laboratorio/scalper_lab/bt_lab.py	laboratorio/scalper_lab/scalper_bot_base.py
laboratorio/scalper_lab/bt_theta.py	Betfair/stream/scalper/scalper_bot.py
laboratorio/scalper_lab/bt_theta.py	Betfair/stream/tools/validate_recordings.py
laboratorio/scalper_lab/bt_theta.py	laboratorio/scalper_lab/theta_strategy.py
laboratorio/scalper_lab/exp_families.py	laboratorio/scalper_lab/bt_lab.py
laboratorio/scalper_lab/grid_strategy.py	Betfair/stream/scalper/scalper_bot.py
laboratorio/scalper_lab/rdloop.py	laboratorio/scalper_lab/bt_lab.py
laboratorio/scalper_lab/scalper_bot_base.py	Betfair/stream/live_order_build.py
laboratorio/scalper_lab/scalper_bot_base.py	Betfair/stream/trading/submin.py
laboratorio/scalper_lab/theta_strategy.py	Betfair/stream/scalper/scalper_bot.py
laboratorio/scalper_lab/validate_synth.py	laboratorio/scalper_lab/__init__.py
laboratorio/scalper_lab/validate_synth.py	laboratorio/scalper_lab/bt_lab.py
laboratorio/scalper_lab/validate_synth.py	laboratorio/scalper_lab/synth_raw.py
laboratorio/tennis_lab/lab_grid.py	Betfair/stream/tools/validate_recordings.py
laboratorio/tennis_lab/lab_grid.py	laboratorio/tennis_lab/tennis_lab.py
laboratorio/tennis_lab/lab_grid_score.py	Betfair/stream/auth.py
laboratorio/tennis_lab/lab_grid_score.py	Betfair/stream/tennis_scalper/tennis_score.py
laboratorio/tennis_lab/lab_grid_score.py	Betfair/stream/tools/validate_recordings.py
laboratorio/tennis_lab/lab_grid_score.py	laboratorio/tennis_lab/tennis_lab_score.py
laboratorio/tennis_lab/tennis_lab.py	Betfair/stream/tennis_scalper/tennis_scalper_bot.py
laboratorio/tennis_lab/tennis_lab_score.py	Betfair/stream/tennis_scalper/tennis_score.py
laboratorio/tennis_lab/tennis_lab_score.py	Betfair/stream/tennis_scalper/tennis_winprob.py
laboratorio/tennis_lab/tennis_lab_score.py	laboratorio/tennis_lab/tennis_lab.py
laboratorio/tennis_lab/validate.py	Betfair/stream/tennis_scalper/tennis_swing_bot.py
laboratorio/tennis_lab/validate.py	Betfair/stream/tools/validate_recordings.py
laboratorio/tennis_lab/validate.py	laboratorio/tennis_lab/__init__.py
laboratorio/tennis_lab/validate.py	laboratorio/tennis_lab/lab_grid.py
laboratorio/tennis_lab/validate.py	laboratorio/tennis_lab/lab_grid_score.py
laboratorio/tennis_lab/validate.py	laboratorio/tennis_lab/tennis_lab.py
league_orchestrator.py	api_client.py
league_orchestrator.py	api_quota.py
league_orchestrator.py	config.py
league_orchestrator.py	db_client.py
league_orchestrator.py	season_aggregates.py
league_orchestrator.py	season_backfill.py
league_orchestrator.py	season_gaps.py
league_orchestrator.py	seasons_catchup.py
leagues_mapper.py	api_client.py
leagues_mapper.py	db_client.py
load_poisson_calibration_to_db.py	db_client.py
logger.py	db_client.py
market_intelligence/__init__.py	market_intelligence/audit.py
market_intelligence/__init__.py	market_intelligence/calibration.py
market_intelligence/__init__.py	market_intelligence/edge_scorer.py
market_intelligence/__init__.py	market_intelligence/signals.py
market_intelligence/audit.py	db_client.py
market_intelligence/audit.py	market_intelligence/mi_config.py
market_intelligence/backtest.py	db_client.py
market_intelligence/backtest_audit.py	db_client.py
market_intelligence/calibration.py	db_client.py
market_intelligence/calibration.py	market_intelligence/mi_config.py
market_intelligence/edge_scorer.py	db_client.py
market_intelligence/edge_scorer.py	market_intelligence/mi_config.py
market_intelligence/pipeline.py	db_client.py
market_intelligence/pipeline.py	market_intelligence/audit.py
market_intelligence/pipeline.py	market_intelligence/calibration.py
market_intelligence/pipeline.py	market_intelligence/edge_scorer.py
market_intelligence/pipeline.py	market_intelligence/mi_config.py
market_intelligence/pipeline.py	market_intelligence/signals.py
market_intelligence/signals.py	db_client.py
market_intelligence/signals.py	market_intelligence/mi_config.py
master_backtest.py	db_client.py
merge_engine_signals.py	analytics_settlement.py
merge_engine_signals.py	db_client.py
migrations/backfill_engine_signals.py	Betfair/reject_categories.py
migrations/backfill_engine_signals.py	db_client.py
missing_fixtures_backfill.py	api_client.py
missing_fixtures_backfill.py	db_client.py
missing_fixtures_backfill.py	per_fixture_backfill.py
per_fixture_backfill.py	api_client.py
per_fixture_backfill.py	db_client.py
per_fixture_backfill.py	logger.py
per_fixture_backfill.py	season_gaps.py
poisson_calibrator.py	db_client.py
refresh_analytics_bets.py	db_client.py
refresh_dashboard.py	Betfair/money_management.py
refresh_dashboard.py	config.py
reset_ai_models.py	db_client.py
retrain_all_leagues.py	Ai Engine/ai_engine/seriea_model_export.py
retrain_all_leagues.py	db_client.py
sanity_check.py	db_client.py
season_aggregates.py	db_delete_retry.py
season_aggregates.py	injuries_backfill.py
season_aggregates.py	per_fixture_backfill.py
season_aggregates.py	season_gaps.py
season_aggregates.py	standings_backfill.py
season_aggregates.py	top_assists_backfill.py
season_aggregates.py	top_cards_backfill.py
season_aggregates.py	top_scorers_backfill.py
season_backfill.py	fixtures_backfill.py
season_backfill.py	per_fixture_backfill.py
season_backfill.py	season_aggregates.py
season_backfill.py	season_gaps.py
season_gaps.py	db_client.py
seasons_catchup.py	api_client.py
seasons_catchup.py	api_quota.py
seasons_catchup.py	config.py
seasons_catchup.py	db_client.py
seasons_catchup.py	per_fixture_backfill.py
seasons_catchup.py	season_aggregates.py
seasons_catchup.py	season_backfill.py
seasons_catchup.py	season_gaps.py
seasons_catchup.py	training_planner.py
sql/_build_wc_xlsx_2013.py	sql/_cert_wc_compare.py
sql/_cert_wc_compare.py	db_client.py
sql/_cert_wc_fetch.py	db_client.py
sql/_cert_wc_full.py	db_client.py
sql/_cert_wc_full.py	sql/_cert_wc_compare.py
standings_backfill.py	api_client.py
standings_backfill.py	db_client.py
standings_backfill.py	db_delete_retry.py
standings_backfill.py	logger.py
start_order_server.py	Betfair/order_worker.py
start_order_server.py	Betfair/refresh_worker.py
start_order_server.py	Betfair/stream/odds_http.py
tactical_engine/_check_fixpred.py	db_client.py
tactical_engine/_inspect_mismatch.py	db_client.py
tactical_engine/_verify_data_worldcup.py	db_client.py
tactical_engine/data_loader.py	db_client.py
tactical_engine/data_loader.py	tactical_engine/dixon_coles.py
tactical_engine/data_loader.py	tactical_engine/model.py
tactical_engine/generate_predictions.py	db_client.py
tactical_engine/generate_predictions.py	tactical_engine/dixon_coles.py
tactical_engine/generate_predictions.py	tactical_engine/model.py
tactical_engine/model.py	tactical_engine/dixon_coles.py
tactical_engine/run_daily.py	tactical_engine/serving.py
tactical_engine/run_worldcup.py	tactical_engine/data_loader.py
tactical_engine/run_worldcup.py	tactical_engine/model.py
tactical_engine/run_worldcup.py	tactical_engine/report.py
tactical_engine/serving.py	db_client.py
tactical_engine/serving.py	tactical_engine/dixon_coles.py
tactical_engine/serving.py	tactical_engine/model.py
tactical_engine/tools/verifica_payload_tacticai.py	db_client.py
tactical_engine/tools/verifica_payload_tacticai.py	tactical_engine/__init__.py
tactical_engine/tools/verifica_payload_tacticai.py	tactical_engine/dixon_coles.py
tactical_engine/tools/verifica_payload_tacticai.py	tactical_engine/model.py
tactical_engine/tools/verifica_payload_tacticai.py	tactical_engine/serving.py
test.py	config.py
tmp_predict_today.py	Ai Engine/ai_engine/predict_fixture.py
tmp_smoke_ml_fixes.py	Ai Engine/ai_engine/__init__.py
tmp_smoke_ml_fixes.py	Ai Engine/ai_engine/ensemble_trainer.py
tmp_smoke_ml_fixes.py	Ai Engine/ai_engine/seriea_model_export.py
tmp_smoke_ml_fixes.py	Ai Engine/ai_engine/targets.py
tmp_smoke_poisson_fixes.py	Prediction/today_predictions_backfill.py
tmp_smoke_stack.py	Ai Engine/ai_engine/ensemble_trainer.py
tmp_today_predictions.py	Ai Engine/ai_engine/predict_fixture.py
tmp_today_predictions.py	config.py
tmp_train_today.py	Ai Engine/ai_engine/seriea_model_export.py
tmp_validate_league.py	Ai Engine/ai_engine/seriea_model_export.py
tmp_validate_predict.py	Ai Engine/ai_engine/db_adapter.py
tmp_validate_predict.py	Ai Engine/ai_engine/ensemble_trainer.py
tmp_validate_predict.py	Ai Engine/ai_engine/training_dataset.py
tools/omega_validate_models.py	Betfair/omega/__init__.py
tools/omega_validate_models.py	Betfair/omega/omega_empirical.py
tools/omega_validate_models.py	Betfair/omega/omega_model.py
tools/omega_validate_models.py	Betfair/omega/omega_validate.py
tools/omega_validate_models.py	db_client.py
tools/omega_watch.py	Betfair/omega/__init__.py
tools/omega_watch.py	Betfair/omega/omega_db.py
tools/replay_barra_fixture.py	Betfair/stream/curator.py
top_assists_backfill.py	api_client.py
top_assists_backfill.py	db_client.py
top_assists_backfill.py	db_delete_retry.py
top_assists_backfill.py	logger.py
top_cards_backfill.py	api_client.py
top_cards_backfill.py	db_client.py
top_cards_backfill.py	db_delete_retry.py
top_cards_backfill.py	logger.py
top_scorers_backfill.py	api_client.py
top_scorers_backfill.py	db_client.py
top_scorers_backfill.py	db_delete_retry.py
top_scorers_backfill.py	logger.py
training_planner.py	db_client.py
update_dashboard_only.py	Betfair/money_management.py
update_dashboard_only.py	config.py
update_poisson_calibration.py	db_client.py
update_poisson_calibration.py	master_backtest.py
valida_ventaglio.py	ventaglio_segnali.py
validate_walkforward.py	Ai Engine/ai_engine/db_adapter.py
validate_walkforward.py	Ai Engine/ai_engine/training_dataset.py
value_engine/__init__.py	value_engine/markets.py
value_engine/__init__.py	value_engine/pricing.py
value_engine/calibrate.py	db_client.py
value_engine/cli.py	value_engine/__init__.py
value_engine/cli.py	value_engine/devig.py
value_engine/cli.py	value_engine/goal_timing.py
value_engine/cli.py	value_engine/markets.py
value_engine/cli.py	value_engine/pricing.py
value_engine/generate_battery.py	value_engine/__init__.py
value_engine/generate_battery.py	value_engine/bivariate.py
value_engine/generate_battery.py	value_engine/devig.py
value_engine/generate_battery.py	value_engine/goal_timing.py
value_engine/generate_battery.py	value_engine/markets.py
value_engine/generate_battery.py	value_engine/pricing.py
value_engine/markets.py	value_engine/__init__.py
value_engine/markets.py	value_engine/bivariate.py
value_engine/markets.py	value_engine/poisson_total.py
